{
"type": "FeatureCollection",
"name": "lakes",
"crs": { "type": "name", "properties": { "name": "urn:ogc:def:crs:OGC:1.3:CRS84" } },
"features": [
{ "type": "Feature", "properties": { "ISO": "IND", "COUNTRY": "India", "F_CODE_DES": "Inland Water", "HYC_DESCRI": "Perennial/Permanent", "NAME": "UNK" }, "geometry": { "type": "Polygon", "coordinates": [ [ [ 74.81933545779134, 34.537109006644641 ], [ 74.813079457785534, 34.535500006643133 ], [ 74.808364457780954, 34.537167006644722 ], [ 74.813140457785494, 34.541000006648346 ], [ 74.819664457791532, 34.542416006649546 ], [ 74.822219457794063, 34.539391006646838 ], [ 74.81933545779134, 34.537109006644641 ] ] ] } },
{ "type": "Feature", "properties": { "ISO": "IND", "COUNTRY": "India", "F_CODE_DES": "Inland Water", "HYC_DESCRI": "Perennial/Permanent", "NAME": "UNK" }, "geometry": { "type": "Polygon", "coordinates": [ [ [ 74.921249457886233, 34.494362006604888 ], [ 74.919113457884123, 34.492554006603086 ], [ 74.912056457877725, 34.494499006604883 ], [ 74.907859457873656, 34.499138006609428 ], [ 74.910141457875852, 34.502640006612637 ], [ 74.918640457883839, 34.498444006608679 ], [ 74.921249457886233, 34.494362006604888 ] ] ] } },
{ "type": "Feature", "properties": { "ISO": "IND", "COUNTRY": "India", "F_CODE_DES": "Inland Water", "HYC_DESCRI": "Perennial/Permanent", "NAME": "UNK" }, "geometry": { "type": "Polygon", "coordinates": [ [ [ 74.928970457893456, 34.434723006549348 ], [ 74.925552457890262, 34.432835006547521 ], [ 74.909858457875544, 34.43772100655201 ], [ 74.907081457872891, 34.440750006554936 ], [ 74.907386457873372, 34.443085006557112 ], [ 74.909530457875235, 34.445110006558934 ], [ 74.913391457878788, 34.444668006558686 ], [ 74.918640457883839, 34.439667006553918 ], [ 74.926475457891001, 34.437332006551742 ], [ 74.928970457893456, 34.434723006549348 ] ] ] } },
{ "type": "Feature", "properties": { "ISO": "IND", "COUNTRY": "India", "F_CODE_DES": "Inland Water", "HYC_DESCRI": "Perennial/Permanent", "NAME": "WULAR LAKE" }, "geometry": { "type": "Polygon", "coordinates": [ [ [ 74.574997457563768, 34.405472006522132 ], [ 74.580947457569209, 34.401806006518655 ], [ 74.592330457579919, 34.402637006519399 ], [ 74.600944457587957, 34.400166006517111 ], [ 74.608306457594836, 34.400585006517531 ], [ 74.620361457605895, 34.399971006517035 ], [ 74.624275457609656, 34.395557006512945 ], [ 74.627914457613088, 34.385387006503379 ], [ 74.631775457616641, 34.384972006502949 ], [ 74.636863457621303, 34.382084006500236 ], [ 74.641471457625585, 34.381695006499967 ], [ 74.646057457629922, 34.391056006508734 ], [ 74.650779457634371, 34.395748006513031 ], [ 74.654693457637904, 34.394695006511938 ], [ 74.655861457639048, 34.394054006511396 ], [ 74.663498457646028, 34.389889006507474 ], [ 74.664833457647319, 34.386166006504027 ], [ 74.664024457646519, 34.370888006489849 ], [ 74.660583457643497, 34.366280006485567 ], [ 74.658470457641442, 34.357472006477337 ], [ 74.650329457633916, 34.357445006477292 ], [ 74.63355245761818, 34.36922100648826 ], [ 74.630722457615548, 34.369694006488771 ], [ 74.624611457609944, 34.365276006484692 ], [ 74.623748457609054, 34.36463900648414 ], [ 74.615837457601856, 34.373890006492729 ], [ 74.613304457599497, 34.376862006495458 ], [ 74.607696457594102, 34.383415006501536 ], [ 74.600028457587086, 34.386585006504447 ], [ 74.594253457581544, 34.38561300650349 ], [ 74.590416457578158, 34.382446006500686 ], [ 74.590057457577814, 34.376804006495377 ], [ 74.589752457577561, 34.372055006490882 ], [ 74.586891457574893, 34.366390006485744 ], [ 74.580719457569103, 34.363945006483391 ], [ 74.575752457564477, 34.365002006484474 ], [ 74.573722457562553, 34.365444006484722 ], [ 74.56375145755328, 34.37186100649069 ], [ 74.558281457548219, 34.373474006492188 ], [ 74.557418457547328, 34.371498006490356 ], [ 74.563026457552496, 34.365833006485218 ], [ 74.567863457556996, 34.360943006480511 ], [ 74.569114457558271, 34.359695006479342 ], [ 74.56741345755654, 34.355862006475945 ], [ 74.562942457552481, 34.345749006466349 ], [ 74.562858457552466, 34.345585006466308 ], [ 74.574691457563404, 34.338222006459546 ], [ 74.56680245755615, 34.309166006432406 ], [ 74.565940457555371, 34.305946006429394 ], [ 74.56375145755328, 34.297863006421949 ], [ 74.560249457550071, 34.293861006418183 ], [ 74.554168457544392, 34.29055400641505 ], [ 74.542892457533753, 34.288223006412863 ], [ 74.534225457525736, 34.288082006412651 ], [ 74.516502457509205, 34.287777006412398 ], [ 74.510582457503688, 34.287666006412337 ], [ 74.509719457503024, 34.28572100641054 ], [ 74.501335457495088, 34.284695006409493 ], [ 74.496635457490811, 34.284111006409148 ], [ 74.483528457478542, 34.285500006410302 ], [ 74.474197457469927, 34.284527006409462 ], [ 74.470642457466511, 34.281277006406526 ], [ 74.464996457461211, 34.276165006401698 ], [ 74.462829457459293, 34.27416600639981 ], [ 74.44233745744009, 34.27255600639819 ], [ 74.432777457431257, 34.262085006388588 ], [ 74.428360457427061, 34.26013900638668 ], [ 74.410636457410646, 34.25869400638544 ], [ 74.405357457405671, 34.245918006373586 ], [ 74.400886457401612, 34.241638006369612 ], [ 74.39466845739571, 34.240002006368059 ], [ 74.385414457387242, 34.228889006357576 ], [ 74.356361457360208, 34.212334006342189 ], [ 74.354835457358604, 34.21147200634141 ], [ 74.349472457353613, 34.210445006340478 ], [ 74.348587457352778, 34.210278006340332 ], [ 74.348114457352494, 34.212582006342473 ], [ 74.368446457371419, 34.225166006354129 ], [ 74.370140457372827, 34.228863006357642 ], [ 74.369277457372164, 34.233250006361686 ], [ 74.371086457373849, 34.235889006364232 ], [ 74.377388457379766, 34.230557006359277 ], [ 74.380302457382413, 34.231998006360527 ], [ 74.377723457379943, 34.241779006369597 ], [ 74.381752457383755, 34.251305006378516 ], [ 74.386329457388001, 34.254112006381092 ], [ 74.389640457391124, 34.254307006381396 ], [ 74.398170457399146, 34.246777006374259 ], [ 74.400192457400863, 34.249832006377119 ], [ 74.400192457400863, 34.258945006385602 ], [ 74.402915457403424, 34.262890006389398 ], [ 74.411972457411821, 34.264057006390431 ], [ 74.42469745742369, 34.264362006390684 ], [ 74.434753457433089, 34.274887006400377 ], [ 74.443496457441142, 34.27508200640068 ], [ 74.453056457450202, 34.275307006400908 ], [ 74.472862457468636, 34.288055006412833 ], [ 74.482803457477758, 34.287888006412686 ], [ 74.493278457487577, 34.287723006412307 ], [ 74.497665457491621, 34.288807006413435 ], [ 74.503501457497123, 34.290222006414751 ], [ 74.508308457501698, 34.293888006418229 ], [ 74.509834457503075, 34.296585006420628 ], [ 74.512725457505667, 34.301750006425436 ], [ 74.512779457505758, 34.30199800642572 ], [ 74.515274457507985, 34.323250006445505 ], [ 74.517913457510531, 34.33122200645289 ], [ 74.524749457516918, 34.338165006459349 ], [ 74.525779457517956, 34.341167006462229 ], [ 74.521751457514029, 34.349609006470018 ], [ 74.522552457514848, 34.352417006472706 ], [ 74.52355145751585, 34.35588800647588 ], [ 74.525169457517222, 34.361416006481022 ], [ 74.526916457518837, 34.367474006486646 ], [ 74.525718457517769, 34.373165006491945 ], [ 74.522636457514864, 34.388168006506021 ], [ 74.526474457518589, 34.39747200651459 ], [ 74.542388457533434, 34.411472006527674 ], [ 74.552864457543137, 34.417362006533267 ], [ 74.562774457552223, 34.417694006533566 ], [ 74.567886457557051, 34.41461200653066 ], [ 74.574997457563768, 34.405472006522132 ] ] ] } },
{ "type": "Feature", "properties": { "ISO": "IND", "COUNTRY": "India", "F_CODE_DES": "Inland Water", "HYC_DESCRI": "Perennial/Permanent", "NAME": "UNK" }, "geometry": { "type": "Polygon", "coordinates": [ [ [ 78.741363461444053, 34.268002006393999 ], [ 78.733390461436557, 34.263195006389651 ], [ 78.723945461427775, 34.264278006390668 ], [ 78.719780461423852, 34.26755500639365 ], [ 78.727531461430999, 34.271305006397142 ], [ 78.734886461438009, 34.271667006397365 ], [ 78.741363461444053, 34.268002006393999 ] ] ] } },
{ "type": "Feature", "properties": { "ISO": "IND", "COUNTRY": "India", "F_CODE_DES": "Inland Water", "HYC_DESCRI": "Perennial/Permanent", "NAME": "UNK" }, "geometry": { "type": "Polygon", "coordinates": [ [ [ 74.524719457516994, 34.227554006356286 ], [ 74.515945457508678, 34.226223006355212 ], [ 74.512557457505636, 34.226776006355749 ], [ 74.509223457502458, 34.22730600635623 ], [ 74.504890457498504, 34.230667006359226 ], [ 74.503082457496703, 34.237110006365356 ], [ 74.511024457504163, 34.254696006381664 ], [ 74.510948457504128, 34.261890006388285 ], [ 74.502586457496363, 34.270500006396333 ], [ 74.506858457500357, 34.271389006397158 ], [ 74.519302457511913, 34.265335006391524 ], [ 74.52625245751824, 34.259609006386199 ], [ 74.527252457519353, 34.258778006385455 ], [ 74.532608457524248, 34.249168006376522 ], [ 74.535835457527355, 34.245277006372817 ], [ 74.541664457532761, 34.238251006366454 ], [ 74.540412457531602, 34.235001006363291 ], [ 74.537055457528368, 34.232498006361084 ], [ 74.524719457516994, 34.227554006356286 ] ] ] } },
{ "type": "Feature", "properties": { "ISO": "IND", "COUNTRY": "India", "F_CODE_DES": "Inland Water", "HYC_DESCRI": "Perennial/Permanent", "NAME": "UNK" }, "geometry": { "type": "Polygon", "coordinates": [ [ [ 74.667579457649936, 34.245277006372817 ], [ 74.661026457643857, 34.244499006372052 ], [ 74.652526457635986, 34.245918006373586 ], [ 74.650024457633663, 34.248528006375864 ], [ 74.649192457632807, 34.252499006379594 ], [ 74.652496457635834, 34.255444006382277 ], [ 74.668502457650902, 34.25611100638298 ], [ 74.674140457655994, 34.258556006385334 ], [ 74.680473457661947, 34.25910900638587 ], [ 74.683746457664938, 34.256332006383218 ], [ 74.678337457660064, 34.250946006378172 ], [ 74.667579457649936, 34.245277006372817 ] ] ] } },
{ "type": "Feature", "properties": { "ISO": "IND", "COUNTRY": "India", "F_CODE_DES": "Inland Water", "HYC_DESCRI": "Perennial/Permanent", "NAME": "UNK" }, "geometry": { "type": "Polygon", "coordinates": [ [ [ 74.618614457604281, 34.190556006321913 ], [ 74.616218457602145, 34.188499006319944 ], [ 74.608947457595377, 34.190418006321806 ], [ 74.605918457592452, 34.193443006324514 ], [ 74.607780457594345, 34.198387006329312 ], [ 74.611610457597862, 34.19819300632912 ], [ 74.61753045760338, 34.194500006325597 ], [ 74.618614457604281, 34.190556006321913 ] ] ] } },
{ "type": "Feature", "properties": { "ISO": "IND", "COUNTRY": "India", "F_CODE_DES": "Inland Water", "HYC_DESCRI": "Perennial/Permanent", "NAME": "UNK" }, "geometry": { "type": "Polygon", "coordinates": [ [ [ 74.64891845763259, 34.171307006304005 ], [ 74.644165457628105, 34.170193006302952 ], [ 74.636970457621373, 34.177387006309573 ], [ 74.636360457620867, 34.18180500631388 ], [ 74.639640457623955, 34.182194006314148 ], [ 74.647552457631264, 34.178612006310914 ], [ 74.649330457632914, 34.175972006308257 ], [ 74.650718457634184, 34.173943006306445 ], [ 74.64971945763341, 34.172501006305083 ], [ 74.64891845763259, 34.171307006304005 ] ] ] } },
{ "type": "Feature", "properties": { "ISO": "IND", "COUNTRY": "India", "F_CODE_DES": "Inland Water", "HYC_DESCRI": "Perennial/Permanent", "NAME": "ANCHAR LAKE" }, "geometry": { "type": "Polygon", "coordinates": [ [ [ 74.788887457762939, 34.137443006272406 ], [ 74.788307457762357, 34.135193006270356 ], [ 74.773445457748494, 34.136917006271915 ], [ 74.771499457746813, 34.137943006272963 ], [ 74.769447457744718, 34.139027006273864 ], [ 74.779891457754502, 34.159473006292956 ], [ 74.780891457755388, 34.161446006294909 ], [ 74.783836457758298, 34.166027006299146 ], [ 74.782836457757185, 34.171028006303686 ], [ 74.782585457757023, 34.172306006305007 ], [ 74.784805457759148, 34.17622400630853 ], [ 74.785026457759386, 34.176304006308555 ], [ 74.795974457769489, 34.179806006311992 ], [ 74.79902645777247, 34.176361006308753 ], [ 74.79827845777163, 34.173527006306131 ], [ 74.794166457767915, 34.157696006291417 ], [ 74.792442457766128, 34.151138006285237 ], [ 74.792221457766118, 34.150196006284432 ], [ 74.788887457762939, 34.137443006272406 ] ] ] } },
{ "type": "Feature", "properties": { "ISO": "IND", "COUNTRY": "India", "F_CODE_DES": "Inland Water", "HYC_DESCRI": "Perennial/Permanent", "NAME": "DAL LAKE" }, "geometry": { "type": "Polygon", "coordinates": [ [ [ 74.855468457824827, 34.089169006227394 ], [ 74.846336457816506, 34.089085006227378 ], [ 74.844802457814922, 34.089916006228123 ], [ 74.844192457814415, 34.090248006228421 ], [ 74.856308457825662, 34.107582006244684 ], [ 74.857276457826629, 34.113472006250049 ], [ 74.85836045782753, 34.120167006256452 ], [ 74.856025457825353, 34.124054006259939 ], [ 74.85255445782218, 34.12619400626204 ], [ 74.846801457816809, 34.126526006262338 ], [ 74.844886457815164, 34.126640006262505 ], [ 74.839637457810113, 34.128887006264449 ], [ 74.838554457809096, 34.139389006274314 ], [ 74.840385457810953, 34.145195006279664 ], [ 74.843246457813621, 34.14747200628176 ], [ 74.847084457817118, 34.147251006281522 ], [ 74.851608457821385, 34.144749006279199 ], [ 74.855331457824832, 34.139446006274284 ], [ 74.86044345782966, 34.13591800627114 ], [ 74.866806457835537, 34.132473006267901 ], [ 74.869972457838458, 34.127556006263148 ], [ 74.868164457836656, 34.121555006257722 ], [ 74.868499457837061, 34.118111006254367 ], [ 74.869667457838204, 34.10555600624275 ], [ 74.867469457836023, 34.101418006238873 ], [ 74.858802457828006, 34.095249006233189 ], [ 74.855468457824827, 34.089169006227394 ] ] ] } },
{ "type": "Feature", "properties": { "ISO": "IND", "COUNTRY": "India", "F_CODE_DES": "Inland Water", "HYC_DESCRI": "Perennial/Permanent", "NAME": "UNK" }, "geometry": { "type": "Polygon", "coordinates": [ [ [ 75.142860458092628, 34.12752900626333 ], [ 75.138580458088654, 34.126888006262561 ], [ 75.135192458085385, 34.131554006266924 ], [ 75.139579458089429, 34.137501006272487 ], [ 75.1488034580982, 34.139668006274633 ], [ 75.15064245809981, 34.137943006272963 ], [ 75.15064245809981, 34.135529006270644 ], [ 75.142860458092628, 34.12752900626333 ] ] ] } },
{ "type": "Feature", "properties": { "ISO": "IND", "COUNTRY": "India", "F_CODE_DES": "Inland Water", "HYC_DESCRI": "Perennial/Permanent", "NAME": "UNK" }, "geometry": { "type": "Polygon", "coordinates": [ [ [ 75.103225458055704, 34.130974006266342 ], [ 75.095138458048041, 34.130554006266038 ], [ 75.091583458044852, 34.133751006268994 ], [ 75.09363545804672, 34.136806006271854 ], [ 75.100669458053289, 34.13780600627274 ], [ 75.106331458058548, 34.133472006268676 ], [ 75.103225458055704, 34.130974006266342 ] ] ] } },
{ "type": "Feature", "properties": { "ISO": "IND", "COUNTRY": "India", "F_CODE_DES": "Inland Water", "HYC_DESCRI": "Perennial/Permanent", "NAME": "NAGIN LAKE" }, "geometry": { "type": "Polygon", "coordinates": [ [ [ 74.829025457800299, 34.117638006254083 ], [ 74.828857457800041, 34.117306006253784 ], [ 74.824913457796356, 34.118999006255308 ], [ 74.822334457794113, 34.126057006261817 ], [ 74.822303457794078, 34.131916006267375 ], [ 74.822303457794078, 34.132610006267896 ], [ 74.826583457798051, 34.136639006271707 ], [ 74.829330457800552, 34.134029006269202 ], [ 74.830139457801351, 34.13027900626571 ], [ 74.830390457801514, 34.12055600625672 ], [ 74.829025457800299, 34.117638006254083 ] ] ] } },
{ "type": "Feature", "properties": { "ISO": "IND", "COUNTRY": "India", "F_CODE_DES": "Inland Water", "HYC_DESCRI": "Perennial/Permanent", "NAME": "UNK" }, "geometry": { "type": "Polygon", "coordinates": [ [ [ 74.72097045769965, 34.100445006238033 ], [ 74.720138457698795, 34.098057006235877 ], [ 74.70378145768359, 34.100834006238301 ], [ 74.700302457680436, 34.101418006238873 ], [ 74.69936345767951, 34.103863006241227 ], [ 74.698692457678817, 34.10555600624275 ], [ 74.712387457691648, 34.106083006243352 ], [ 74.717857457696709, 34.104084006241465 ], [ 74.72097045769965, 34.100445006238033 ] ] ] } },
{ "type": "Feature", "properties": { "ISO": "IND", "COUNTRY": "India", "F_CODE_DES": "Inland Water", "HYC_DESCRI": "Perennial/Permanent", "NAME": "JHELUM" }, "geometry": { "type": "Polygon", "coordinates": [ [ [ 74.999999457959575, 33.93152600608073 ], [ 74.999999457959575, 33.909332006059913 ], [ 74.998886457958406, 33.921333006071109 ], [ 74.994003457954022, 33.929111006078529 ], [ 74.978027457939106, 33.942223006090671 ], [ 74.973083457934536, 33.953583006101326 ], [ 74.966331457928163, 33.955776006103179 ], [ 74.959388457921705, 33.957085006104535 ], [ 74.951889457914831, 33.962196006109252 ], [ 74.945892457909167, 33.96102900610822 ], [ 74.933525457897531, 33.95360900610126 ], [ 74.926475457891001, 33.953030006100789 ], [ 74.921081457885975, 33.95716500610456 ], [ 74.913528457879011, 33.969665006116202 ], [ 74.905303457871241, 33.974304006120519 ], [ 74.902580457868908, 33.979862006125813 ], [ 74.908607457874496, 33.993694006138639 ], [ 74.90822645787398, 34.001915006146191 ], [ 74.903724457869885, 34.017334006160581 ], [ 74.900779457867202, 34.019279006162378 ], [ 74.895919457862647, 34.01985900616296 ], [ 74.893638457860561, 34.023140006165931 ], [ 74.894363457861118, 34.027248006169884 ], [ 74.8957524578625, 34.035084006177158 ], [ 74.89891845786542, 34.033779006176019 ], [ 74.900001457866438, 34.026001006168599 ], [ 74.905830457871843, 34.022945006165855 ], [ 74.915946457881319, 33.997360006141889 ], [ 74.916885457882017, 33.994999006139778 ], [ 74.915664457880894, 33.987946006133143 ], [ 74.909774457875528, 33.982140006127793 ], [ 74.910080457875893, 33.977917006123789 ], [ 74.929969457894231, 33.960388006107678 ], [ 74.935996457899819, 33.960918006108159 ], [ 74.940551457904121, 33.964306006111201 ], [ 74.943695457907097, 33.966610006113342 ], [ 74.948692457911648, 33.967529006114319 ], [ 74.977752457938777, 33.955528006103123 ], [ 74.999999457959575, 33.93152600608073 ] ] ] } },
{ "type": "Feature", "properties": { "ISO": "IND", "COUNTRY": "India", "F_CODE_DES": "Inland Water", "HYC_DESCRI": "Perennial/Permanent", "NAME": "PANGONG TSO" }, "geometry": { "type": "Polygon", "coordinates": [ [ [ 78.758346461459723, 33.729806005892897 ], [ 78.758346461459723, 33.724998005888438 ], [ 78.750015461451994, 33.724998005888438 ], [ 78.750015461451994, 33.716663005880491 ], [ 78.741684461444265, 33.716663005880491 ], [ 78.741684461444265, 33.708332005872762 ], [ 78.733345461436556, 33.708332005872762 ], [ 78.733345461436556, 33.699997005865043 ], [ 78.725013461428716, 33.699997005865043 ], [ 78.725013461428716, 33.691662005857324 ], [ 78.716682461420987, 33.691662005857324 ], [ 78.716682461420987, 33.683407005849631 ], [ 78.716577461420911, 33.683330005849484 ], [ 78.710454461415111, 33.683330005849484 ], [ 78.695526461401187, 33.715668005879706 ], [ 78.689834461396003, 33.720612005884277 ], [ 78.687553461393918, 33.721222005884783 ], [ 78.683975461390446, 33.722168005885806 ], [ 78.67771946138464, 33.728168005891348 ], [ 78.658225461366555, 33.738499005900849 ], [ 78.646469461355537, 33.748859005910617 ], [ 78.643943461353274, 33.751083005912733 ], [ 78.617996461329085, 33.796944005955311 ], [ 78.600250461312498, 33.806252005964097 ], [ 78.595802461308494, 33.811001005968365 ], [ 78.581886461295426, 33.819363005976129 ], [ 78.571113461285449, 33.839806005995342 ], [ 78.546890461262819, 33.854443006008978 ], [ 78.545524461261493, 33.857582006011853 ], [ 78.546943461262799, 33.860554006014581 ], [ 78.54608146126202, 33.86308300601695 ], [ 78.527748461244983, 33.86711100602065 ], [ 78.518386461236332, 33.874916006027888 ], [ 78.513725461231843, 33.877499006030348 ], [ 78.487220461207244, 33.89213900604409 ], [ 78.472114461193087, 33.905083006055975 ], [ 78.463195461184796, 33.914391006064761 ], [ 78.450416461173063, 33.933304006082381 ], [ 78.440223461163441, 33.94077700608932 ], [ 78.439003461162429, 33.941666006090145 ], [ 78.436859461160338, 33.945915006094083 ], [ 78.433029461156821, 33.95355600610128 ], [ 78.416473461141322, 33.971111006117553 ], [ 78.419219461143939, 33.97161100611811 ], [ 78.428024461152063, 33.973915006120251 ], [ 78.434112461157838, 33.980610006126426 ], [ 78.437141461160536, 33.980667006126396 ], [ 78.452774461175068, 33.967529006114319 ], [ 78.463302461185094, 33.963333006110361 ], [ 78.47219046119335, 33.963112006110123 ], [ 78.478363461199024, 33.967499006114167 ], [ 78.487304461207259, 33.980141006125905 ], [ 78.492752461212376, 33.984280006129893 ], [ 78.498222461217438, 33.979111006125095 ], [ 78.501861461220869, 33.9686660061152 ], [ 78.500030461219239, 33.962696006109809 ], [ 78.491668461211475, 33.955555006103168 ], [ 78.490249461210169, 33.950165006098132 ], [ 78.489669461209587, 33.947918006095961 ], [ 78.501274461220419, 33.932972006082082 ], [ 78.515304461233427, 33.922111006071873 ], [ 78.529556461246784, 33.920113006070096 ], [ 78.531440461248394, 33.916138006066376 ], [ 78.529609461246764, 33.910831006061471 ], [ 78.531219461248156, 33.907471006058358 ], [ 78.541053461257434, 33.901165006052452 ], [ 78.54558546126168, 33.893890006045694 ], [ 78.551612461267268, 33.888111006040162 ], [ 78.554107461269496, 33.88816800604036 ], [ 78.555030461270462, 33.891140006043088 ], [ 78.550415461266084, 33.900944006052214 ], [ 78.552329461267846, 33.904362006055408 ], [ 78.555335461270715, 33.905083006055975 ], [ 78.567558461282033, 33.903027006054117 ], [ 78.573219461287408, 33.899555006050832 ], [ 78.572250461286558, 33.898693006050053 ], [ 78.576362461290273, 33.889278006041422 ], [ 78.574470461288456, 33.884193006036639 ], [ 78.580833461294333, 33.875473006028415 ], [ 78.583503461296914, 33.871723006024922 ], [ 78.602943461315135, 33.864555006018236 ], [ 78.610191461321847, 33.859001006013159 ], [ 78.624443461334977, 33.831665005987588 ], [ 78.635055461345019, 33.824306005980816 ], [ 78.640113461349756, 33.816387005973411 ], [ 78.643974461353309, 33.813946005971275 ], [ 78.655136461363554, 33.812500005969923 ], [ 78.658500461366884, 33.81005500596757 ], [ 78.660636461368767, 33.806721005964391 ], [ 78.661972461369942, 33.795776005954167 ], [ 78.669502461377078, 33.790028005948898 ], [ 78.671997461379306, 33.785473005944596 ], [ 78.672973461380252, 33.783779005943188 ], [ 78.67761246138457, 33.780918005940521 ], [ 78.686225461392496, 33.771389005931496 ], [ 78.701972461407195, 33.760528005921515 ], [ 78.712081461416574, 33.759693005920553 ], [ 78.714920461419297, 33.758499005919475 ], [ 78.720665461424687, 33.75186100591327 ], [ 78.737472461440348, 33.747555005909362 ], [ 78.745140461447363, 33.735916005898616 ], [ 78.757164461458615, 33.730888005893803 ], [ 78.758346461459723, 33.729806005892897 ] ] ] } },
{ "type": "Feature", "properties": { "ISO": "IND", "COUNTRY": "India", "F_CODE_DES": "Inland Water", "HYC_DESCRI": "Perennial/Permanent", "NAME": "JHELUM" }, "geometry": { "type": "Polygon", "coordinates": [ [ [ 74.999999457959575, 33.909332006059913 ], [ 74.999999457959575, 33.93152600608073 ], [ 75.005943457965031, 33.925110006074647 ], [ 75.007309457966358, 33.914166006064534 ], [ 75.013694457972178, 33.900139006051404 ], [ 75.012031457970807, 33.892029006043913 ], [ 75.013580457972239, 33.888306006040466 ], [ 75.020614457978809, 33.88591800603831 ], [ 75.027641457985283, 33.879944006032702 ], [ 75.030304457987768, 33.874805006027827 ], [ 75.038635457995497, 33.871860006025145 ], [ 75.044281458000796, 33.867500006021146 ], [ 75.059585458015135, 33.842724005997979 ], [ 75.065528458020481, 33.837749005993373 ], [ 75.071998458026655, 33.835972005991607 ], [ 75.073081458027673, 33.835220005991005 ], [ 75.077888458032021, 33.831860005987892 ], [ 75.082389458036232, 33.822582005979257 ], [ 75.089195458042695, 33.816166005973173 ], [ 75.089942458043197, 33.815807005972829 ], [ 75.104942458057167, 33.808529005966193 ], [ 75.10433245805666, 33.803417005961364 ], [ 75.107025458059297, 33.794277005952836 ], [ 75.119415458070762, 33.780971005940501 ], [ 75.119415458070762, 33.777584005937342 ], [ 75.105163458057405, 33.788666005947562 ], [ 75.097305458050187, 33.805805005963521 ], [ 75.091667458044867, 33.810165005967747 ], [ 75.088607458042134, 33.811054005968572 ], [ 75.081054458034941, 33.81322100597049 ], [ 75.074638458029085, 33.827888005984278 ], [ 75.073692458028063, 33.82864000598488 ], [ 75.071663458026251, 33.830250005986272 ], [ 75.067779458022642, 33.831749005987831 ], [ 75.063308458018582, 33.830665005986702 ], [ 75.062164458017378, 33.825333005981747 ], [ 75.066635458021665, 33.806526005964315 ], [ 75.057891458013501, 33.818554005975557 ], [ 75.05569445801143, 33.824139005980669 ], [ 75.05527545801101, 33.836388005992148 ], [ 75.051750458007746, 33.842751005998025 ], [ 75.041114457997764, 33.85255400600704 ], [ 75.04016845799697, 33.85555600600992 ], [ 75.038803457995755, 33.859833006014014 ], [ 75.034889457991994, 33.864471006018221 ], [ 75.021469457979492, 33.871166006024396 ], [ 75.018974457977265, 33.87758200603048 ], [ 75.014305457972796, 33.882221006034797 ], [ 75.008331457967188, 33.883999006036447 ], [ 75.005531457964707, 33.887444006039686 ], [ 75.004112457963402, 33.892887006044703 ], [ 75.005027457964161, 33.90074900605191 ], [ 74.999999457959575, 33.909332006059913 ] ] ] } },
{ "type": "Feature", "properties": { "ISO": "IND", "COUNTRY": "India", "F_CODE_DES": "Inland Water", "HYC_DESCRI": "Perennial/Permanent", "NAME": "UNK" }, "geometry": { "type": "Polygon", "coordinates": [ [ [ 74.424469457423584, 33.833610005989385 ], [ 74.420944457420319, 33.833610005989385 ], [ 74.418914457418396, 33.836666005992356 ], [ 74.422721457421858, 33.842609005997929 ], [ 74.426780457425593, 33.845360006000419 ], [ 74.435607457433889, 33.8458900060009 ], [ 74.433441457431854, 33.841526005996911 ], [ 74.424469457423584, 33.833610005989385 ] ] ] } },
{ "type": "Feature", "properties": { "ISO": "IND", "COUNTRY": "India", "F_CODE_DES": "Inland Water", "HYC_DESCRI": "Perennial/Permanent", "NAME": "UNK" }, "geometry": { "type": "Polygon", "coordinates": [ [ [ 74.522140457514524, 33.736443005898991 ], [ 74.518142457510748, 33.735805005898328 ], [ 74.515663457508481, 33.738194005900596 ], [ 74.518806457511346, 33.743027005905105 ], [ 74.523086457515319, 33.746445005908299 ], [ 74.527305457519333, 33.747307005909079 ], [ 74.529251457521013, 33.745304005907201 ], [ 74.52838845752035, 33.74336200590551 ], [ 74.522140457514524, 33.736443005898991 ] ] ] } },
{ "type": "Feature", "properties": { "ISO": "IND", "COUNTRY": "India", "F_CODE_DES": "Inland Water", "HYC_DESCRI": "Perennial/Permanent", "NAME": "UNK" }, "geometry": { "type": "Polygon", "coordinates": [ [ [ 74.576972457565489, 33.516972005694697 ], [ 74.572975457561824, 33.51652900569411 ], [ 74.569808457558793, 33.518250005695791 ], [ 74.574607457563388, 33.524445005701637 ], [ 74.579498457567979, 33.526417005703479 ], [ 74.581886457570135, 33.524860005701839 ], [ 74.582420457570606, 33.521500005698726 ], [ 74.576972457565489, 33.516972005694697 ] ] ] } },
{ "type": "Feature", "properties": { "ISO": "IND", "COUNTRY": "India", "F_CODE_DES": "Inland Water", "HYC_DESCRI": "Perennial/Permanent", "NAME": "MITPAL TSO" }, "geometry": { "type": "Polygon", "coordinates": [ [ [ 78.616859461327977, 33.460609005642027 ], [ 78.597885461310398, 33.455334005637269 ], [ 78.596946461309471, 33.461224005642634 ], [ 78.602531461314584, 33.468304005649316 ], [ 78.612861461324201, 33.474861005655384 ], [ 78.618308461329434, 33.462749005644127 ], [ 78.616859461327977, 33.460609005642027 ] ] ] } },
{ "type": "Feature", "properties": { "ISO": "IND", "COUNTRY": "India", "F_CODE_DES": "Inland Water", "HYC_DESCRI": "Perennial/Permanent", "NAME": "UNK" }, "geometry": { "type": "Polygon", "coordinates": [ [ [ 78.490997461210782, 33.446804005629247 ], [ 78.485557461205644, 33.444363005626883 ], [ 78.483695461203979, 33.44705600562952 ], [ 78.48380246120405, 33.451279005633523 ], [ 78.486190461206206, 33.455555005637507 ], [ 78.494834461214396, 33.460415005641835 ], [ 78.499252461218475, 33.45586000563776 ], [ 78.490997461210782, 33.446804005629247 ] ] ] } },
{ "type": "Feature", "properties": { "ISO": "IND", "COUNTRY": "India", "F_CODE_DES": "Inland Water", "HYC_DESCRI": "Perennial/Permanent", "NAME": "UNK" }, "geometry": { "type": "Polygon", "coordinates": [ [ [ 78.484085461204359, 33.420696005604896 ], [ 78.47994246120038, 33.416805005601418 ], [ 78.476638461197354, 33.417999005602496 ], [ 78.474197461195217, 33.423000005607037 ], [ 78.475524461196301, 33.428112005611865 ], [ 78.47994246120038, 33.431999005615353 ], [ 78.483718461204035, 33.431667005615054 ], [ 78.485137461205341, 33.42686100561059 ], [ 78.484085461204359, 33.420696005604896 ] ] ] } },
{ "type": "Feature", "properties": { "ISO": "IND", "COUNTRY": "India", "F_CODE_DES": "Inland Water", "HYC_DESCRI": "Perennial/Permanent", "NAME": "UNK" }, "geometry": { "type": "Polygon", "coordinates": [ [ [ 77.876861460638793, 33.42330500560729 ], [ 77.875190460637214, 33.420944005605179 ], [ 77.864280460627015, 33.424026005608084 ], [ 77.861640460624585, 33.426693005610559 ], [ 77.867858460630487, 33.428554005612341 ], [ 77.876861460638793, 33.42330500560729 ] ] ] } },
{ "type": "Feature", "properties": { "ISO": "IND", "COUNTRY": "India", "F_CODE_DES": "Inland Water", "HYC_DESCRI": "Perennial/Permanent", "NAME": "KAR TSO" }, "geometry": { "type": "Polygon", "coordinates": [ [ [ 78.036720460787592, 33.322861005513914 ], [ 78.032280460783568, 33.295082005487984 ], [ 78.027496460779048, 33.294750005487685 ], [ 78.023246460775226, 33.294224005487195 ], [ 78.019447460771516, 33.28947100548271 ], [ 78.015197460767695, 33.288944005482335 ], [ 78.002304460755568, 33.297028005489665 ], [ 77.995193460749078, 33.29913700549173 ], [ 77.989135460743455, 33.300251005492782 ], [ 77.967613460723442, 33.297974005490687 ], [ 77.960281460716487, 33.299251005491897 ], [ 77.956359460712747, 33.303360005495733 ], [ 77.952110460708809, 33.315056005506449 ], [ 77.955833460712256, 33.322556005513434 ], [ 77.970337460725887, 33.318085005509374 ], [ 77.98439046073895, 33.318695005509881 ], [ 77.990058460744194, 33.315056005506449 ], [ 77.994613460748496, 33.314335005505882 ], [ 77.997024460750708, 33.316082005507496 ], [ 78.004196460757385, 33.31333200550489 ], [ 78.008163460761125, 33.313862005505371 ], [ 78.012580460765321, 33.31691700550823 ], [ 78.017807460769973, 33.324860005515575 ], [ 78.025474460777332, 33.328030005518713 ], [ 78.028968460780561, 33.334667005524807 ], [ 78.034385460785415, 33.331028005521375 ], [ 78.036720460787592, 33.322861005513914 ] ] ] } },
{ "type": "Feature", "properties": { "ISO": "IND", "COUNTRY": "India", "F_CODE_DES": "Inland Water", "HYC_DESCRI": "Perennial/Permanent", "NAME": "UNK" }, "geometry": { "type": "Polygon", "coordinates": [ [ [ 78.482192461202658, 33.311390005503199 ], [ 78.471885461192869, 33.304195005496467 ], [ 78.467941461189412, 33.310001005501817 ], [ 78.471748461192874, 33.316193005507557 ], [ 78.476417461197116, 33.319279005510452 ], [ 78.482666461203053, 33.320057005511217 ], [ 78.482192461202658, 33.311390005503199 ] ] ] } },
{ "type": "Feature", "properties": { "ISO": "IND", "COUNTRY": "India", "F_CODE_DES": "Inland Water", "HYC_DESCRI": "Perennial/Permanent", "NAME": "STARTSAPUK TSO" }, "geometry": { "type": "Polygon", "coordinates": [ [ [ 78.053360460803106, 33.242916005439383 ], [ 78.038360460789136, 33.241890005438336 ], [ 78.03730746078827, 33.243332005439697 ], [ 78.032974460784317, 33.257332005452781 ], [ 78.034362460785587, 33.260971005456213 ], [ 78.037361460788361, 33.261250005456532 ], [ 78.045387460795837, 33.26083400545599 ], [ 78.048500460798778, 33.258804005454067 ], [ 78.050941460800914, 33.254028005449754 ], [ 78.056030460805687, 33.25227700544815 ], [ 78.059913460809184, 33.248585005444738 ], [ 78.053360460803106, 33.242916005439383 ] ] ] } },
{ "type": "Feature", "properties": { "ISO": "IND", "COUNTRY": "India", "F_CODE_DES": "Inland Water", "HYC_DESCRI": "Perennial/Permanent", "NAME": "KIAGAR TSO" }, "geometry": { "type": "Polygon", "coordinates": [ [ [ 78.296279461029371, 33.088001005295155 ], [ 78.290557461024036, 33.087223005294391 ], [ 78.288413461022174, 33.090752005297645 ], [ 78.288803461022553, 33.094139005300804 ], [ 78.301971461034782, 33.118084005322999 ], [ 78.305999461038482, 33.118195005323287 ], [ 78.312164461044176, 33.113918005319192 ], [ 78.313247461045194, 33.111195005316631 ], [ 78.314697461046535, 33.105751005311731 ], [ 78.311637461043802, 33.099972005306199 ], [ 78.304885461037429, 33.092834005299665 ], [ 78.296279461029371, 33.088001005295155 ] ] ] } },
{ "type": "Feature", "properties": { "ISO": "IND", "COUNTRY": "India", "F_CODE_DES": "Inland Water", "HYC_DESCRI": "Perennial/Permanent", "NAME": "TSO MORARI" }, "geometry": { "type": "Polygon", "coordinates": [ [ [ 78.339416461069504, 32.857887005080784 ], [ 78.340309461070547, 32.853695005076816 ], [ 78.354835461083894, 32.859528005082211 ], [ 78.35883346108767, 32.859833005082692 ], [ 78.361190461089791, 32.85630400507921 ], [ 78.359275461088146, 32.853943005077099 ], [ 78.353858461083064, 32.851917005075165 ], [ 78.352554461081809, 32.846611005070372 ], [ 78.349357461078853, 32.845055005068843 ], [ 78.342109461072141, 32.844666005068575 ], [ 78.33975246107002, 32.840805005064794 ], [ 78.341110461071139, 32.838112005062385 ], [ 78.348724461078291, 32.836140005060543 ], [ 78.355972461085003, 32.834251005058832 ], [ 78.362609461091097, 32.83019300505498 ], [ 78.371749461099625, 32.818390005043966 ], [ 78.369529461097727, 32.810974005036996 ], [ 78.374748461102399, 32.803501005030057 ], [ 78.375137461102895, 32.80014000502706 ], [ 78.37124646109919, 32.796665005023669 ], [ 78.36941546109756, 32.791973005019372 ], [ 78.36983446109798, 32.779972005008176 ], [ 78.36849946109669, 32.775501005004116 ], [ 78.365638461094022, 32.771221005000143 ], [ 78.360748461089543, 32.775749005004172 ], [ 78.357887461086875, 32.786220005014002 ], [ 78.349975461079339, 32.791721005019099 ], [ 78.335334461065713, 32.796002005023183 ], [ 78.328582461059568, 32.796665005023669 ], [ 78.322387461053722, 32.795471005022591 ], [ 78.309639461041797, 32.795582005022652 ], [ 78.303779461036356, 32.799641005026615 ], [ 78.295501461028607, 32.814640005040474 ], [ 78.297248461030222, 32.821415005046902 ], [ 78.296302461029427, 32.827305005052267 ], [ 78.287109461020918, 32.846695005070387 ], [ 78.282501461016636, 32.884750005105843 ], [ 78.28458446101854, 32.896610005116827 ], [ 78.284027461018013, 32.899334005119272 ], [ 78.280975461015259, 32.913807005132867 ], [ 78.275024461009707, 32.926334005144554 ], [ 78.269607461004625, 32.94494600516191 ], [ 78.268081461003248, 32.966446005181979 ], [ 78.262222460997691, 32.976417005191252 ], [ 78.258804460994497, 32.995110005208517 ], [ 78.26249746099802, 33.004055005216969 ], [ 78.265388461000612, 33.006638005219429 ], [ 78.271110461005946, 33.007832005220507 ], [ 78.280746461015042, 33.003860005216666 ], [ 78.290336461023799, 33.002418005215304 ], [ 78.29699746103006, 32.997528005210825 ], [ 78.330253461061147, 32.962917005178497 ], [ 78.334388461064918, 32.951416005167857 ], [ 78.338607461068932, 32.944973005161955 ], [ 78.340469461070597, 32.934891005152394 ], [ 78.34963946107905, 32.922890005141426 ], [ 78.354026461083322, 32.901222005121099 ], [ 78.355079461084188, 32.896027005116366 ], [ 78.368720461096927, 32.877361005098919 ], [ 78.365303461093617, 32.874554005096343 ], [ 78.35083046108025, 32.874416005096236 ], [ 78.345642461075386, 32.872581005094389 ], [ 78.341552461071615, 32.86805700509035 ], [ 78.339416461069504, 32.857887005080784 ] ] ] } },
{ "type": "Feature", "properties": { "ISO": "IND", "COUNTRY": "India", "F_CODE_DES": "Inland Water", "HYC_DESCRI": "Perennial/Permanent", "NAME": "UNK" }, "geometry": { "type": "Polygon", "coordinates": [ [ [ 78.600639461312994, 32.968777005184165 ], [ 78.585418461298786, 32.967167005182546 ], [ 78.58088646129454, 32.968113005183341 ], [ 78.579780461293467, 32.971889005186995 ], [ 78.58186346129537, 32.976582005191403 ], [ 78.590774461303681, 32.98794600520182 ], [ 78.600364461312665, 32.993027005206613 ], [ 78.605003461316983, 32.988693005202549 ], [ 78.607559461319397, 32.978638005193261 ], [ 78.605056461316963, 32.971195005186246 ], [ 78.600639461312994, 32.968777005184165 ] ] ] } },
{ "type": "Feature", "properties": { "ISO": "IND", "COUNTRY": "India", "F_CODE_DES": "Inland Water", "HYC_DESCRI": "Perennial/Permanent", "NAME": "KYUN TSO" }, "geometry": { "type": "Polygon", "coordinates": [ [ [ 78.606475461318269, 32.910694005129926 ], [ 78.602584461314791, 32.907028005126449 ], [ 78.595306461307928, 32.908554005128053 ], [ 78.586471461299652, 32.902862005122643 ], [ 78.580970461294555, 32.903584005123321 ], [ 78.578361461292161, 32.906918005126499 ], [ 78.580001461293705, 32.910751005130123 ], [ 78.589996461302917, 32.91750000513639 ], [ 78.599945461312245, 32.927418005145455 ], [ 78.609558461321285, 32.931416005149231 ], [ 78.611969461323497, 32.926640005144918 ], [ 78.606475461318269, 32.910694005129926 ] ] ] } },
{ "type": "Feature", "properties": { "ISO": "IND", "COUNTRY": "India", "F_CODE_DES": "Inland Water", "HYC_DESCRI": "Perennial/Permanent", "NAME": "CHENAB" }, "geometry": { "type": "Polygon", "coordinates": [ [ [ 74.523110457515486, 32.749996004980403 ], [ 74.516677457509331, 32.749996004980403 ], [ 74.515890457508704, 32.749996004980403 ], [ 74.51597545750883, 32.751057004981249 ], [ 74.516387457509154, 32.756306004986072 ], [ 74.521553457513846, 32.766724004995922 ], [ 74.540947457531956, 32.789390005016912 ], [ 74.557136457547131, 32.796249005023355 ], [ 74.572364457561207, 32.799862005026853 ], [ 74.585502457573511, 32.813694005039679 ], [ 74.612747457598971, 32.826248005051411 ], [ 74.629165457614135, 32.839863005063989 ], [ 74.635635457620083, 32.842335005066388 ], [ 74.652473457635779, 32.84877800507229 ], [ 74.668891457651171, 32.853279005076502 ], [ 74.668808457651039, 32.851166005074447 ], [ 74.656524457639534, 32.841835005065832 ], [ 74.650329457633916, 32.84125100506526 ], [ 74.633972457618711, 32.836113005060497 ], [ 74.628471457613614, 32.832832005057526 ], [ 74.614776457600783, 32.81961100504509 ], [ 74.600135457587157, 32.812000005038044 ], [ 74.583557457571715, 32.797333005024484 ], [ 74.576553457565069, 32.794388005021574 ], [ 74.56541445755488, 32.79311000502048 ], [ 74.552307457542611, 32.788139005015864 ], [ 74.538192457529476, 32.776974005005513 ], [ 74.523498457515643, 32.752056004982251 ], [ 74.523110457515486, 32.749996004980403 ] ] ] } },
{ "type": "Feature", "properties": { "ISO": "IND", "COUNTRY": "India", "F_CODE_DES": "Inland Water", "HYC_DESCRI": "Non-Perennial/Intermittent/Fluctuating", "NAME": "DEAH NADI" }, "geometry": { "type": "Polygon", "coordinates": [ [ [ 75.044081458000619, 32.491665004739616 ], [ 75.041679457998271, 32.491665004739616 ], [ 75.033348457990542, 32.491665004739616 ], [ 75.025016457982929, 32.491665004739616 ], [ 75.025016457982929, 32.483330004731897 ], [ 75.016677457974993, 32.483330004731897 ], [ 75.016677457974993, 32.474998004724284 ], [ 75.008346457967264, 32.474998004724284 ], [ 75.008346457967264, 32.467573004717224 ], [ 75.007217457966362, 32.466663004716338 ], [ 75.000015457959535, 32.466663004716338 ], [ 75.000015457959535, 32.460873004710947 ], [ 74.999999457959575, 32.460861004710978 ], [ 74.999999457959575, 32.499195004746753 ], [ 75.005691457964758, 32.504665004751814 ], [ 75.008834457967851, 32.509609004756385 ], [ 75.015274457973646, 32.519749004765799 ], [ 75.016639457975089, 32.544529004788956 ], [ 75.018638457976976, 32.547974004792195 ], [ 75.027420457985045, 32.563057004806296 ], [ 75.034500457991726, 32.575249004817579 ], [ 75.03894845799573, 32.582890004824776 ], [ 75.043556458000012, 32.59791600483868 ], [ 75.044082458000503, 32.598362004839146 ], [ 75.056663458012281, 32.609165004849046 ], [ 75.058723458014128, 32.620693004859959 ], [ 75.059364458014898, 32.624390004863244 ], [ 75.062446458017803, 32.625332004864276 ], [ 75.064308458019468, 32.623943004862895 ], [ 75.064857458020015, 32.617805004857246 ], [ 75.065635458020552, 32.609444004849365 ], [ 75.063697458018851, 32.605335004845529 ], [ 75.052749458008748, 32.594444004835395 ], [ 75.049774458005913, 32.591499004832713 ], [ 75.04855345800479, 32.580860004822853 ], [ 75.041191457997911, 32.570805004813337 ], [ 75.034553457991706, 32.56174800480494 ], [ 75.034225457991397, 32.56036000480367 ], [ 75.03130345798877, 32.548500004792686 ], [ 75.027275457984842, 32.540779004785463 ], [ 75.022583457980545, 32.531776004777157 ], [ 75.022392457980459, 32.520973004767029 ], [ 75.025001457982853, 32.512890004759583 ], [ 75.028526457986118, 32.509056004755848 ], [ 75.032997457990177, 32.512665004759356 ], [ 75.035385457992561, 32.517029004763344 ], [ 75.036781457993811, 32.53289000477821 ], [ 75.037139457994044, 32.536972004782001 ], [ 75.041000457997825, 32.54225200478686 ], [ 75.048614458004749, 32.530418004775811 ], [ 75.076278458030629, 32.552582004796477 ], [ 75.076835458031155, 32.553028004796943 ], [ 75.079086458033089, 32.556137004799666 ], [ 75.092941458046198, 32.575359004817756 ], [ 75.093307458046411, 32.575863004818075 ], [ 75.102142458054686, 32.584557004826138 ], [ 75.111808458063706, 32.588638004830045 ], [ 75.116386458067836, 32.589027004830314 ], [ 75.124359458075332, 32.589695004830901 ], [ 75.125694458076623, 32.589806004831189 ], [ 75.13725245808746, 32.598641004839237 ], [ 75.137725458087743, 32.595696004836554 ], [ 75.134918458085167, 32.589638004830931 ], [ 75.131721458082211, 32.586224004827727 ], [ 75.130775458081416, 32.585220004826851 ], [ 75.127670458078455, 32.58336300482506 ], [ 75.121086458072341, 32.582748004824452 ], [ 75.111557458063317, 32.581890004823663 ], [ 75.10647545805864, 32.57991800482182 ], [ 75.101829458054453, 32.575443004817771 ], [ 75.10121945805372, 32.574276004816738 ], [ 75.09997545805254, 32.571835004814375 ], [ 75.095253458048319, 32.562527004805816 ], [ 75.093780458046922, 32.559612004803057 ], [ 75.092224458045393, 32.54708500479137 ], [ 75.091529458044761, 32.546249004790525 ], [ 75.087417458041045, 32.541332004786 ], [ 75.076919458031171, 32.535084004780174 ], [ 75.070892458025583, 32.529056004774475 ], [ 75.067108458021949, 32.516193004762499 ], [ 75.063469458018744, 32.51125000475804 ], [ 75.060302458015713, 32.506943004754021 ], [ 75.044081458000619, 32.491665004739616 ] ] ] } },
{ "type": "Feature", "properties": { "ISO": "IND", "COUNTRY": "India", "F_CODE_DES": "Inland Water", "HYC_DESCRI": "Non-Perennial/Intermittent/Fluctuating", "NAME": "UNK" }, "geometry": { "type": "Polygon", "coordinates": [ [ [ 75.257637458199497, 32.54047400478521 ], [ 75.261665458203197, 32.540249004784982 ], [ 75.263252458204761, 32.541695004786334 ], [ 75.271942458212834, 32.549667004793719 ], [ 75.275138458215679, 32.550251004794291 ], [ 75.279892458220274, 32.546696004790874 ], [ 75.28619345822608, 32.552502004796452 ], [ 75.289558458229294, 32.550777004794782 ], [ 75.29103045823058, 32.547474004791638 ], [ 75.28663645822644, 32.539417004784127 ], [ 75.282302458222375, 32.5373040047823 ], [ 75.255836458197791, 32.534695004779678 ], [ 75.247055458189607, 32.532112004777446 ], [ 75.246696458189263, 32.531860004777172 ], [ 75.242080458185001, 32.52850000477406 ], [ 75.23133045817508, 32.512917004759402 ], [ 75.225860458169791, 32.505001004752103 ], [ 75.219863458164355, 32.49630700474404 ], [ 75.216392458160954, 32.491280004739338 ], [ 75.207527458152754, 32.479610004728556 ], [ 75.196052458142049, 32.455276004705865 ], [ 75.190696458137154, 32.443916004695211 ], [ 75.188667458135342, 32.448029004699038 ], [ 75.188552458135064, 32.456471004706827 ], [ 75.188972458135595, 32.457779004708073 ], [ 75.191581458137989, 32.465916004715837 ], [ 75.208389458153533, 32.49508300474281 ], [ 75.21194445815695, 32.499832004747304 ], [ 75.218528458163064, 32.508583004755565 ], [ 75.224197458168419, 32.516109004762484 ], [ 75.238586458181771, 32.535278004780366 ], [ 75.238777458181858, 32.535610004780665 ], [ 75.252639458194835, 32.56174800480494 ], [ 75.256553458198368, 32.562584004805785 ], [ 75.258781458200474, 32.559528004802814 ], [ 75.255470458197351, 32.54311000478765 ], [ 75.257637458199497, 32.54047400478521 ] ] ] } },
{ "type": "Feature", "properties": { "ISO": "IND", "COUNTRY": "India", "F_CODE_DES": "Inland Water", "HYC_DESCRI": "Non-Perennial/Intermittent/Fluctuating", "NAME": "UNK" }, "geometry": { "type": "Polygon", "coordinates": [ [ [ 75.33116945826805, 32.52291500476872 ], [ 75.335670458272261, 32.522499004768406 ], [ 75.342056458278194, 32.530834004776125 ], [ 75.3475034582832, 32.531528004776874 ], [ 75.346885458282486, 32.525806004771539 ], [ 75.343803458279808, 32.520363004766523 ], [ 75.335441458272044, 32.511723004758323 ], [ 75.335746458272297, 32.507500004754547 ], [ 75.327804458264836, 32.496555004744323 ], [ 75.326530458263733, 32.493999004741909 ], [ 75.315582458253402, 32.472252004721668 ], [ 75.3126904582507, 32.466499004716297 ], [ 75.308639458246944, 32.458416004708852 ], [ 75.305389458244008, 32.454277004704863 ], [ 75.283363458223448, 32.42619300467868 ], [ 75.275329458215992, 32.415974004669124 ], [ 75.269920458210891, 32.411694004665151 ], [ 75.268280458209347, 32.41372300466719 ], [ 75.278389458218726, 32.427639004680032 ], [ 75.278945458219368, 32.428417004680796 ], [ 75.282638458222664, 32.435780004687558 ], [ 75.281639458221889, 32.439110004690747 ], [ 75.265472458206659, 32.431362004683479 ], [ 75.264808458206062, 32.431057004683225 ], [ 75.259193458201025, 32.429501004681924 ], [ 75.258079458199973, 32.431137004683251 ], [ 75.260887458202433, 32.432693004684779 ], [ 75.281524458221611, 32.444168004695484 ], [ 75.293808458233116, 32.456833004707278 ], [ 75.295112458234371, 32.459084004709439 ], [ 75.301551458240283, 32.47019600471981 ], [ 75.302192458241052, 32.471279004720827 ], [ 75.302887458241685, 32.472473004721905 ], [ 75.303695458242373, 32.4786380047276 ], [ 75.304000458242626, 32.479305004728303 ], [ 75.3110274582491, 32.494446004742258 ], [ 75.315719458253625, 32.499138004746783 ], [ 75.326614458263748, 32.509998004756881 ], [ 75.32724745826431, 32.514889004761244 ], [ 75.323333458260549, 32.520805004766771 ], [ 75.31219445825036, 32.527000004772617 ], [ 75.312530458250649, 32.529141004774601 ], [ 75.316360458254167, 32.531223004776621 ], [ 75.316444458254182, 32.537140004782032 ], [ 75.318420458256014, 32.541054004785792 ], [ 75.321998458259486, 32.539749004784426 ], [ 75.323776458261136, 32.532249004777441 ], [ 75.33116945826805, 32.52291500476872 ] ] ] } },
{ "type": "Feature", "properties": { "ISO": "IND", "COUNTRY": "India", "F_CODE_DES": "Inland Water", "HYC_DESCRI": "Non-Perennial/Intermittent/Fluctuating", "NAME": "UNK" }, "geometry": { "type": "Polygon", "coordinates": [ [ [ 75.468528458395895, 32.510361004757215 ], [ 75.465751458393243, 32.507473004754502 ], [ 75.454864458383099, 32.506306004753242 ], [ 75.442718458371928, 32.502110004749511 ], [ 75.434669458364397, 32.496223004744024 ], [ 75.421890458352436, 32.479557004728349 ], [ 75.415886458346904, 32.469112004718681 ], [ 75.409614458340911, 32.455917004706407 ], [ 75.407554458339064, 32.455444004705896 ], [ 75.407165458338795, 32.455360004705881 ], [ 75.407165458338795, 32.4556390047062 ], [ 75.407058458338724, 32.464027004713898 ], [ 75.419586458350295, 32.49464000474245 ], [ 75.41874645834946, 32.499222004746798 ], [ 75.414474458345467, 32.503666004750812 ], [ 75.395919458328308, 32.509056004755848 ], [ 75.390609458323297, 32.51366800476012 ], [ 75.389556458322431, 32.517834004764154 ], [ 75.391693458324426, 32.522778004768725 ], [ 75.395614458328055, 32.524029004769773 ], [ 75.399169458331244, 32.515972004762261 ], [ 75.405891458337464, 32.512306004759012 ], [ 75.424163458354542, 32.507526004754482 ], [ 75.432083458361831, 32.508640004755534 ], [ 75.435752458365414, 32.509167004755909 ], [ 75.44911245837784, 32.513832004760388 ], [ 75.451637458380219, 32.516918004763284 ], [ 75.448448458377243, 32.52689000477244 ], [ 75.450141458378766, 32.531387004776661 ], [ 75.454612458382826, 32.535221004780169 ], [ 75.459724458387655, 32.536945004781956 ], [ 75.45613845838443, 32.527473004773128 ], [ 75.458305458386349, 32.521252004767348 ], [ 75.466804458394336, 32.51366800476012 ], [ 75.468528458395895, 32.510361004757215 ] ] ] } },
{ "type": "Feature", "properties": { "ISO": "IND", "COUNTRY": "India", "F_CODE_DES": "Inland Water", "HYC_DESCRI": "Non-Perennial/Intermittent/Fluctuating", "NAME": "DEAH NADI" }, "geometry": { "type": "Polygon", "coordinates": [ [ [ 74.999999457959575, 32.460861004710978 ], [ 74.995378457955212, 32.458332004708609 ], [ 74.991676457951826, 32.458332004708609 ], [ 74.991676457951826, 32.456306004706676 ], [ 74.982086457942842, 32.451057004701852 ], [ 74.978913457939825, 32.44999700470089 ], [ 74.975013457936257, 32.44999700470089 ], [ 74.966682457928528, 32.44999700470089 ], [ 74.958343457920819, 32.44999700470089 ], [ 74.95001245791309, 32.44999700470089 ], [ 74.95001245791309, 32.45093300470171 ], [ 74.954475457917169, 32.453499004704099 ], [ 74.956192457918632, 32.454498004705101 ], [ 74.958664457921031, 32.457806004708118 ], [ 74.962471457924494, 32.470055004719597 ], [ 74.967498457929196, 32.476028004725094 ], [ 74.987808457948177, 32.487472004735764 ], [ 74.999999457959575, 32.499195004746753 ], [ 74.999999457959575, 32.460861004710978 ] ] ] } },
{ "type": "Feature", "properties": { "ISO": "IND", "COUNTRY": "India", "F_CODE_DES": "Inland Water", "HYC_DESCRI": "Non-Perennial/Intermittent/Fluctuating", "NAME": "UNK" }, "geometry": { "type": "Polygon", "coordinates": [ [ [ 75.564636458485438, 32.470749004720119 ], [ 75.557029458478382, 32.465527004715341 ], [ 75.544029458466184, 32.466194004716044 ], [ 75.54227445846459, 32.46627800471606 ], [ 75.531112458454118, 32.469750004719344 ], [ 75.526641458450058, 32.469528004718995 ], [ 75.520500458444303, 32.464584004714425 ], [ 75.515914458439966, 32.455502004705977 ], [ 75.511833458436286, 32.431446004683721 ], [ 75.50605745843086, 32.410667004664219 ], [ 75.505302458430151, 32.408859004662645 ], [ 75.500442458425596, 32.397167004651692 ], [ 75.497444458422706, 32.389946004645026 ], [ 75.489502458415473, 32.370861004627159 ], [ 75.489219458415164, 32.370167004626637 ], [ 75.485496458411717, 32.366390004623099 ], [ 75.483780458410138, 32.369888004626318 ], [ 75.484474458410659, 32.372776004629031 ], [ 75.486084458412279, 32.379501004635358 ], [ 75.485473458411661, 32.384972004640304 ], [ 75.476554458403371, 32.37633500463221 ], [ 75.468917458396163, 32.368946004625514 ], [ 75.465309458392994, 32.367085004623732 ], [ 75.463974458391704, 32.36869400462524 ], [ 75.470336458397469, 32.377029004632959 ], [ 75.472389458399448, 32.378777004634685 ], [ 75.4867784584128, 32.390946004645912 ], [ 75.488052458414131, 32.39352800464826 ], [ 75.491363458417254, 32.400250004654481 ], [ 75.491691458417563, 32.401360004655544 ], [ 75.495330458420767, 32.413612004667129 ], [ 75.497390458422842, 32.420528004673542 ], [ 75.509918458434413, 32.46277600471285 ], [ 75.518722458442653, 32.472305004721647 ], [ 75.523551458447173, 32.474640004723824 ], [ 75.532752458455661, 32.474888004724107 ], [ 75.547447458469378, 32.470974004720347 ], [ 75.555191458476656, 32.470501004720063 ], [ 75.562721458483566, 32.476971004726011 ], [ 75.565971458486729, 32.476723004725727 ], [ 75.567359458487999, 32.474667004723869 ], [ 75.564636458485438, 32.470749004720119 ] ] ] } },
{ "type": "Feature", "properties": { "ISO": "IND", "COUNTRY": "India", "F_CODE_DES": "Inland Water", "HYC_DESCRI": "Perennial/Permanent", "NAME": "RAVI" }, "geometry": { "type": "Polygon", "coordinates": [ [ [ 75.51444245843868, 32.321583004581271 ], [ 75.50685845843168, 32.319946004579833 ], [ 75.504775458429549, 32.32111000458076 ], [ 75.510192458434631, 32.32539000458496 ], [ 75.524192458447715, 32.331780004590883 ], [ 75.537582458460292, 32.335804004594593 ], [ 75.545913458468021, 32.34086200459933 ], [ 75.552475458473964, 32.346889004604918 ], [ 75.562225458483226, 32.360668004617764 ], [ 75.56355245848431, 32.361862004618843 ], [ 75.566970458487503, 32.364887004621551 ], [ 75.56747445848805, 32.365333004622016 ], [ 75.5692524584897, 32.366917004623474 ], [ 75.577247458497141, 32.368946004625514 ], [ 75.578529458498224, 32.369251004625767 ], [ 75.578025458497905, 32.368668004625079 ], [ 75.569336458489715, 32.358696004615922 ], [ 75.568084458488556, 32.357250004614571 ], [ 75.559166458480377, 32.347000004604979 ], [ 75.547500458469358, 32.3360820045948 ], [ 75.537582458460292, 32.332027004591055 ], [ 75.532554458455479, 32.329250004588403 ], [ 75.51444245843868, 32.321583004581271 ] ] ] } },
{ "type": "Feature", "properties": { "ISO": "IND", "COUNTRY": "India", "F_CODE_DES": "Land Subject to Inundation", "HYC_DESCRI": "Non-Perennial/Intermittent/Fluctuating", "NAME": null }, "geometry": { "type": "Polygon", "coordinates": [ [ [ 76.041832458929775, 32.179863004449317 ], [ 76.04216745893018, 32.17752800444714 ], [ 76.03561345892399, 32.16733200443764 ], [ 76.033722458922284, 32.150166004421635 ], [ 76.02491745891416, 32.140057004412256 ], [ 76.01885945890831, 32.136223004408748 ], [ 76.018470458908041, 32.135971004408475 ], [ 76.016670458906447, 32.131695004404492 ], [ 76.015472458905151, 32.128887004401804 ], [ 76.01433545890427, 32.123138004396424 ], [ 76.014503458904301, 32.122417004395857 ], [ 76.014724458904539, 32.121471004394834 ], [ 76.014274458904083, 32.119083004392678 ], [ 76.014892458904797, 32.105526004380181 ], [ 76.014610458904372, 32.104752004379407 ], [ 76.009666458899801, 32.0908620043665 ], [ 76.002914458893656, 32.08205400435827 ], [ 76.002304458892922, 32.081974004358244 ], [ 75.997718458888812, 32.08258400435875 ], [ 75.994468458885649, 32.087028004362764 ], [ 75.987587458879261, 32.103249004377858 ], [ 75.987029458878851, 32.104946004379599 ], [ 75.986694458878446, 32.105915004380449 ], [ 75.986053458877905, 32.107723004382024 ], [ 75.982612458874655, 32.110779004384995 ], [ 75.982276458874367, 32.111195004385308 ], [ 75.975051458867711, 32.11402900438793 ], [ 75.973861458866622, 32.114498004388452 ], [ 75.968917458861824, 32.11644400439036 ], [ 75.964584458857871, 32.114555004388421 ], [ 75.961830458855275, 32.110832004384974 ], [ 75.962890458856236, 32.108028004382504 ], [ 75.965248458858468, 32.101639004376466 ], [ 75.96630845885943, 32.098804004373733 ], [ 75.97555545886803, 32.091610004367112 ], [ 75.979362458871719, 32.088638004364384 ], [ 75.981803458873856, 32.08516700436121 ], [ 75.981529458873638, 32.081585004357748 ], [ 75.976974458869336, 32.079250004355572 ], [ 75.975891458868318, 32.076889004353461 ], [ 75.979804458871968, 32.073250004350029 ], [ 75.984252458876199, 32.065693004343075 ], [ 75.984581458876391, 32.064415004341754 ], [ 75.97946945887179, 32.06313700434066 ], [ 75.978195458870459, 32.059696004337411 ], [ 75.9853364588771, 32.052639004330786 ], [ 75.9861904588779, 32.047585004326038 ], [ 75.984947458876832, 32.040279004319245 ], [ 75.978996458871279, 32.039276004318481 ], [ 75.975364458867944, 32.045860004324595 ], [ 75.973052458865823, 32.047001004325693 ], [ 75.972251458865003, 32.03891800431802 ], [ 75.96624745885947, 32.039417004318466 ], [ 75.96308145885655, 32.041832004320668 ], [ 75.955223458849105, 32.047863004326473 ], [ 75.953636458847768, 32.051445004329707 ], [ 75.942359458837245, 32.055305004333377 ], [ 75.935890458831182, 32.055473004333408 ], [ 75.934806458830053, 32.081085004357419 ], [ 75.940444458835373, 32.089611004365224 ], [ 75.941581458836481, 32.101582004376496 ], [ 75.939499458834462, 32.104473004379088 ], [ 75.921943458818077, 32.105278004379898 ], [ 75.918914458815379, 32.110169004384488 ], [ 75.919220458815516, 32.114082004388138 ], [ 75.942359458837245, 32.114693004388528 ], [ 75.943862458838566, 32.116360004390117 ], [ 75.943641458838329, 32.1200290043937 ], [ 75.941253458836172, 32.123360004396773 ], [ 75.925834458821782, 32.124474004397825 ], [ 75.921836458818007, 32.132332004405043 ], [ 75.924613458820659, 32.135193004407711 ], [ 75.932891458828408, 32.136501004408956 ], [ 75.945388458839943, 32.134777004407397 ], [ 75.950691458844858, 32.136166004408551 ], [ 75.954666458848578, 32.141388004413557 ], [ 75.953002458847095, 32.150723004422161 ], [ 75.943580458838369, 32.167252004437614 ], [ 75.933670458829056, 32.178970004448502 ], [ 75.935806458831166, 32.183418004452733 ], [ 75.943084458837802, 32.183529004452794 ], [ 75.944526458839164, 32.183029004452237 ], [ 75.954971458848831, 32.179333004448836 ], [ 75.955780458849631, 32.179054004448517 ], [ 75.959724458853316, 32.176472004446168 ], [ 75.963668458857001, 32.177807004447459 ], [ 75.969413458862391, 32.176224004445885 ], [ 75.982803458874741, 32.1779710044475 ], [ 75.989997458881589, 32.175110004444832 ], [ 75.992302458883614, 32.168556004438869 ], [ 75.990417458881893, 32.164112004434628 ], [ 75.990219458881711, 32.154251004425532 ], [ 75.987442458879059, 32.146999004418603 ], [ 75.988670458880279, 32.140640004412717 ], [ 75.990722458882146, 32.13905700441137 ], [ 75.994613458885851, 32.136082004408536 ], [ 76.002166458892816, 32.135971004408475 ], [ 76.003196458893854, 32.136555004409047 ], [ 76.018554458908056, 32.145195004417019 ], [ 76.020835458910369, 32.152168004423629 ], [ 76.02363545891285, 32.154362004425593 ], [ 76.034614458922988, 32.170612004440727 ], [ 76.040412458928586, 32.179195004448729 ], [ 76.041832458929775, 32.179863004449317 ] ] ] } },
{ "type": "Feature", "properties": { "ISO": "IND", "COUNTRY": "India", "F_CODE_DES": "Land Subject to Inundation", "HYC_DESCRI": "Non-Perennial/Intermittent/Fluctuating", "NAME": null }, "geometry": { "type": "Polygon", "coordinates": [ [ [ 76.119194459001847, 32.092030004367416 ], [ 76.104278458987892, 32.08705500436281 ], [ 76.102531458986277, 32.083168004359322 ], [ 76.104637458988236, 32.077362004353972 ], [ 76.102890458986622, 32.073502004350303 ], [ 76.095802458980188, 32.071693004348617 ], [ 76.09483345897911, 32.070137004347089 ], [ 76.088607458973456, 32.060196004337968 ], [ 76.086418458971366, 32.059250004336945 ], [ 76.070503458956409, 32.052445004330593 ], [ 76.064163458950588, 32.050888004329181 ], [ 76.054252458941392, 32.051029004329394 ], [ 76.058471458945405, 32.056667004334486 ], [ 76.062667458949136, 32.059277004336991 ], [ 76.064140458950533, 32.063332004340737 ], [ 76.062942458949465, 32.066444004343793 ], [ 76.042724458930707, 32.065109004342503 ], [ 76.038276458926475, 32.068584004345666 ], [ 76.038108458926445, 32.070389004347362 ], [ 76.038108458926445, 32.070641004347635 ], [ 76.039085458927275, 32.071777004348633 ], [ 76.047302458934837, 32.077694004354271 ], [ 76.052223458939579, 32.085110004361013 ], [ 76.052803458939934, 32.085972004361793 ], [ 76.054557458941645, 32.088638004364384 ], [ 76.056861458943786, 32.092972004368448 ], [ 76.053886458940951, 32.09683200437189 ], [ 76.043281458931233, 32.099945004374831 ], [ 76.040916458928905, 32.10144400437639 ], [ 76.038414458926582, 32.1052210043797 ], [ 76.034919458923468, 32.109554004383881 ], [ 76.033638458922269, 32.111752004385835 ], [ 76.03116645891987, 32.131474004404254 ], [ 76.029418458918144, 32.135834004408252 ], [ 76.029251458917997, 32.13600200440851 ], [ 76.02491745891416, 32.140057004412256 ], [ 76.033722458922284, 32.150166004421635 ], [ 76.03561345892399, 32.16733200443764 ], [ 76.04216745893018, 32.17752800444714 ], [ 76.041832458929775, 32.179863004449317 ], [ 76.047500458935019, 32.182499004451756 ], [ 76.050499458937793, 32.18194600445122 ], [ 76.052970458940081, 32.176777004446421 ], [ 76.052223458939579, 32.16733200443764 ], [ 76.051025458938284, 32.160194004431105 ], [ 76.044723458932594, 32.145001004416827 ], [ 76.042945458930944, 32.13024900440314 ], [ 76.043083458931051, 32.129196004402047 ], [ 76.044609458932428, 32.116333004390071 ], [ 76.056663458943603, 32.104500004379133 ], [ 76.061470458948179, 32.105389004379958 ], [ 76.061859458948447, 32.10644500438093 ], [ 76.064918458951297, 32.114723004388679 ], [ 76.061279458947865, 32.123917004397299 ], [ 76.061080458947799, 32.124416004397744 ], [ 76.061859458948447, 32.129250004402138 ], [ 76.063224458949662, 32.133221004405868 ], [ 76.070472458956374, 32.133778004406395 ], [ 76.075836458961476, 32.125527004398691 ], [ 76.077552458963055, 32.119415004392977 ], [ 76.078247458963688, 32.112556004386533 ], [ 76.074386458960134, 32.092667004368195 ], [ 76.074585458960428, 32.091141004366591 ], [ 76.074913458960509, 32.088333004364131 ], [ 76.077751458963348, 32.085945004361747 ], [ 76.080528458965773, 32.08516700436121 ], [ 76.087081458971852, 32.083363004359398 ], [ 76.091331458975901, 32.084026004360112 ], [ 76.103920458987659, 32.098557004373561 ], [ 76.109725458993125, 32.100418004375342 ], [ 76.118751459001487, 32.09808400437305 ], [ 76.120307459002788, 32.094917004370245 ], [ 76.119194459001847, 32.092030004367416 ] ] ] } },
{ "type": "Feature", "properties": { "ISO": "IND", "COUNTRY": "India", "F_CODE_DES": "Inland Water", "HYC_DESCRI": "Perennial/Permanent", "NAME": "UNK" }, "geometry": { "type": "Polygon", "coordinates": [ [ [ 76.054252458941392, 32.051029004329394 ], [ 76.053108458940414, 32.049526004327845 ], [ 76.045692458933445, 32.047585004326038 ], [ 76.042640458930464, 32.044472004323325 ], [ 76.041496458929487, 32.040111004319215 ], [ 76.043556458931334, 32.036251004315545 ], [ 76.052559458939868, 32.02955600430937 ], [ 76.053169458940374, 32.029110004308905 ], [ 76.069862458955868, 32.024139004304288 ], [ 76.073585458959315, 32.023056004303271 ], [ 76.074996458960641, 32.021473004301697 ], [ 76.086723458971619, 32.015251004296033 ], [ 76.088501458973269, 32.013916004294742 ], [ 76.093307458977733, 32.01230600429335 ], [ 76.103248458987082, 32.003056004284645 ], [ 76.109390458992721, 32.001667004283263 ], [ 76.11105345899432, 32.001583004283248 ], [ 76.130279459012172, 32.000752004282504 ], [ 76.137474459018904, 32.000446004282139 ], [ 76.147918459028688, 32.000000004281901 ], [ 76.165611459045067, 32.000000004281901 ], [ 76.162170459041818, 31.994806004277052 ], [ 76.140335459021571, 31.9748610042584 ], [ 76.137191459018595, 31.970167004254108 ], [ 76.136802459018327, 31.966639004250737 ], [ 76.140357459021516, 31.964222004248541 ], [ 76.141281459022366, 31.96502700424935 ], [ 76.156585459036705, 31.97830600426164 ], [ 76.160530459040274, 31.978611004261893 ], [ 76.162361459042131, 31.975861004259286 ], [ 76.162139459041782, 31.97086100425463 ], [ 76.157524459037631, 31.960167004244795 ], [ 76.157608459037647, 31.955999004240766 ], [ 76.160247459040193, 31.949667004234925 ], [ 76.168891459048155, 31.939806004225829 ], [ 76.177391459056025, 31.932861004219376 ], [ 76.185249459063471, 31.922611004209784 ], [ 76.198028459075204, 31.895555004184644 ], [ 76.198753459075988, 31.889473004178853 ], [ 76.195724459073062, 31.887083004176702 ], [ 76.193191459070704, 31.885084004174814 ], [ 76.186027459064007, 31.883417004173225 ], [ 76.190612459068461, 31.879999004170031 ], [ 76.194694459072252, 31.875889004166311 ], [ 76.195640459073047, 31.868111004158891 ], [ 76.194305459071757, 31.865639004156719 ], [ 76.183807459062109, 31.859722004151081 ], [ 76.175888459054704, 31.862667004153991 ], [ 76.174613459053489, 31.873138004163593 ], [ 76.172027459051151, 31.875528004165972 ], [ 76.166114459045502, 31.873833004164226 ], [ 76.164306459043928, 31.877417004167683 ], [ 76.163887459043508, 31.885139004174789 ], [ 76.154083459034382, 31.890028004179385 ], [ 76.146751459027428, 31.889639004179116 ], [ 76.130691459012496, 31.867611004158562 ], [ 76.125083459007328, 31.862167004153434 ], [ 76.117164458999923, 31.865749004156669 ], [ 76.115722458998562, 31.871611004162332 ], [ 76.117248458999939, 31.88511100417486 ], [ 76.115669458998582, 31.888306004177821 ], [ 76.111084458994355, 31.889473004178853 ], [ 76.100639458984688, 31.879168004169287 ], [ 76.096191458980456, 31.878056004168229 ], [ 76.094802458979075, 31.885805004175381 ], [ 76.099136458983139, 31.895666004184704 ], [ 76.097641458981798, 31.900528004189255 ], [ 76.093635458978042, 31.903973004192267 ], [ 76.08247345896757, 31.905556004193841 ], [ 76.074302458960119, 31.897667004186587 ], [ 76.066749458952927, 31.897499004186329 ], [ 76.06205745894863, 31.902639004191087 ], [ 76.06205745894863, 31.908056004196169 ], [ 76.065864458952092, 31.91794400420531 ], [ 76.070198458956156, 31.921778004209045 ], [ 76.074691458960388, 31.930611004217099 ], [ 76.074302458960119, 31.932695004219113 ], [ 76.069557458955614, 31.936167004222398 ], [ 76.062080458948685, 31.93827800422423 ], [ 76.055473458942515, 31.938250004224301 ], [ 76.053474458940627, 31.936667004222727 ], [ 76.056724458943791, 31.926971004213783 ], [ 76.055862458942784, 31.925694004212573 ], [ 76.054107458941189, 31.923084004210068 ], [ 76.047363458935024, 31.919138004206616 ], [ 76.041442458929396, 31.917833004205249 ], [ 76.038833458927002, 31.919806004207203 ], [ 76.042137458930029, 31.92844400421518 ], [ 76.033027458921651, 31.932695004219113 ], [ 76.030502458919273, 31.936722004222929 ], [ 76.02761045891657, 31.937639004223684 ], [ 76.015861458905647, 31.931110004217544 ], [ 76.011749458901704, 31.932083004218612 ], [ 76.006858458897341, 31.938055004224225 ], [ 76.003975458894502, 31.938778004224787 ], [ 75.993835458885087, 31.941973004227748 ], [ 75.987167458878957, 31.946556004231979 ], [ 75.986641458878466, 31.948389004233832 ], [ 75.982887458874984, 31.96105600424562 ], [ 75.979774458872043, 31.963028004247462 ], [ 75.974830458867473, 31.961916004246405 ], [ 75.970581458863535, 31.952888004238048 ], [ 75.964996458858195, 31.953888004238934 ], [ 75.961692458855168, 31.962723004246982 ], [ 75.954971458848831, 31.959999004244537 ], [ 75.949943458844245, 31.96202900424646 ], [ 75.939804458834715, 31.97169500425548 ], [ 75.939086458834026, 31.971889004255672 ], [ 75.936920458832219, 31.972416004256047 ], [ 75.933113458828529, 31.96919400425304 ], [ 75.933197458828545, 31.952944004237906 ], [ 75.931114458826642, 31.949472004234849 ], [ 75.925888458821873, 31.947306004232814 ], [ 75.907913458805069, 31.950138004235441 ], [ 75.896919458794855, 31.949833004235188 ], [ 75.888580458787146, 31.949028004234378 ], [ 75.882057458780992, 31.950472004235735 ], [ 75.87583145877511, 31.954195004239182 ], [ 75.85058645875165, 31.976805004260314 ], [ 75.841026458742817, 31.98227700426537 ], [ 75.814331458718016, 31.987000004269703 ], [ 75.80672445871096, 31.992416004274673 ], [ 75.799140458703732, 32.000000004281901 ], [ 75.800003458704623, 32.000000004281901 ], [ 75.815666458719079, 32.000000004281901 ], [ 75.821662458724859, 31.993473004275756 ], [ 75.829086458731581, 31.989277004271798 ], [ 75.841636458743324, 31.985805004268514 ], [ 75.856025458756676, 31.978889004262101 ], [ 75.867668458767639, 31.969833004253815 ], [ 75.881721458780703, 31.954639004239652 ], [ 75.886528458785278, 31.952833004237846 ], [ 75.908775458805849, 31.953028004238149 ], [ 75.920166458816539, 31.951027004236266 ], [ 75.927803458823519, 31.952473004237618 ], [ 75.929107458824774, 31.954306004239243 ], [ 75.926307458822293, 31.964195004248495 ], [ 75.927223458823164, 31.968334004252256 ], [ 75.930557458826115, 31.97261100425635 ], [ 75.937278458832452, 31.978056004261362 ], [ 75.942192458837098, 31.982056004265132 ], [ 75.949363458843663, 31.984556004267461 ], [ 75.953414458847419, 31.987556004270118 ], [ 75.957778458851635, 31.992861004275255 ], [ 75.955055458849074, 31.997723004279578 ], [ 75.954361458848325, 31.999001004280899 ], [ 75.954887458848816, 32.000000004281901 ], [ 75.963607458857041, 32.008415004289645 ], [ 75.963691458857056, 32.010334004291508 ], [ 75.963912458857294, 32.015388004296256 ], [ 75.967330458860488, 32.020168004300558 ], [ 75.962806458856221, 32.029026004308889 ], [ 75.964752458858129, 32.033779004313374 ], [ 75.971862458864734, 32.0349430043143 ], [ 75.972251458865003, 32.03891800431802 ], [ 75.973052458865823, 32.047001004325693 ], [ 75.975364458867944, 32.045860004324595 ], [ 75.978996458871279, 32.039276004318481 ], [ 75.984947458876832, 32.040279004319245 ], [ 75.9861904588779, 32.047585004326038 ], [ 75.9853364588771, 32.052639004330786 ], [ 75.978195458870459, 32.059696004337411 ], [ 75.97946945887179, 32.06313700434066 ], [ 75.984581458876391, 32.064415004341754 ], [ 75.984252458876199, 32.065693004343075 ], [ 75.979804458871968, 32.073250004350029 ], [ 75.975891458868318, 32.076889004353461 ], [ 75.976974458869336, 32.079250004355572 ], [ 75.981529458873638, 32.081585004357748 ], [ 75.981803458873856, 32.08516700436121 ], [ 75.979362458871719, 32.088638004364384 ], [ 75.97555545886803, 32.091610004367112 ], [ 75.96630845885943, 32.098804004373733 ], [ 75.965248458858468, 32.101639004376466 ], [ 75.962890458856236, 32.108028004382504 ], [ 75.961830458855275, 32.110832004384974 ], [ 75.964584458857871, 32.114555004388421 ], [ 75.968917458861824, 32.11644400439036 ], [ 75.973861458866622, 32.114498004388452 ], [ 75.975051458867711, 32.11402900438793 ], [ 75.982276458874367, 32.111195004385308 ], [ 75.982612458874655, 32.110779004384995 ], [ 75.986053458877905, 32.107723004382024 ], [ 75.986694458878446, 32.105915004380449 ], [ 75.987029458878851, 32.104946004379599 ], [ 75.987587458879261, 32.103249004377858 ], [ 75.994468458885649, 32.087028004362764 ], [ 75.997718458888812, 32.08258400435875 ], [ 76.002304458892922, 32.081974004358244 ], [ 76.002914458893656, 32.08205400435827 ], [ 76.009666458899801, 32.0908620043665 ], [ 76.014610458904372, 32.104752004379407 ], [ 76.014892458904797, 32.105526004380181 ], [ 76.014274458904083, 32.119083004392678 ], [ 76.014724458904539, 32.121471004394834 ], [ 76.014503458904301, 32.122417004395857 ], [ 76.01433545890427, 32.123138004396424 ], [ 76.015472458905151, 32.128887004401804 ], [ 76.016670458906447, 32.131695004404492 ], [ 76.018470458908041, 32.135971004408475 ], [ 76.01885945890831, 32.136223004408748 ], [ 76.02491745891416, 32.140057004412256 ], [ 76.029251458917997, 32.13600200440851 ], [ 76.029418458918144, 32.135834004408252 ], [ 76.03116645891987, 32.131474004404254 ], [ 76.033638458922269, 32.111752004385835 ], [ 76.034919458923468, 32.109554004383881 ], [ 76.038414458926582, 32.1052210043797 ], [ 76.040916458928905, 32.10144400437639 ], [ 76.043281458931233, 32.099945004374831 ], [ 76.053886458940951, 32.09683200437189 ], [ 76.056861458943786, 32.092972004368448 ], [ 76.054557458941645, 32.088638004364384 ], [ 76.052803458939934, 32.085972004361793 ], [ 76.052223458939579, 32.085110004361013 ], [ 76.047302458934837, 32.077694004354271 ], [ 76.039085458927275, 32.071777004348633 ], [ 76.038108458926445, 32.070641004347635 ], [ 76.038108458926445, 32.070389004347362 ], [ 76.038276458926475, 32.068584004345666 ], [ 76.042724458930707, 32.065109004342503 ], [ 76.062942458949465, 32.066444004343793 ], [ 76.064140458950533, 32.063332004340737 ], [ 76.062667458949136, 32.059277004336991 ], [ 76.058471458945405, 32.056667004334486 ], [ 76.054252458941392, 32.051029004329394 ] ] ] } },
{ "type": "Feature", "properties": { "ISO": "IND", "COUNTRY": "India", "F_CODE_DES": "Inland Water", "HYC_DESCRI": "Perennial/Permanent", "NAME": "SUTLEJ" }, "geometry": { "type": "Polygon", "coordinates": [ [ [ 74.999999457959575, 31.140612003481465 ], [ 74.999999457959575, 31.155722003495612 ], [ 75.018112457976486, 31.154472003494448 ], [ 75.021942457980003, 31.152527003492651 ], [ 75.028221457985865, 31.144028003484664 ], [ 75.032753457990111, 31.142250003483014 ], [ 75.044609458001105, 31.141138003481956 ], [ 75.049392458005514, 31.139139003480068 ], [ 75.063499458018669, 31.1331940034745 ], [ 75.085723458039411, 31.138111003479025 ], [ 75.070030458024803, 31.14361200348435 ], [ 75.069168458024023, 31.143917003484603 ], [ 75.066581458021574, 31.146694003487028 ], [ 75.064003458019215, 31.156750003496427 ], [ 75.059585458015135, 31.162500003501918 ], [ 75.052917458008778, 31.166389003505401 ], [ 75.04377745800025, 31.168917003507886 ], [ 75.01814245797641, 31.170944003509703 ], [ 75.006942457966034, 31.169556003508433 ], [ 74.999999457959575, 31.170416003509217 ], [ 74.999999457959575, 31.181612003519604 ], [ 75.000999457960461, 31.181168003519133 ], [ 75.015441457974021, 31.193750003531022 ], [ 75.035499457992501, 31.206638003543048 ], [ 75.049614458005635, 31.218334003553764 ], [ 75.049697458005767, 31.218389003553966 ], [ 75.057975458013516, 31.219889003555181 ], [ 75.060722458016016, 31.222305003557494 ], [ 75.066307458021356, 31.237612003571712 ], [ 75.085281458038935, 31.254889003587778 ], [ 75.08836345804184, 31.260445003593077 ], [ 75.095497458048385, 31.279055003610438 ], [ 75.104858458057151, 31.283417003614431 ], [ 75.114303458065933, 31.282778003613885 ], [ 75.117584458069132, 31.286028003616821 ], [ 75.117919458069309, 31.296444003626675 ], [ 75.120529458071815, 31.302639003632294 ], [ 75.123168458074133, 31.32427800365258 ], [ 75.127891458078693, 31.327084003655045 ], [ 75.133003458083294, 31.328028003656073 ], [ 75.139831458089702, 31.329306003657166 ], [ 75.152664458101754, 31.335251003662734 ], [ 75.157722458106491, 31.338362003665679 ], [ 75.160057458108668, 31.339806003667036 ], [ 75.171249458119064, 31.346666003673363 ], [ 75.17230245811993, 31.349361003675767 ], [ 75.169807458117702, 31.373638003698488 ], [ 75.169525458117505, 31.376333003700893 ], [ 75.170387458118284, 31.38736200371136 ], [ 75.18369345813062, 31.400807003723685 ], [ 75.200058458145804, 31.42641600374759 ], [ 75.210083458155168, 31.442055003762107 ], [ 75.217330458161996, 31.448139003767892 ], [ 75.224945458169032, 31.450666003770266 ], [ 75.230697458174291, 31.455750003774938 ], [ 75.25035845819275, 31.462139003780976 ], [ 75.257110458198895, 31.467611003786033 ], [ 75.264946458206396, 31.46908400378743 ], [ 75.268280458209347, 31.470667003788776 ], [ 75.273582458214378, 31.47322300379119 ], [ 75.279335458219748, 31.47788800379567 ], [ 75.285057458225083, 31.485556003802685 ], [ 75.293083458232559, 31.496306003812606 ], [ 75.295059458234391, 31.498333003814651 ], [ 75.299888458238911, 31.503221003819135 ], [ 75.302558458241265, 31.50594500382158 ], [ 75.304611458243244, 31.508028003823711 ], [ 75.305694458244261, 31.509138003824773 ], [ 75.306198458244808, 31.509500003824996 ], [ 75.308746458247015, 31.511389003826707 ], [ 75.338386458274726, 31.533527003847439 ], [ 75.344055458279854, 31.542778003856029 ], [ 75.355056458290164, 31.551445003864046 ], [ 75.357780458292837, 31.556028003868278 ], [ 75.365913458300383, 31.569723003881109 ], [ 75.369392458303537, 31.579445003890214 ], [ 75.374557458308345, 31.587444003897645 ], [ 75.380584458313933, 31.593111003902777 ], [ 75.385803458318833, 31.596750003906209 ], [ 75.398445458330571, 31.595583003905176 ], [ 75.401580458333456, 31.595306003904852 ], [ 75.404113458335814, 31.597723003907049 ], [ 75.404914458336634, 31.606472003915314 ], [ 75.415947458346864, 31.623083003930788 ], [ 75.426551458356698, 31.633638003940632 ], [ 75.446029458374824, 31.64022300394663 ], [ 75.46952845839678, 31.657528003962852 ], [ 75.482055458408468, 31.681168003984794 ], [ 75.4875874584136, 31.686222003989542 ], [ 75.488281458414349, 31.686861003990089 ], [ 75.493141458418904, 31.69130500399433 ], [ 75.503723458428567, 31.694166003996997 ], [ 75.522277458445842, 31.695334003998141 ], [ 75.533081458456081, 31.704416004006589 ], [ 75.543525458465638, 31.739222004038993 ], [ 75.543891458466078, 31.740418004040066 ], [ 75.542305458464625, 31.750029004049111 ], [ 75.539138458461593, 31.756779004055261 ], [ 75.53878045846136, 31.757223004055732 ], [ 75.533058458456026, 31.764029004061967 ], [ 75.53700245845971, 31.772055004069443 ], [ 75.539497458461938, 31.774084004071483 ], [ 75.547332458469327, 31.774694004071989 ], [ 75.558860458480012, 31.776278004073447 ], [ 75.563362458484107, 31.779278004076332 ], [ 75.565193458485965, 31.782972004079738 ], [ 75.558197458479299, 31.798389004094133 ], [ 75.550666458472278, 31.806084004101194 ], [ 75.548309458470158, 31.8082220041033 ], [ 75.547531458469393, 31.813667004108311 ], [ 75.549247458470973, 31.820305004114516 ], [ 75.553642458475224, 31.827473004121202 ], [ 75.556167458477603, 31.836361004129458 ], [ 75.565475458486162, 31.850500004142532 ], [ 75.566581458487235, 31.854055004145948 ], [ 75.567665458488136, 31.857529004149228 ], [ 75.565834458486506, 31.867361004158283 ], [ 75.539024458461427, 31.915388004203123 ], [ 75.53266945845553, 31.928888004215651 ], [ 75.52986145845307, 31.939167004225055 ], [ 75.546142458468239, 31.970194004254154 ], [ 75.54802745846996, 31.988277004270913 ], [ 75.547805458469611, 31.990055004272563 ], [ 75.546638458468578, 32.000000004281901 ], [ 75.543197458465329, 32.000557004282427 ], [ 75.539718458462175, 32.025917004305938 ], [ 75.54061145846299, 32.031029004310767 ], [ 75.548919458470664, 32.039860004318825 ], [ 75.555473458476854, 32.052418004330548 ], [ 75.55549645847691, 32.055611004333514 ], [ 75.574165458494235, 32.072556004349281 ], [ 75.586082458505416, 32.086834004362572 ], [ 75.593246458512112, 32.091000004366606 ], [ 75.612052458529661, 32.09366600436897 ], [ 75.617111458534282, 32.094387004369764 ], [ 75.624641458541191, 32.095470004370782 ], [ 75.630470458546597, 32.097362004372599 ], [ 75.631774458547852, 32.097778004372913 ], [ 75.639892458555551, 32.104637004379356 ], [ 75.644722458559954, 32.106361004380915 ], [ 75.660331458574547, 32.106251004380738 ], [ 75.671669458585029, 32.114807004388695 ], [ 75.679054458591963, 32.115391004389267 ], [ 75.68369245859617, 32.112862004386898 ], [ 75.675056458588188, 32.11225100438628 ], [ 75.662803458576718, 32.102585004377261 ], [ 75.647445458562515, 32.102695004377438 ], [ 75.641861458557287, 32.101139004375909 ], [ 75.634780458550722, 32.095749004370873 ], [ 75.630996458547088, 32.093250004368656 ], [ 75.630531458546784, 32.093166004368641 ], [ 75.618164458535148, 32.0908620043665 ], [ 75.612831458530309, 32.089863004365498 ], [ 75.608001458525678, 32.088974004364673 ], [ 75.592941458511859, 32.084221004360188 ], [ 75.590667458509643, 32.073971004350597 ], [ 75.581275458500841, 32.062752004340155 ], [ 75.568748458489154, 32.04294600432172 ], [ 75.567253458487812, 32.039501004318709 ], [ 75.562553458483535, 32.035694004315019 ], [ 75.554359458475801, 32.032749004312336 ], [ 75.549636458471468, 32.029362004309178 ], [ 75.546554458468563, 32.023724004303858 ], [ 75.546058458467996, 32.016304004296899 ], [ 75.55027745847201, 32.001751004283506 ], [ 75.552719458474257, 32.000000004281901 ], [ 75.55469545847609, 31.988472004270989 ], [ 75.555641458477112, 31.982860004265831 ], [ 75.54985845847159, 31.965111004249366 ], [ 75.537109458459781, 31.943556004229322 ], [ 75.535163458457873, 31.9371660042234 ], [ 75.536193458458911, 31.93149900421804 ], [ 75.541946458464281, 31.920750004208003 ], [ 75.549224458471144, 31.907194004195389 ], [ 75.56447645848516, 31.883667004173503 ], [ 75.572975458493147, 31.862167004153434 ], [ 75.57311245849337, 31.852388004144359 ], [ 75.567253458487812, 31.83919500413208 ], [ 75.557220458478469, 31.825277004119016 ], [ 75.551941458473493, 31.81416700410864 ], [ 75.552024458473625, 31.809584004104408 ], [ 75.554557458475983, 31.805555004100825 ], [ 75.563415458484315, 31.801166004096558 ], [ 75.570472458490713, 31.78722200408356 ], [ 75.569999458490429, 31.780777004077663 ], [ 75.568916458489412, 31.778084004075026 ], [ 75.550636458472354, 31.765222004063162 ], [ 75.54802745846996, 31.760027004058429 ], [ 75.547752458469631, 31.759472004057898 ], [ 75.546195458468219, 31.749722004048635 ], [ 75.547027458469074, 31.741777004041296 ], [ 75.54763745846958, 31.736139004035977 ], [ 75.54447145846666, 31.729334004029624 ], [ 75.544555458466675, 31.724972004025631 ], [ 75.539108458461669, 31.71552800401696 ], [ 75.536392458458977, 31.701221004003628 ], [ 75.533638458456608, 31.699528004001877 ], [ 75.521698458445371, 31.692223003995196 ], [ 75.503028458427934, 31.688139003991409 ], [ 75.49719245842266, 31.684473003987932 ], [ 75.495056458420549, 31.683140003986637 ], [ 75.493194458418884, 31.678806003982572 ], [ 75.498191458423435, 31.655750003961202 ], [ 75.491447458417269, 31.643612003950011 ], [ 75.482170458408518, 31.636139003942844 ], [ 75.473304458400435, 31.633472003940369 ], [ 75.449668458378255, 31.633249003940136 ], [ 75.441497458370804, 31.629833003937165 ], [ 75.436080458365723, 31.627556003934842 ], [ 75.429580458359624, 31.622723003930332 ], [ 75.426887458357214, 31.622778003930534 ], [ 75.416252458347117, 31.610332003918984 ], [ 75.401252458333147, 31.585306003895539 ], [ 75.397247458329502, 31.58269500389315 ], [ 75.393364458325777, 31.582806003893211 ], [ 75.389808458322477, 31.585167003895549 ], [ 75.382751458316079, 31.585361003895741 ], [ 75.379249458312643, 31.582527003893119 ], [ 75.371612458305663, 31.56541600387709 ], [ 75.357055458292052, 31.545778003858686 ], [ 75.353721458288874, 31.542584003855836 ], [ 75.331390458268061, 31.521194003835944 ], [ 75.318252458255984, 31.513611003828828 ], [ 75.312110458250118, 31.508778003824318 ], [ 75.310417458248594, 31.507444003823139 ], [ 75.308502458246949, 31.50594500382158 ], [ 75.306968458245365, 31.504250003820061 ], [ 75.303581458242206, 31.500528003816726 ], [ 75.291053458230635, 31.48677800380392 ], [ 75.288307458228019, 31.483000003800271 ], [ 75.270919458211893, 31.459139003778091 ], [ 75.263664458205085, 31.453251003772721 ], [ 75.256301458198323, 31.450527003770048 ], [ 75.247947458190538, 31.448223003767907 ], [ 75.236892458180137, 31.451221003770797 ], [ 75.229469458173298, 31.448250003767953 ], [ 75.227218458171137, 31.445807003765594 ], [ 75.225723458169796, 31.437723003758038 ], [ 75.221496458165802, 31.43469400375534 ], [ 75.215164458159961, 31.434223003754823 ], [ 75.201835458147571, 31.420778003742271 ], [ 75.198333458144134, 31.410250003732472 ], [ 75.191085458137422, 31.396444003719807 ], [ 75.180694458127846, 31.38830600371216 ], [ 75.176612458124055, 31.385111003709198 ], [ 75.175941458123361, 31.382805003707062 ], [ 75.17524745812284, 31.380362003704704 ], [ 75.1785274581257, 31.369028003694211 ], [ 75.178642458125978, 31.366139003691387 ], [ 75.179168458126469, 31.351084003677443 ], [ 75.178169458125467, 31.346666003673363 ], [ 75.177749458125163, 31.344862003671778 ], [ 75.177528458124925, 31.344667003671475 ], [ 75.169250458117176, 31.337749003665067 ], [ 75.160888458109412, 31.333973003661413 ], [ 75.160003458108577, 31.333555003661104 ], [ 75.154472458103328, 31.33102800365873 ], [ 75.128387458079033, 31.320807003649179 ], [ 75.126808458077676, 31.316250003645109 ], [ 75.127693458078511, 31.306444003635988 ], [ 75.126472458077387, 31.301056003630947 ], [ 75.121749458072827, 31.280306003611486 ], [ 75.116531458068039, 31.275833003607431 ], [ 75.100112458052763, 31.271028003602851 ], [ 75.096885458049655, 31.268583003600725 ], [ 75.096168458049078, 31.265139003597369 ], [ 75.095169458048076, 31.260084003592738 ], [ 75.087974458041572, 31.232944003567354 ], [ 75.083831458037594, 31.232416003566868 ], [ 75.065612458020723, 31.215723003551375 ], [ 75.056251458011957, 31.203028003539657 ], [ 75.054252458010069, 31.193277003530511 ], [ 75.05516845801094, 31.184084003522003 ], [ 75.056274458012012, 31.181555003519634 ], [ 75.060836458016183, 31.179138003517437 ], [ 75.065475458020501, 31.180500003518546 ], [ 75.075668458029895, 31.188389003526026 ], [ 75.085670458039431, 31.190027003527575 ], [ 75.095222458048283, 31.19355600353083 ], [ 75.110168458062162, 31.205500003541829 ], [ 75.117614458069056, 31.207806003543965 ], [ 75.123359458074447, 31.209583003545731 ], [ 75.134223458084534, 31.214750003550535 ], [ 75.144111458093676, 31.213249003548981 ], [ 75.150474458099779, 31.214972003550656 ], [ 75.164581458112707, 31.22402800355917 ], [ 75.172859458120456, 31.224861003559909 ], [ 75.17669645812407, 31.222889003558066 ], [ 75.184196458131055, 31.222500003557798 ], [ 75.176086458123564, 31.219360003554812 ], [ 75.168335458116417, 31.220167003555616 ], [ 75.145164458094769, 31.208834003545007 ], [ 75.135780458085947, 31.210112003546101 ], [ 75.12464145807553, 31.203501003539941 ], [ 75.116081458067583, 31.201611003538346 ], [ 75.102302458054737, 31.195694003532708 ], [ 75.080474458034587, 31.179306003517468 ], [ 75.076583458030882, 31.171888003510503 ], [ 75.062553458017874, 31.172222003510797 ], [ 75.060554458015986, 31.170805003509486 ], [ 75.061164458016492, 31.170250003508954 ], [ 75.080108458034147, 31.152834003492899 ], [ 75.090500458043834, 31.148056003488364 ], [ 75.107887458060077, 31.140055003480938 ], [ 75.109252458061292, 31.139416003480392 ], [ 75.110138458062011, 31.139360003480306 ], [ 75.125694458076623, 31.138416003479506 ], [ 75.12758645807844, 31.136889003478018 ], [ 75.123359458074447, 31.133028003474465 ], [ 75.129943458080561, 31.127251003468928 ], [ 75.139724458089631, 31.114916003457438 ], [ 75.146247458095786, 31.091612003435785 ], [ 75.138694458088594, 31.097639003441373 ], [ 75.138054458088163, 31.099138003442931 ], [ 75.132614458083026, 31.111750003454517 ], [ 75.108528458060619, 31.131721003473103 ], [ 75.107360458059475, 31.131555003473068 ], [ 75.106392458058508, 31.131445003472891 ], [ 75.102912458055471, 31.131027003472582 ], [ 75.100975458053654, 31.130251003471813 ], [ 75.087219458040863, 31.124722003466559 ], [ 75.075805458030118, 31.123472003465395 ], [ 75.074584458028994, 31.123333003465405 ], [ 75.051025458006961, 31.129723003471327 ], [ 75.042083457998615, 31.134222003475543 ], [ 75.036720457993624, 31.136944003477993 ], [ 75.028274457985844, 31.138805003479774 ], [ 75.002166457961494, 31.140028003480893 ], [ 74.999999457959575, 31.140612003481465 ] ], [ [ 75.044334458000776, 31.18702700352469 ], [ 75.044052458000579, 31.193916003531058 ], [ 75.041557457998124, 31.198778003535608 ], [ 75.032943457990314, 31.194611003531691 ], [ 75.022193457980165, 31.19191700352917 ], [ 75.019195457977503, 31.189501003527084 ], [ 75.018836457977159, 31.185944003523673 ], [ 75.021919457979948, 31.183584003521446 ], [ 75.031387457988785, 31.18400000352176 ], [ 75.036109457993234, 31.179501003517771 ], [ 75.042198457998893, 31.180000003518217 ], [ 75.044334458000776, 31.18702700352469 ] ], [ [ 75.053108458009092, 31.204140003540715 ], [ 75.057998458013572, 31.212778003548692 ], [ 75.053642458009563, 31.213083003548945 ], [ 75.048667458004957, 31.208834003545007 ], [ 75.047332458003666, 31.20511100354156 ], [ 75.050140458006126, 31.202110003538792 ], [ 75.053108458009092, 31.204140003540715 ] ], [ [ 75.080970458034926, 31.234139003568544 ], [ 75.078414458032512, 31.237749003571935 ], [ 75.073303458027794, 31.23702800357114 ], [ 75.069809458024565, 31.233583003568128 ], [ 75.064613458019721, 31.222221003557479 ], [ 75.067749458022718, 31.221945003557266 ], [ 75.080970458034926, 31.234139003568544 ] ], [ [ 75.258392458200206, 31.455055003774305 ], [ 75.261253458202873, 31.460833003779726 ], [ 75.25138845819356, 31.456694003775738 ], [ 75.243362458186084, 31.456472003775616 ], [ 75.242805458185558, 31.454390003773597 ], [ 75.245636458188301, 31.451416003770873 ], [ 75.250968458193256, 31.450861003770342 ], [ 75.258392458200206, 31.455055003774305 ] ], [ [ 75.479942458406413, 31.642471003948913 ], [ 75.486969458413114, 31.648111003954 ], [ 75.493331458418879, 31.656084003961496 ], [ 75.49424745841975, 31.660639003965798 ], [ 75.492385458418084, 31.667139003971897 ], [ 75.49021945841605, 31.678055003982081 ], [ 75.487052458413245, 31.677917003981747 ], [ 75.471611458398684, 31.654139003959699 ], [ 75.464057458391608, 31.64724900395322 ], [ 75.457641458385751, 31.644722003950847 ], [ 75.45583345838395, 31.642471003948913 ], [ 75.458641458386637, 31.639055003945714 ], [ 75.479942458406413, 31.642471003948913 ] ], [ [ 75.561554458482533, 32.039444004318511 ], [ 75.565528458486142, 32.043221004322049 ], [ 75.567024458487595, 32.050026004328402 ], [ 75.564636458485438, 32.052445004330593 ], [ 75.556610458477962, 32.039612004318769 ], [ 75.558914458480103, 32.038471004317671 ], [ 75.561554458482533, 32.039444004318511 ] ] ] } },
{ "type": "Feature", "properties": { "ISO": "IND", "COUNTRY": "India", "F_CODE_DES": "Inland Water", "HYC_DESCRI": "Perennial/Permanent", "NAME": "UNK" }, "geometry": { "type": "Polygon", "coordinates": [ [ [ 75.434135458363926, 32.098557004373561 ], [ 75.435028458364741, 32.096474004371657 ], [ 75.433555458363344, 32.096195004371339 ], [ 75.413414458344505, 32.097305004372402 ], [ 75.40897345834037, 32.093498004368939 ], [ 75.406112458337702, 32.084888004360892 ], [ 75.402496458334326, 32.079861004356189 ], [ 75.394332458326744, 32.076084004352651 ], [ 75.385780458318777, 32.07458500435132 ], [ 75.380973458314429, 32.075832004352378 ], [ 75.385780458318777, 32.077972004354478 ], [ 75.393997458326567, 32.087277004363159 ], [ 75.39746845832974, 32.091221004366844 ], [ 75.395805458328141, 32.093887004369208 ], [ 75.389778458322553, 32.095055004370352 ], [ 75.385528458318504, 32.099056004374006 ], [ 75.388252458321176, 32.102585004377261 ], [ 75.397857458330009, 32.107056004381548 ], [ 75.40450245833631, 32.107613004382074 ], [ 75.410385458341807, 32.105167004379837 ], [ 75.420059458350806, 32.104805004379386 ], [ 75.427886458357989, 32.102859004377706 ], [ 75.434135458363926, 32.098557004373561 ] ] ] } },
{ "type": "Feature", "properties": { "ISO": "IND", "COUNTRY": "India", "F_CODE_DES": "Land Subject to Inundation", "HYC_DESCRI": "Non-Perennial/Intermittent/Fluctuating", "NAME": null }, "geometry": { "type": "Polygon", "coordinates": [ [ [ 76.147918459028688, 32.000000004281901 ], [ 76.137474459018904, 32.000446004282139 ], [ 76.130279459012172, 32.000752004282504 ], [ 76.11105345899432, 32.001583004283248 ], [ 76.109390458992721, 32.001667004283263 ], [ 76.103248458987082, 32.003056004284645 ], [ 76.093307458977733, 32.01230600429335 ], [ 76.088501458973269, 32.013916004294742 ], [ 76.086723458971619, 32.015251004296033 ], [ 76.074996458960641, 32.021473004301697 ], [ 76.073585458959315, 32.023056004303271 ], [ 76.069862458955868, 32.024139004304288 ], [ 76.053169458940374, 32.029110004308905 ], [ 76.052559458939868, 32.02955600430937 ], [ 76.043556458931334, 32.036251004315545 ], [ 76.041496458929487, 32.040111004319215 ], [ 76.042640458930464, 32.044472004323325 ], [ 76.045692458933445, 32.047585004326038 ], [ 76.053108458940414, 32.049526004327845 ], [ 76.054252458941392, 32.051029004329394 ], [ 76.064163458950588, 32.050888004329181 ], [ 76.070503458956409, 32.052445004330593 ], [ 76.086418458971366, 32.059250004336945 ], [ 76.088607458973456, 32.060196004337968 ], [ 76.09483345897911, 32.070137004347089 ], [ 76.095802458980188, 32.071693004348617 ], [ 76.102890458986622, 32.073502004350303 ], [ 76.104637458988236, 32.077362004353972 ], [ 76.102531458986277, 32.083168004359322 ], [ 76.104278458987892, 32.08705500436281 ], [ 76.119194459001847, 32.092030004367416 ], [ 76.119140459001756, 32.09188800436732 ], [ 76.115585458998567, 32.084168004360208 ], [ 76.114669458997696, 32.08302700435911 ], [ 76.109581458992807, 32.076584004353208 ], [ 76.105392458988945, 32.066055004343298 ], [ 76.111305458994593, 32.048668004327055 ], [ 76.110496458993794, 32.044277004323021 ], [ 76.108558458991865, 32.042221004321163 ], [ 76.106193458989765, 32.039749004318764 ], [ 76.105636458989238, 32.03580500431508 ], [ 76.112945458996137, 32.026279004306389 ], [ 76.118026459000703, 32.022915004303059 ], [ 76.121086459003664, 32.020916004301398 ], [ 76.13674945901812, 32.015415004296074 ], [ 76.144027459024983, 32.015278004296079 ], [ 76.155136459035248, 32.018276004298741 ], [ 76.162940459042602, 32.027111004307017 ], [ 76.167640459046879, 32.029610004309461 ], [ 76.17569745905439, 32.029724004309401 ], [ 76.176414459055195, 32.028557004308368 ], [ 76.178390459057027, 32.025249004305351 ], [ 76.174583459053338, 32.017834004298493 ], [ 76.166862459046342, 32.00275000428428 ], [ 76.164802459044267, 32.001057004282757 ], [ 76.147918459028688, 32.000000004281901 ] ] ] } },
{ "type": "Feature", "properties": { "ISO": "IND", "COUNTRY": "India", "F_CODE_DES": "Inland Water", "HYC_DESCRI": "Perennial/Permanent", "NAME": "UNK" }, "geometry": { "type": "Polygon", "coordinates": [ [ [ 75.378639458312136, 32.084362004360401 ], [ 75.378997458312597, 32.079113004355577 ], [ 75.374275458308148, 32.079498004355855 ], [ 75.371665458305642, 32.084641004360719 ], [ 75.375251458309094, 32.090305004365973 ], [ 75.378364458311808, 32.091946004367401 ], [ 75.38205745831533, 32.088749004364445 ], [ 75.378639458312136, 32.084362004360401 ] ] ] } },
{ "type": "Feature", "properties": { "ISO": "IND", "COUNTRY": "India", "F_CODE_DES": "Inland Water", "HYC_DESCRI": "Perennial/Permanent", "NAME": "UNK" }, "geometry": { "type": "Polygon", "coordinates": [ [ [ 75.261474458203111, 32.049473004327865 ], [ 75.27077445821169, 32.047195004325658 ], [ 75.275863458216463, 32.048943004327384 ], [ 75.279861458220239, 32.04852700432707 ], [ 75.281555458221646, 32.045639004324357 ], [ 75.276306458216823, 32.04283500432166 ], [ 75.26277945820425, 32.041721004320607 ], [ 75.255447458197523, 32.047054004325673 ], [ 75.261474458203111, 32.049473004327865 ] ] ] } },
{ "type": "Feature", "properties": { "ISO": "IND", "COUNTRY": "India", "F_CODE_DES": "Inland Water", "HYC_DESCRI": "Perennial/Permanent", "NAME": "RAVI" }, "geometry": { "type": "MultiPolygon", "coordinates": [ [ [ [ 74.85834445782757, 32.014439004295355 ], [ 74.85834445782757, 32.016663004297243 ], [ 74.866524457835112, 32.016663004297243 ], [ 74.867141457835714, 32.016418004297066 ], [ 74.874084457842173, 32.016582004297334 ], [ 74.874193457842466, 32.016663004297243 ], [ 74.875015457843119, 32.016663004297243 ], [ 74.875015457843119, 32.01726600429788 ], [ 74.878776457846698, 32.020027004300573 ], [ 74.879798457847528, 32.024998004305189 ], [ 74.883346457850848, 32.024998004305189 ], [ 74.883346457850848, 32.030303004310099 ], [ 74.886001457853354, 32.032444004312083 ], [ 74.888490457855596, 32.033329004312918 ], [ 74.891677457858577, 32.033329004312918 ], [ 74.891677457858577, 32.034410004313941 ], [ 74.90235945786867, 32.032082004311633 ], [ 74.893806457860592, 32.030556004310256 ], [ 74.889305457856381, 32.027973004307796 ], [ 74.885582457852934, 32.016613004297369 ], [ 74.885086457852594, 32.015083004295775 ], [ 74.881278457849021, 32.012974004293937 ], [ 74.862197457831144, 32.013416004294413 ], [ 74.861610457830693, 32.013557004294398 ], [ 74.85834445782757, 32.014439004295355 ] ] ], [ [ [ 74.741676457718995, 31.93731700422336 ], [ 74.741676457718995, 31.941664004227505 ], [ 74.741676457718995, 31.945139004230668 ], [ 74.744308457721445, 31.945168004230709 ], [ 74.748275457725185, 31.945194004230871 ], [ 74.755058457731366, 31.942778004228558 ], [ 74.760581457736635, 31.939751004225627 ], [ 74.76061245773667, 31.937250004223415 ], [ 74.760635457736498, 31.936306004222388 ], [ 74.760780457736701, 31.921194004208473 ], [ 74.765167457740745, 31.920473004207679 ], [ 74.783386457757842, 31.939417004225334 ], [ 74.791862457765774, 31.948250004233614 ], [ 74.794502457768203, 31.955055004239966 ], [ 74.794536457768118, 31.958330004242953 ], [ 74.799601457772951, 31.958330004242953 ], [ 74.800750457774029, 31.951805004237031 ], [ 74.79785945777121, 31.944584004230137 ], [ 74.796836457770269, 31.943556004229322 ], [ 74.766670457742293, 31.912945004200765 ], [ 74.762031457737976, 31.913666004201332 ], [ 74.758003457734048, 31.917723004205072 ], [ 74.750190457726831, 31.934528004220738 ], [ 74.747192457724168, 31.936527004222626 ], [ 74.746803457723672, 31.936777004222904 ], [ 74.74563645772264, 31.937555004223668 ], [ 74.741676457718995, 31.93731700422336 ] ] ], [ [ [ 74.733345457711266, 31.935837004222094 ], [ 74.727470457705749, 31.934195004220555 ], [ 74.725639457704119, 31.929832004216451 ], [ 74.726081457704367, 31.923334004210346 ], [ 74.726333457704641, 31.919834004207132 ], [ 74.724975457703295, 31.915277004202835 ], [ 74.720886457699635, 31.908472004196483 ], [ 74.715858457694821, 31.903999004192428 ], [ 74.710914457690251, 31.901388004190039 ], [ 74.704330457684136, 31.901945004190566 ], [ 74.676528457658378, 31.907417004195622 ], [ 74.675010457656754, 31.907710004195906 ], [ 74.675010457656754, 31.908331004196498 ], [ 74.68334945766469, 31.908331004196498 ], [ 74.68334945766469, 31.912037004199874 ], [ 74.692833457673487, 31.909472004197596 ], [ 74.703056457683033, 31.908638004196746 ], [ 74.709472457688889, 31.910999004198857 ], [ 74.715751457694751, 31.917334004204804 ], [ 74.71839145769718, 31.92352900421065 ], [ 74.716918457695783, 31.932112004218652 ], [ 74.718307457697165, 31.938528004224509 ], [ 74.72180845770049, 31.941664004227505 ], [ 74.725013457703426, 31.941664004227505 ], [ 74.733345457711266, 31.941664004227505 ], [ 74.733345457711266, 31.935837004222094 ] ] ], [ [ [ 74.633346457618018, 31.867601004158587 ], [ 74.633346457618018, 31.874774004165147 ], [ 74.633696457618498, 31.874996004165496 ], [ 74.641677457625747, 31.874996004165496 ], [ 74.641677457625747, 31.878250004168422 ], [ 74.651725457635166, 31.879278004169464 ], [ 74.660583457643497, 31.882444004172385 ], [ 74.666053457648559, 31.886278004175892 ], [ 74.669441457651601, 31.893722004182791 ], [ 74.666664457649176, 31.899666004188475 ], [ 74.666507457649004, 31.899998004188774 ], [ 74.666679457649025, 31.899998004188774 ], [ 74.673947457655913, 31.899998004188774 ], [ 74.676055457657867, 31.894833004183965 ], [ 74.675109457656845, 31.887138004176677 ], [ 74.671585457653691, 31.882833004172653 ], [ 74.664863457647471, 31.878389004168639 ], [ 74.644058457628034, 31.875694004166007 ], [ 74.633346457618018, 31.867601004158587 ] ] ], [ [ [ 74.625015457610289, 31.863788004154912 ], [ 74.625015457610289, 31.866663004157544 ], [ 74.632105457616944, 31.866663004157544 ], [ 74.630333457615279, 31.865334004156466 ], [ 74.625015457610289, 31.863788004154912 ] ] ], [ [ [ 74.558349457548275, 31.818904004113165 ], [ 74.558349457548275, 31.824997004118813 ], [ 74.566680457556004, 31.824997004118813 ], [ 74.575012457563844, 31.824997004118813 ], [ 74.575012457563844, 31.830769004124249 ], [ 74.576309457565003, 31.83127800412467 ], [ 74.584609457572697, 31.834583004127808 ], [ 74.591331457578917, 31.839666004132596 ], [ 74.594413457581823, 31.846056004138518 ], [ 74.594468457581797, 31.849997004142097 ], [ 74.600013457587011, 31.849997004142097 ], [ 74.600013457587011, 31.858330004149821 ], [ 74.603772457590594, 31.858330004149821 ], [ 74.602752457589531, 31.854084004145989 ], [ 74.600219457587173, 31.843639004136094 ], [ 74.594612457581889, 31.834583004127808 ], [ 74.589859457577631, 31.830305004123829 ], [ 74.573112457562047, 31.823139004117138 ], [ 74.572997457561769, 31.823084004116936 ], [ 74.571418457560412, 31.822416004116349 ], [ 74.569358457558565, 31.821556004115564 ], [ 74.568695457557851, 31.821388004115533 ], [ 74.566749457555943, 31.820917004115017 ], [ 74.558349457548275, 31.818904004113165 ] ] ], [ [ [ 74.542048457532928, 31.766664004064523 ], [ 74.541679457532609, 31.766664004064523 ], [ 74.541679457532609, 31.774998004072359 ], [ 74.541679457532609, 31.779565004076403 ], [ 74.541915457532923, 31.780001004076894 ], [ 74.541679457532609, 31.780590004077567 ], [ 74.541679457532609, 31.783331004080082 ], [ 74.541679457532609, 31.789357004085559 ], [ 74.542724457533723, 31.791250004087487 ], [ 74.542529457533419, 31.791664004087806 ], [ 74.550010457540338, 31.791664004087806 ], [ 74.550010457540338, 31.798843004094579 ], [ 74.550468457540774, 31.798584004094209 ], [ 74.551086457541487, 31.794001004089978 ], [ 74.547386457538096, 31.783445004080022 ], [ 74.550552457541016, 31.77483400407209 ], [ 74.548774457539366, 31.771749004069306 ], [ 74.544113457534877, 31.770166004067733 ], [ 74.542694457533571, 31.767778004065576 ], [ 74.542048457532928, 31.766664004064523 ] ] ], [ [ [ 74.53334845752488, 31.754604004053363 ], [ 74.53334845752488, 31.758329004056804 ], [ 74.541419457532356, 31.758329004056804 ], [ 74.539833457530904, 31.756695004055246 ], [ 74.538780457530038, 31.756361004054952 ], [ 74.53334845752488, 31.754604004053363 ] ] ], [ [ [ 74.516677457509331, 31.729079004029472 ], [ 74.516677457509331, 31.733330004033405 ], [ 74.516677457509331, 31.741663004041129 ], [ 74.516677457509331, 31.749996004049081 ], [ 74.520674457513223, 31.749996004049081 ], [ 74.521224457513654, 31.734138004034321 ], [ 74.519142457511634, 31.729389004029827 ], [ 74.517585457510222, 31.729195004029634 ], [ 74.516677457509331, 31.729079004029472 ] ] ] ] } },
{ "type": "Feature", "properties": { "ISO": "IND", "COUNTRY": "India", "F_CODE_DES": "Inland Water", "HYC_DESCRI": "Perennial/Permanent", "NAME": "UNK" }, "geometry": { "type": "Polygon", "coordinates": [ [ [ 75.200080458145976, 32.014832004295613 ], [ 75.188247458134811, 32.013805004294682 ], [ 75.183525458130362, 32.017555004298174 ], [ 75.187309458133996, 32.020084004300543 ], [ 75.199165458144989, 32.020500004300857 ], [ 75.205581458151073, 32.023998004304076 ], [ 75.208557458153791, 32.02436100430441 ], [ 75.210220458155391, 32.021500004301743 ], [ 75.205863458151271, 32.01683400429738 ], [ 75.200080458145976, 32.014832004295613 ] ] ] } },
{ "type": "Feature", "properties": { "ISO": "IND", "COUNTRY": "India", "F_CODE_DES": "Inland Water", "HYC_DESCRI": "Perennial/Permanent", "NAME": "UNK" }, "geometry": { "type": "Polygon", "coordinates": [ [ [ 76.600723459450364, 31.890583004179916 ], [ 76.58930245943975, 31.881166004171064 ], [ 76.577362459428514, 31.876556004166787 ], [ 76.557335459409842, 31.876417004166797 ], [ 76.544860459398251, 31.870556004161244 ], [ 76.542198459395877, 31.870666004161421 ], [ 76.550025459403059, 31.882055004171889 ], [ 76.566864459418866, 31.886722004176363 ], [ 76.574470459425811, 31.892916004182098 ], [ 76.58016945943109, 31.895027004184158 ], [ 76.588249459438657, 31.895361004184451 ], [ 76.600723459450364, 31.890583004179916 ] ], [ [ 76.584114459434886, 31.885305004175052 ], [ 76.585914459436481, 31.887112004176743 ], [ 76.585029459435646, 31.889029004178383 ], [ 76.57913945943028, 31.888584004178028 ], [ 76.571083459422653, 31.883444004173271 ], [ 76.570251459422025, 31.881166004171064 ], [ 76.574142459425502, 31.880638004170578 ], [ 76.584114459434886, 31.885305004175052 ] ] ] } },
{ "type": "Feature", "properties": { "ISO": "IND", "COUNTRY": "India", "F_CODE_DES": "Inland Water", "HYC_DESCRI": "Non-Perennial/Intermittent/Fluctuating", "NAME": "UNK" }, "geometry": { "type": "Polygon", "coordinates": [ [ [ 76.542198459395877, 31.870666004161421 ], [ 76.544860459398251, 31.870556004161244 ], [ 76.557335459409842, 31.876417004166797 ], [ 76.577362459428514, 31.876556004166787 ], [ 76.58930245943975, 31.881166004171064 ], [ 76.600723459450364, 31.890583004179916 ], [ 76.633781459481042, 31.876528004166857 ], [ 76.636329459483477, 31.868917004159812 ], [ 76.630920459478375, 31.867666004158536 ], [ 76.626335459474149, 31.868860004159615 ], [ 76.6132204594619, 31.875750004166093 ], [ 76.607170459456256, 31.876806004167065 ], [ 76.60177645945123, 31.876139004166362 ], [ 76.590721459441056, 31.869638004160379 ], [ 76.576530459427886, 31.869083004159847 ], [ 76.56055445941297, 31.861500004152731 ], [ 76.542221459395932, 31.860861004152184 ], [ 76.532997459387161, 31.862417004153713 ], [ 76.533607459387895, 31.864471004155575 ], [ 76.542198459395877, 31.870666004161421 ] ] ] } },
{ "type": "Feature", "properties": { "ISO": "IND", "COUNTRY": "India", "F_CODE_DES": "Inland Water", "HYC_DESCRI": "Non-Perennial/Intermittent/Fluctuating", "NAME": "UNK" }, "geometry": { "type": "Polygon", "coordinates": [ [ [ 77.176330459986502, 31.835638004128668 ], [ 77.17361445998381, 31.830500004123905 ], [ 77.171363459981876, 31.841168004133806 ], [ 77.166053459976865, 31.84897200414116 ], [ 77.170196459980616, 31.850195004142279 ], [ 77.176940459987009, 31.843472004135947 ], [ 77.177917459987839, 31.838667004131594 ], [ 77.176330459986502, 31.835638004128668 ] ] ] } },
{ "type": "Feature", "properties": { "ISO": "IND", "COUNTRY": "India", "F_CODE_DES": "Inland Water", "HYC_DESCRI": "Perennial/Permanent", "NAME": "UNK" }, "geometry": { "type": "Polygon", "coordinates": [ [ [ 74.96511045792704, 31.824444004118277 ], [ 74.970611457932137, 31.8207780041148 ], [ 74.979415457940377, 31.821833004115888 ], [ 74.983528457944203, 31.820694004114785 ], [ 74.984916457945474, 31.818361004112603 ], [ 74.980163457940989, 31.814501004109161 ], [ 74.973335457934809, 31.814444004108964 ], [ 74.960418457922742, 31.822250004116313 ], [ 74.959503457921755, 31.824139004118024 ], [ 74.96511045792704, 31.824444004118277 ] ] ] } },
{ "type": "Feature", "properties": { "ISO": "IND", "COUNTRY": "India", "F_CODE_DES": "Inland Water", "HYC_DESCRI": "Perennial/Permanent", "NAME": "UNK" }, "geometry": { "type": "Polygon", "coordinates": [ [ [ 77.081085459897622, 31.661945003967048 ], [ 77.078330459895142, 31.660749003965748 ], [ 77.073860459890966, 31.662445003967377 ], [ 77.071251459888572, 31.66449900396924 ], [ 77.069168459886669, 31.665890003970617 ], [ 77.065246459882928, 31.666611003971411 ], [ 77.068916459886395, 31.669834003974302 ], [ 77.089469459905558, 31.677973003981833 ], [ 77.103584459918693, 31.680416003984192 ], [ 77.102058459917316, 31.677195003981069 ], [ 77.099388459914735, 31.674139003978325 ], [ 77.095085459910706, 31.672361003976675 ], [ 77.091392459907183, 31.671694003975972 ], [ 77.087303459903524, 31.671528003975936 ], [ 77.082969459899459, 31.671112003975622 ], [ 77.080558459897247, 31.669390003973831 ], [ 77.080024459896777, 31.667250003971958 ], [ 77.080917459897591, 31.665138003970014 ], [ 77.081085459897622, 31.661945003967048 ] ] ] } },
{ "type": "Feature", "properties": { "ISO": "IND", "COUNTRY": "India", "F_CODE_DES": "Inland Water", "HYC_DESCRI": "Perennial/Permanent", "NAME": "UNK" }, "geometry": { "type": "Polygon", "coordinates": [ [ [ 75.573524458493694, 31.009806003359699 ], [ 75.572975458493147, 31.00730500335726 ], [ 75.569641458489968, 31.009277003359102 ], [ 75.564781458485413, 31.008362003358343 ], [ 75.562225458483226, 31.011360003361006 ], [ 75.562805458483581, 31.014250003363713 ], [ 75.567916458488526, 31.015167003364695 ], [ 75.573524458493694, 31.009806003359699 ] ] ] } },
{ "type": "Feature", "properties": { "ISO": "IND", "COUNTRY": "India", "F_CODE_DES": "Inland Water", "HYC_DESCRI": "Non-Perennial/Intermittent/Fluctuating", "NAME": "UNK" }, "geometry": { "type": "Polygon", "coordinates": [ [ [ 76.761085459599599, 30.799055003163403 ], [ 76.722442459563581, 30.767334003133783 ], [ 76.721580459562801, 30.766640003133261 ], [ 76.716224459557907, 30.765167003131864 ], [ 76.684333459528261, 30.770472003136774 ], [ 76.677055459521398, 30.769890003136197 ], [ 76.637832459484798, 30.75552800312289 ], [ 76.633804459481098, 30.754055003121493 ], [ 76.625831459473602, 30.749332003116933 ], [ 76.623748459471699, 30.745640003113522 ], [ 76.622970459470935, 30.745222003113213 ], [ 76.618774459467204, 30.742889003111031 ], [ 76.616973459465498, 30.739834003108172 ], [ 76.600303459449833, 30.729750003098843 ], [ 76.596641459446573, 30.728834003097973 ], [ 76.593612459443648, 30.731028003099937 ], [ 76.594497459444483, 30.739973003108389 ], [ 76.596580459446386, 30.743445003111447 ], [ 76.617942459466349, 30.754972003122248 ], [ 76.632164459479554, 30.762667003129536 ], [ 76.646385459492876, 30.770334003136668 ], [ 76.654251459500074, 30.773167003139179 ], [ 76.663948459509129, 30.773472003139432 ], [ 76.673751459518371, 30.776472003142317 ], [ 76.683197459527037, 30.782389003147728 ], [ 76.697441459540414, 30.776890003142626 ], [ 76.705390459547743, 30.776194003142109 ], [ 76.713775459555563, 30.776611003142534 ], [ 76.715309459557147, 30.776695003142549 ], [ 76.725166459566253, 30.780916003146558 ], [ 76.747718459587304, 30.803305003167225 ], [ 76.752944459592072, 30.811472003174913 ], [ 76.756637459595595, 30.812805003176209 ], [ 76.762031459600621, 30.81908400318207 ], [ 76.767333459605425, 30.818890003181878 ], [ 76.769218459607146, 30.812750003176006 ], [ 76.766693459604994, 30.805555003169502 ], [ 76.761085459599599, 30.799055003163403 ] ] ] } },
{ "type": "Feature", "properties": { "ISO": "IND", "COUNTRY": "India", "F_CODE_DES": "Inland Water", "HYC_DESCRI": "Perennial/Permanent", "NAME": "GOVIND SAGAR" }, "geometry": { "type": "Polygon", "coordinates": [ [ [ 76.433052459294231, 31.411592003733858 ], [ 76.432952459294029, 31.411842003734137 ], [ 76.430084459291493, 31.414705003736799 ], [ 76.429969459291215, 31.414833003736931 ], [ 76.43041945929167, 31.416082003737984 ], [ 76.43264045929368, 31.422472003743906 ], [ 76.435806459296828, 31.431555003752464 ], [ 76.440307459300811, 31.43388900375453 ], [ 76.441192459301647, 31.437611003758093 ], [ 76.43477645929579, 31.441166003761282 ], [ 76.431503459292799, 31.449612003769289 ], [ 76.426170459287732, 31.455416003774644 ], [ 76.427223459288825, 31.462278003780966 ], [ 76.422279459284027, 31.466389003784798 ], [ 76.416526459278884, 31.467833003786154 ], [ 76.414718459277083, 31.471251003789348 ], [ 76.420028459282094, 31.475639003793503 ], [ 76.417167459279426, 31.482611003800002 ], [ 76.41280345927521, 31.483194003800463 ], [ 76.410835459273585, 31.476583003794303 ], [ 76.407165459270118, 31.476500003794172 ], [ 76.407608459270477, 31.486500003803485 ], [ 76.402221459265547, 31.491028003807742 ], [ 76.401611459264814, 31.493778003810348 ], [ 76.405586459268534, 31.50094400381704 ], [ 76.405334459268261, 31.506166003821818 ], [ 76.402557459265836, 31.509056003824526 ], [ 76.401832459265052, 31.509832003825295 ], [ 76.398803459262353, 31.507416003822982 ], [ 76.395469459259175, 31.497723003813917 ], [ 76.392112459255941, 31.498667003814944 ], [ 76.386779459251102, 31.521584003836324 ], [ 76.384887459249285, 31.522667003837341 ], [ 76.380386459245074, 31.519695003834386 ], [ 76.375778459240792, 31.520250003834917 ], [ 76.37249745923782, 31.523277003837848 ], [ 76.372665459237851, 31.526833003841148 ], [ 76.376167459241287, 31.529222003843415 ], [ 76.381553459246106, 31.530083003844084 ], [ 76.384696459249199, 31.534584003848295 ], [ 76.383972459248525, 31.540638003853928 ], [ 76.374168459239399, 31.560972003872848 ], [ 76.372024459237309, 31.578362003889197 ], [ 76.377525459242406, 31.57608400388699 ], [ 76.378944459243712, 31.564362003876113 ], [ 76.385002459249336, 31.558332003870419 ], [ 76.386390459250606, 31.551195003863768 ], [ 76.392974459256948, 31.545555003858681 ], [ 76.393943459257798, 31.534695003848356 ], [ 76.399864459263199, 31.531166003845101 ], [ 76.397552459261078, 31.523111003837585 ], [ 76.394889459258593, 31.517778003832746 ], [ 76.397781459261296, 31.517056003832067 ], [ 76.400444459263781, 31.522388003837023 ], [ 76.404441459267446, 31.524334003838703 ], [ 76.406440459269334, 31.514889003829921 ], [ 76.413330459275812, 31.510916003826424 ], [ 76.417030459279204, 31.5066110038224 ], [ 76.418418459280474, 31.499472003815754 ], [ 76.42455245928636, 31.50094400381704 ], [ 76.426635459288264, 31.498583003814929 ], [ 76.428253459289635, 31.48539000380265 ], [ 76.429611459290982, 31.483473003800782 ], [ 76.437385459298184, 31.483418003800807 ], [ 76.437942459298711, 31.474028003792 ], [ 76.443084459303464, 31.469250003787465 ], [ 76.444275459304663, 31.469000003787187 ], [ 76.445503459305655, 31.473972003791914 ], [ 76.448219459308348, 31.475555003793488 ], [ 76.451637459311542, 31.470222003788422 ], [ 76.457946459317327, 31.469389003787683 ], [ 76.457336459316821, 31.466694003785051 ], [ 76.453086459312772, 31.464138003782864 ], [ 76.465110459324023, 31.448778003768439 ], [ 76.469863459328508, 31.44272200376281 ], [ 76.467781459326488, 31.439251003759637 ], [ 76.464530459323441, 31.437695003758108 ], [ 76.463668459322662, 31.434389003755086 ], [ 76.469970459328579, 31.434166003754854 ], [ 76.48108645933894, 31.438167003758508 ], [ 76.483970459341663, 31.437250003757754 ], [ 76.485305459342726, 31.434917003755572 ], [ 76.483642459341354, 31.429972003750891 ], [ 76.489387459346744, 31.428528003749534 ], [ 76.490302459347504, 31.421806003743313 ], [ 76.495307459352034, 31.419556003741263 ], [ 76.500030459356594, 31.421694003743141 ], [ 76.502082459358462, 31.418693003740373 ], [ 76.50011445935661, 31.412945003735103 ], [ 76.505302459361474, 31.409000003731308 ], [ 76.504447459360563, 31.400888003723821 ], [ 76.510192459365953, 31.404249003727045 ], [ 76.513557459369167, 31.403305003726018 ], [ 76.513969459369491, 31.396418003719646 ], [ 76.522110459377018, 31.394056003717424 ], [ 76.524475459379346, 31.386889003710849 ], [ 76.530220459384736, 31.382805003707062 ], [ 76.537834459391661, 31.370777003695821 ], [ 76.545639459399126, 31.371778003696818 ], [ 76.544639459398013, 31.365973003691352 ], [ 76.550086459403246, 31.362862003688406 ], [ 76.550529459403606, 31.350973003677382 ], [ 76.553138459406, 31.349832003676283 ], [ 76.560470459412727, 31.361055003686715 ], [ 76.563057459415177, 31.359306003685106 ], [ 76.563636459415875, 31.355944003681998 ], [ 76.565940459418016, 31.353777003680079 ], [ 76.560386459412712, 31.34894400367557 ], [ 76.561058459413289, 31.347694003674405 ], [ 76.5664134594183, 31.347723003674218 ], [ 76.56727645941919, 31.345806003672578 ], [ 76.560524459412818, 31.341250003668392 ], [ 76.562416459414635, 31.339916003666985 ], [ 76.568084459419879, 31.342028003668929 ], [ 76.569862459421529, 31.338194003665421 ], [ 76.576751459427896, 31.340055003667203 ], [ 76.581275459432163, 31.338028003665386 ], [ 76.573997459425527, 31.333471003661089 ], [ 76.570968459422602, 31.328583003656604 ], [ 76.57033545942204, 31.327555003655561 ], [ 76.571388459422906, 31.3239730036521 ], [ 76.579559459430584, 31.327250003655308 ], [ 76.580139459431166, 31.324083003652277 ], [ 76.577163459428448, 31.31730500364597 ], [ 76.58016945943109, 31.313862003642726 ], [ 76.592025459442311, 31.318472003647003 ], [ 76.596885459446639, 31.318306003646967 ], [ 76.600051459449787, 31.313389003642442 ], [ 76.60600245945534, 31.310472003639688 ], [ 76.609001459458113, 31.307472003636803 ], [ 76.610054459458979, 31.298861003628872 ], [ 76.617385459465822, 31.294445003624787 ], [ 76.621780459469846, 31.289722003620227 ], [ 76.622108459470155, 31.286362003617114 ], [ 76.61858345946689, 31.278334003609643 ], [ 76.622695459470833, 31.272778003604571 ], [ 76.626274459474189, 31.271610003603428 ], [ 76.63658145948375, 31.273750003605528 ], [ 76.648551459494911, 31.263527003595982 ], [ 76.650581459496834, 31.261807003594413 ], [ 76.660331459505869, 31.257500003590394 ], [ 76.66564145951088, 31.256916003589822 ], [ 76.674194459518731, 31.258055003590925 ], [ 76.678695459522942, 31.260611003593112 ], [ 76.689140459532609, 31.271111003602982 ], [ 76.694694459537914, 31.280722003612027 ], [ 76.693252459536552, 31.286612003617392 ], [ 76.689529459533105, 31.289862003620556 ], [ 76.667526459512601, 31.297306003627455 ], [ 76.666885459511832, 31.299000003628862 ], [ 76.669860459514666, 31.305361003634971 ], [ 76.673637459518204, 31.308361003637629 ], [ 76.672500459517096, 31.309639003638949 ], [ 76.669136459513993, 31.310389003639557 ], [ 76.661331459506755, 31.305027003634677 ], [ 76.656974459502635, 31.304777003634399 ], [ 76.655891459501618, 31.307722003637082 ], [ 76.659057459504538, 31.313250003642224 ], [ 76.658836459504528, 31.316000003644831 ], [ 76.658752459504285, 31.316999003645606 ], [ 76.664802459509929, 31.322027003650419 ], [ 76.659111459504629, 31.324917003653127 ], [ 76.658920459504543, 31.330778003658452 ], [ 76.651413459497462, 31.326445003654499 ], [ 76.637138459484277, 31.327555003655561 ], [ 76.631057459478598, 31.332361003660026 ], [ 76.625556459473501, 31.339640003666773 ], [ 76.627441459475222, 31.343945003670797 ], [ 76.629753459477342, 31.340944003668028 ], [ 76.645835459492446, 31.331861003659469 ], [ 76.649498459495817, 31.331944003659601 ], [ 76.656196459502098, 31.340055003667203 ], [ 76.66141545950677, 31.337583003664804 ], [ 76.665664459510708, 31.340139003667218 ], [ 76.667724459512783, 31.337139003664561 ], [ 76.668777459513649, 31.328972003656872 ], [ 76.673194459517845, 31.324861003653041 ], [ 76.674552459519191, 31.321056003649574 ], [ 76.676002459520532, 31.317028003645646 ], [ 76.683418459527275, 31.309694003638924 ], [ 76.688972459532579, 31.309084003638418 ], [ 76.690940459534431, 31.319861003648384 ], [ 76.695335459538455, 31.320528003649088 ], [ 76.698280459541138, 31.310638003639724 ], [ 76.701278459544028, 31.307194003636596 ], [ 76.714447459556141, 31.308390003637669 ], [ 76.718475459560068, 31.306389003635786 ], [ 76.727142459568086, 31.294390003624585 ], [ 76.730003459570753, 31.29347200362372 ], [ 76.740524459580456, 31.305195003634708 ], [ 76.744003459583837, 31.311750003640782 ], [ 76.74608645958574, 31.335501003663012 ], [ 76.746109459585796, 31.336082003663478 ], [ 76.74827545958783, 31.340584003667573 ], [ 76.74774945958734, 31.344999003671774 ], [ 76.742416459582273, 31.350195003676617 ], [ 76.730278459571082, 31.355417003681396 ], [ 76.726776459567645, 31.358444003684326 ], [ 76.725608459566729, 31.364529003689995 ], [ 76.732277459572742, 31.382029003706293 ], [ 76.738082459578209, 31.38663900371057 ], [ 76.746612459586231, 31.387167003711056 ], [ 76.750579459589972, 31.38888900371262 ], [ 76.752525459591652, 31.393833003717191 ], [ 76.752441459591637, 31.39505600371831 ], [ 76.752113459591328, 31.400528003723593 ], [ 76.755302459594304, 31.406473003728934 ], [ 76.761779459600348, 31.409779003732183 ], [ 76.77794645961535, 31.412332003734491 ], [ 76.785919459622846, 31.411028003733236 ], [ 76.78939045962602, 31.407362003729986 ], [ 76.784889459621809, 31.405001003727648 ], [ 76.776947459614348, 31.406334003728944 ], [ 76.773246459611073, 31.405611003728154 ], [ 76.764030459602509, 31.400944003723907 ], [ 76.759941459598622, 31.396694003719858 ], [ 76.758804459597513, 31.393888003717393 ], [ 76.758750459597422, 31.393723003717241 ], [ 76.754997459594051, 31.384583003708713 ], [ 76.750724459589946, 31.382029003706293 ], [ 76.739028459579231, 31.381167003705514 ], [ 76.73549645957587, 31.378389003702978 ], [ 76.731391459572023, 31.368500003693725 ], [ 76.731666459572352, 31.364334003689692 ], [ 76.735107459575374, 31.359833003685708 ], [ 76.74124945958124, 31.356472003682484 ], [ 76.750556459589916, 31.352612003678814 ], [ 76.752281459591359, 31.363194003688704 ], [ 76.759056459597787, 31.368166003693432 ], [ 76.760528459599072, 31.363111003688573 ], [ 76.757804459596628, 31.346556003673186 ], [ 76.757446459596395, 31.344444003671242 ], [ 76.760223459598819, 31.336195003663533 ], [ 76.757614459596425, 31.332556003660102 ], [ 76.749084459588403, 31.326805003654954 ], [ 76.752304459591414, 31.322611003650991 ], [ 76.755470459594335, 31.318445003646957 ], [ 76.741638459581509, 31.292833003623173 ], [ 76.735862459576083, 31.288889003619488 ], [ 76.731361459572099, 31.288584003619235 ], [ 76.727584459568561, 31.288334003618957 ], [ 76.724586459565671, 31.286362003617114 ], [ 76.724670459565687, 31.283222003614355 ], [ 76.726943459567792, 31.281416003612549 ], [ 76.730918459571512, 31.278278003609557 ], [ 76.731224459571877, 31.27802900360939 ], [ 76.739639459579621, 31.27141800360323 ], [ 76.757553459596465, 31.260166003592758 ], [ 76.760055459598789, 31.256527003589326 ], [ 76.758468459597225, 31.254084003587195 ], [ 76.746780459586262, 31.263250003595658 ], [ 76.726303459567362, 31.275084003606707 ], [ 76.72411345956516, 31.276362003607801 ], [ 76.72394545956513, 31.276527003607953 ], [ 76.717109459558742, 31.2828620036139 ], [ 76.715309459557147, 31.295639003625865 ], [ 76.711334459553427, 31.299110003629039 ], [ 76.704391459546969, 31.301445003631216 ], [ 76.700225459542935, 31.300333003630158 ], [ 76.697052459540146, 31.29525000362537 ], [ 76.703613459546204, 31.284361003615231 ], [ 76.703918459546458, 31.280611003611739 ], [ 76.70191945954457, 31.277250003608742 ], [ 76.693885459537114, 31.263861003596276 ], [ 76.685279459529056, 31.256416003589266 ], [ 76.677833459522162, 31.252945003586092 ], [ 76.66828145951331, 31.250973003584249 ], [ 76.656166459501947, 31.251389003584563 ], [ 76.649475459495761, 31.253694003586816 ], [ 76.635307459482419, 31.262112003594666 ], [ 76.630058459477596, 31.263779003596255 ], [ 76.620056459468287, 31.26286100359539 ], [ 76.615585459464228, 31.265722003598057 ], [ 76.613113459461829, 31.269972003601879 ], [ 76.61058045945947, 31.283638003614669 ], [ 76.604614459453842, 31.280695003611982 ], [ 76.599304459449058, 31.281305003612488 ], [ 76.594169459444174, 31.285639003616552 ], [ 76.591445459441729, 31.294916003625076 ], [ 76.587913459438369, 31.297750003627698 ], [ 76.574691459426049, 31.300694003630497 ], [ 76.569274459420967, 31.304640003634177 ], [ 76.567886459419697, 31.310944003640088 ], [ 76.564636459416761, 31.314194003643024 ], [ 76.556030459408703, 31.317389003645985 ], [ 76.554664459407377, 31.319529003648086 ], [ 76.554832459407635, 31.328083003656047 ], [ 76.551086459404132, 31.331333003658983 ], [ 76.545669459399051, 31.329861003657697 ], [ 76.543830459397441, 31.332001003659798 ], [ 76.544052459397562, 31.337000003664343 ], [ 76.540885459394531, 31.33711000366452 ], [ 76.534942459388958, 31.334389003661954 ], [ 76.534362459388603, 31.33711000366452 ], [ 76.537002459391033, 31.342251003669162 ], [ 76.529052459383593, 31.343973003670726 ], [ 76.532913459387146, 31.348417003674967 ], [ 76.526031459380647, 31.357222003683091 ], [ 76.521530459376663, 31.359667003685445 ], [ 76.520332459375368, 31.357140003683071 ], [ 76.519386459374573, 31.355139003681188 ], [ 76.51430545936978, 31.355944003681998 ], [ 76.512916459368626, 31.357445003683324 ], [ 76.514640459370185, 31.363445003688867 ], [ 76.512252459368028, 31.364334003689692 ], [ 76.506553459362522, 31.362028003687556 ], [ 76.501747459358057, 31.363028003688669 ], [ 76.505447459361676, 31.369583003694743 ], [ 76.505081459361236, 31.371889003696879 ], [ 76.499999459356559, 31.372694003697688 ], [ 76.497802459354489, 31.377750003702204 ], [ 76.483085459340828, 31.385555003709669 ], [ 76.483169459340843, 31.392639003716113 ], [ 76.476165459334425, 31.393917003717434 ], [ 76.472053459330482, 31.39947100372251 ], [ 76.467475459326124, 31.400249003723275 ], [ 76.463142459322171, 31.406444003729121 ], [ 76.453445459313116, 31.407389003729804 ], [ 76.448776459308874, 31.411917003734061 ], [ 76.437774459298453, 31.41041800373273 ], [ 76.433052459294231, 31.411592003733858 ] ] ] } },
{ "type": "Feature", "properties": { "ISO": "IND", "COUNTRY": "India", "F_CODE_DES": "Inland Water", "HYC_DESCRI": "Perennial/Permanent", "NAME": "UNK" }, "geometry": { "type": "Polygon", "coordinates": [ [ [ 74.827247457798649, 31.524445003838991 ], [ 74.82030445779219, 31.51961100383437 ], [ 74.816413457788485, 31.519695003834386 ], [ 74.813583457785853, 31.522861003837534 ], [ 74.81369745778602, 31.526833003841148 ], [ 74.822860457794604, 31.532249003846118 ], [ 74.830444457801605, 31.53355600384748 ], [ 74.837059457807754, 31.527361003841634 ], [ 74.835807457806595, 31.525528003840009 ], [ 74.827247457798649, 31.524445003838991 ] ] ] } },
{ "type": "Feature", "properties": { "ISO": "IND", "COUNTRY": "India", "F_CODE_DES": "Inland Water", "HYC_DESCRI": "Perennial/Permanent", "NAME": "UNK" }, "geometry": { "type": "Polygon", "coordinates": [ [ [ 76.429969459291215, 31.414833003736931 ], [ 76.430084459291493, 31.414705003736799 ], [ 76.432952459294029, 31.411842003734137 ], [ 76.433052459294231, 31.411592003733858 ], [ 76.43074845929209, 31.410360003732649 ], [ 76.427307459288841, 31.408417003730847 ], [ 76.42424745928588, 31.406694003729172 ], [ 76.417167459279426, 31.405890003728473 ], [ 76.405860459268752, 31.408750003731257 ], [ 76.403663459266681, 31.410723003732983 ], [ 76.397445459261007, 31.416334003738257 ], [ 76.397308459260785, 31.416361003738302 ], [ 76.392608459256508, 31.417110003739026 ], [ 76.39011345925428, 31.408001003730533 ], [ 76.38796945925219, 31.400168003723138 ], [ 76.383697459248197, 31.396749003720061 ], [ 76.37916545924395, 31.396917003720091 ], [ 76.367691459233356, 31.39727800372043 ], [ 76.36289245922876, 31.382416003706567 ], [ 76.363586459229509, 31.373028003697982 ], [ 76.363586459229509, 31.372889003697765 ], [ 76.363586459229509, 31.372805003697749 ], [ 76.363639459229489, 31.371750003696661 ], [ 76.370445459235953, 31.354834003680935 ], [ 76.367027459232759, 31.343500003670442 ], [ 76.364997459230835, 31.336250003663736 ], [ 76.365196459230901, 31.329166003657065 ], [ 76.368751459234318, 31.321751003650206 ], [ 76.369140459234586, 31.314417003643257 ], [ 76.367362459232936, 31.306778003636282 ], [ 76.36991845923535, 31.293333003623729 ], [ 76.375579459240726, 31.283972003614963 ], [ 76.384193459248763, 31.275555003607224 ], [ 76.392219459256239, 31.270500003602365 ], [ 76.401580459264778, 31.268528003600522 ], [ 76.403915459266955, 31.269194003601115 ], [ 76.413749459276232, 31.258112003590895 ], [ 76.420829459282686, 31.25327700358639 ], [ 76.430831459291994, 31.238556003572739 ], [ 76.43875145929951, 31.23077800356532 ], [ 76.441864459302451, 31.229445003564251 ], [ 76.463279459322393, 31.220167003555616 ], [ 76.485778459343237, 31.208361003544496 ], [ 76.493942459350819, 31.205999003542274 ], [ 76.495780459352545, 31.203861003540396 ], [ 76.518913459374062, 31.184723003522549 ], [ 76.534614459388649, 31.181223003519335 ], [ 76.546585459399921, 31.179832003517959 ], [ 76.553863459406784, 31.173944003512588 ], [ 76.56158445941378, 31.157612003497206 ], [ 76.557441459410029, 31.136055003477168 ], [ 76.557418459409973, 31.12480500346669 ], [ 76.560997459413329, 31.113001003455793 ], [ 76.564193459416401, 31.108723003451814 ], [ 76.57211345942369, 31.10519400344856 ], [ 76.569885459421585, 31.100584003444055 ], [ 76.574722459426084, 31.095222003439176 ], [ 76.576919459428154, 31.095139003439044 ], [ 76.577446459428756, 31.096361003440279 ], [ 76.575332459426591, 31.102556003445898 ], [ 76.578193459429258, 31.102194003445675 ], [ 76.580528459431434, 31.100027003443756 ], [ 76.583473459434344, 31.09552800343954 ], [ 76.582305459433201, 31.091194003435476 ], [ 76.578529459429546, 31.082971003427701 ], [ 76.566803459418679, 31.075861003421096 ], [ 76.549247459402295, 31.057056003403659 ], [ 76.541580459395163, 31.053778003400566 ], [ 76.536308459390284, 31.049555003396563 ], [ 76.526725459381396, 31.041140003388819 ], [ 76.52525345938011, 31.035334003383468 ], [ 76.527030459381649, 31.026501003375188 ], [ 76.535003459389145, 31.01038900336016 ], [ 76.536613459390537, 31.003222003353585 ], [ 76.535385459389545, 30.99763900334824 ], [ 76.531692459386022, 30.991083003342283 ], [ 76.526138459380945, 30.985445003336963 ], [ 76.526557459381138, 30.984167003335642 ], [ 76.507919459363848, 30.978945003330864 ], [ 76.506385459362491, 30.982555003334255 ], [ 76.518836459374143, 30.995472003346322 ], [ 76.527473459382009, 31.010000003359892 ], [ 76.520637459375848, 31.035500003383504 ], [ 76.524749459379564, 31.045778003393025 ], [ 76.537086459391048, 31.055805003402384 ], [ 76.549224459402467, 31.061640003408002 ], [ 76.558746459411168, 31.074472003419942 ], [ 76.564636459416761, 31.080944003425884 ], [ 76.566475459418371, 31.082167003427003 ], [ 76.571861459423417, 31.085722003430419 ], [ 76.572692459424161, 31.087973003432353 ], [ 76.56469745941672, 31.103695003447001 ], [ 76.553581459406359, 31.114916003457438 ], [ 76.552330459405312, 31.119749003461948 ], [ 76.55711345940972, 31.160499003500036 ], [ 76.546585459399921, 31.174194003512639 ], [ 76.541114459394748, 31.176666003515038 ], [ 76.529747459384225, 31.17727900351565 ], [ 76.52041645937561, 31.179750003517938 ], [ 76.519920459375044, 31.17989000351804 ], [ 76.511886459367588, 31.184555003522291 ], [ 76.497886459354504, 31.196917003533827 ], [ 76.483718459341389, 31.205528003541986 ], [ 76.439720459300361, 31.225111003560187 ], [ 76.439277459300001, 31.225555003560657 ], [ 76.425331459287008, 31.239779003573858 ], [ 76.415946459278302, 31.252806003585874 ], [ 76.41141545927394, 31.254833003587919 ], [ 76.409027459271783, 31.257723003590399 ], [ 76.403358459266428, 31.264500003596822 ], [ 76.389915459254098, 31.268055003600239 ], [ 76.383781459248212, 31.271610003603428 ], [ 76.372138459237476, 31.283028003614163 ], [ 76.367805459233296, 31.289444003620019 ], [ 76.363052459229039, 31.308584003637861 ], [ 76.364692459230582, 31.312889003641885 ], [ 76.360389459226553, 31.335972003663301 ], [ 76.364860459230613, 31.349611003676046 ], [ 76.364830459230689, 31.354416003680626 ], [ 76.361526459227662, 31.364111003689686 ], [ 76.358802459224989, 31.372110003697117 ], [ 76.358718459224974, 31.37516600369986 ], [ 76.358642459224939, 31.378027003702528 ], [ 76.358413459224721, 31.385056003708996 ], [ 76.363281459229256, 31.397917003720977 ], [ 76.363609459229565, 31.398861003722004 ], [ 76.366470459232232, 31.402527003725481 ], [ 76.381057459245767, 31.402695003725512 ], [ 76.384696459249199, 31.406918003729515 ], [ 76.385414459249887, 31.40774900373026 ], [ 76.387222459251461, 31.421249003742787 ], [ 76.391281459255197, 31.425278003746598 ], [ 76.393753459257596, 31.42583300374713 ], [ 76.398277459261863, 31.423805003745201 ], [ 76.398887459262369, 31.423084003744407 ], [ 76.406333459269263, 31.413944003736106 ], [ 76.410469459273145, 31.412083003734324 ], [ 76.410858459273413, 31.411917003734061 ], [ 76.417137459279274, 31.411083003733438 ], [ 76.423416459285136, 31.412916003735063 ], [ 76.428253459289635, 31.414333003736374 ], [ 76.429969459291215, 31.414833003736931 ] ] ] } },
{ "type": "Feature", "properties": { "ISO": "IND", "COUNTRY": "India", "F_CODE_DES": "Inland Water", "HYC_DESCRI": "Perennial/Permanent", "NAME": "UNK" }, "geometry": { "type": "Polygon", "coordinates": [ [ [ 75.088531458041871, 31.295889003626144 ], [ 75.084747458038464, 31.291611003622165 ], [ 75.078720458032876, 31.292583003622894 ], [ 75.077636458031748, 31.297611003627708 ], [ 75.08219145803605, 31.310223003639294 ], [ 75.084861458038631, 31.310778003639825 ], [ 75.086746458040352, 31.308861003638185 ], [ 75.088531458041871, 31.295889003626144 ] ] ] } },
{ "type": "Feature", "properties": { "ISO": "IND", "COUNTRY": "India", "F_CODE_DES": "Inland Water", "HYC_DESCRI": "Non-Perennial/Intermittent/Fluctuating", "NAME": "UNK" }, "geometry": { "type": "Polygon", "coordinates": [ [ [ 76.594169459444174, 31.175083003513464 ], [ 76.587249459437771, 31.172611003511292 ], [ 76.576362459427628, 31.172972003511632 ], [ 76.586586459437058, 31.17863800351688 ], [ 76.593780459443906, 31.182611003520606 ], [ 76.600914459450451, 31.184860003522545 ], [ 76.62117045946934, 31.203167003539647 ], [ 76.636779459483932, 31.210138003546263 ], [ 76.652191459498226, 31.212944003548728 ], [ 76.646309459492841, 31.206667003542861 ], [ 76.624420459472503, 31.194694003531822 ], [ 76.613914459462649, 31.182945003520899 ], [ 76.603416459452774, 31.176027003514491 ], [ 76.599670459449271, 31.175638003513995 ], [ 76.594169459444174, 31.175083003513464 ] ] ] } },
{ "type": "Feature", "properties": { "ISO": "IND", "COUNTRY": "India", "F_CODE_DES": "Inland Water", "HYC_DESCRI": "Perennial/Permanent", "NAME": "SUTLEJ" }, "geometry": { "type": "MultiPolygon", "coordinates": [ [ [ [ 74.999999457959575, 31.181612003519604 ], [ 74.999999457959575, 31.170416003509217 ], [ 74.998725457958244, 31.170584003509248 ], [ 74.984970457945565, 31.1648330035041 ], [ 74.980751457941551, 31.161167003500623 ], [ 74.980445457941414, 31.159111003498765 ], [ 74.985946457946511, 31.156694003496341 ], [ 74.997528457957287, 31.155890003495642 ], [ 74.999999457959575, 31.155722003495612 ], [ 74.999999457959575, 31.140612003481465 ], [ 74.983413457944152, 31.145056003485479 ], [ 74.975524457936672, 31.148777003489158 ], [ 74.968246457930036, 31.149166003489427 ], [ 74.954445457917018, 31.145556003486035 ], [ 74.94919545791231, 31.144167003484654 ], [ 74.937194457901114, 31.139334003480144 ], [ 74.932029457896306, 31.137251003478241 ], [ 74.919441457884432, 31.138166003479228 ], [ 74.910697457876267, 31.136473003477477 ], [ 74.902809457869125, 31.140833003481703 ], [ 74.899307457865689, 31.145082003485641 ], [ 74.890419457857433, 31.139444003480321 ], [ 74.884834457852321, 31.139555003480382 ], [ 74.874557457842684, 31.143944003484648 ], [ 74.869468457837911, 31.144501003485175 ], [ 74.864807457833649, 31.142500003483292 ], [ 74.860191457829387, 31.142389003483004 ], [ 74.855277457824741, 31.139389003480346 ], [ 74.850524457820256, 31.142611003483353 ], [ 74.84594745781601, 31.143139003483839 ], [ 74.834419457805325, 31.13877900347984 ], [ 74.803222457776201, 31.135361003476646 ], [ 74.801109457774373, 31.135139003476297 ], [ 74.788360457762337, 31.129972003471494 ], [ 74.763031457738862, 31.125305003467247 ], [ 74.738609457716166, 31.104694003448003 ], [ 74.731163457709044, 31.098417003442137 ], [ 74.73100245770911, 31.098249003441879 ], [ 74.717331457696218, 31.094583003438629 ], [ 74.704719457684632, 31.094000003437941 ], [ 74.692833457673487, 31.090166003434433 ], [ 74.68334945766469, 31.087116003431674 ], [ 74.68334945766469, 31.090854003435197 ], [ 74.690444457671219, 31.094305003438421 ], [ 74.711418457690797, 31.099917003443579 ], [ 74.726944457705258, 31.100639003444257 ], [ 74.732330457710304, 31.102388003445867 ], [ 74.734580457712354, 31.104694003448003 ], [ 74.749725457726527, 31.120138003462444 ], [ 74.754524457730895, 31.125084003467009 ], [ 74.761695457737687, 31.129305003471018 ], [ 74.772941457748175, 31.133028003474465 ], [ 74.794082457767672, 31.135500003476636 ], [ 74.809753457782335, 31.141001003481733 ], [ 74.837219457808033, 31.143528003484107 ], [ 74.848052457818085, 31.149555003489695 ], [ 74.861114457830126, 31.147806003488085 ], [ 74.867225457835957, 31.149973003490231 ], [ 74.873527457841647, 31.150028003490206 ], [ 74.885475457852863, 31.144751003485226 ], [ 74.893890457860607, 31.150417003490475 ], [ 74.900474457866949, 31.151112003491335 ], [ 74.90680645787279, 31.144278003484942 ], [ 74.911583457877214, 31.142500003483292 ], [ 74.924942457889529, 31.143055003483823 ], [ 74.927719457892181, 31.146944003487306 ], [ 74.925247457890009, 31.153473003493446 ], [ 74.925636457890278, 31.158472003497991 ], [ 74.936142457900132, 31.160723003500152 ], [ 74.940528457904065, 31.162500003501918 ], [ 74.944610457907856, 31.164139003503351 ], [ 74.946914457909998, 31.165083003504151 ], [ 74.957138457919655, 31.173416003512102 ], [ 74.97080245793245, 31.184555003522291 ], [ 74.975250457936454, 31.184111003522048 ], [ 74.976112457937234, 31.1840290035218 ], [ 74.97891945793981, 31.180000003518217 ], [ 74.98908245794928, 31.180166003518252 ], [ 74.992332457952443, 31.183083003521006 ], [ 74.996582457956265, 31.186890003524468 ], [ 74.996696457956432, 31.183140003520975 ], [ 74.999999457959575, 31.181612003519604 ] ], [ [ 74.961471457923608, 31.157249003496872 ], [ 74.963027457925136, 31.159916003499347 ], [ 74.959747457922049, 31.163944003503275 ], [ 74.959167457921467, 31.163805003503057 ], [ 74.956581457919128, 31.163195003502551 ], [ 74.95500145791766, 31.161751003501195 ], [ 74.952331457915079, 31.15933400349877 ], [ 74.951774457914553, 31.157249003496872 ], [ 74.953918457916643, 31.155111003494994 ], [ 74.961471457923608, 31.157249003496872 ] ] ], [ [ [ 74.541679457532609, 30.983738003335247 ], [ 74.541679457532609, 30.989884003341103 ], [ 74.545639457536481, 30.990528003341751 ], [ 74.545722457536385, 30.990555003341797 ], [ 74.550308457540723, 30.991306003342288 ], [ 74.570724457559663, 30.992889003343862 ], [ 74.580581457568996, 30.999140003349794 ], [ 74.581947457570095, 31.001444003351935 ], [ 74.586166457574109, 31.008638003358556 ], [ 74.582275457570404, 31.016834003366057 ], [ 74.578224457566648, 31.019417003368517 ], [ 74.575447457564223, 31.024084003372991 ], [ 74.574890457563697, 31.030556003378933 ], [ 74.579940457568227, 31.038584003386404 ], [ 74.583389457571457, 31.049972003396988 ], [ 74.594139457581605, 31.044556003392017 ], [ 74.59991445758692, 31.043806003391182 ], [ 74.611137457597351, 31.046305003393627 ], [ 74.618230457603886, 31.049997003397038 ], [ 74.625015457610289, 31.049997003397038 ], [ 74.625440457610694, 31.049997003397038 ], [ 74.616165457602165, 31.043694003391238 ], [ 74.603332457590113, 31.040583003388292 ], [ 74.601058457587897, 31.040028003387761 ], [ 74.595970457583235, 31.040138003387938 ], [ 74.586135457574073, 31.04388800339143 ], [ 74.583030457571112, 31.035805003383757 ], [ 74.577774457566193, 31.030277003378615 ], [ 74.586387457574347, 31.016111003365495 ], [ 74.591003457578609, 31.008528003358379 ], [ 74.584114457572241, 30.995527003346297 ], [ 74.57622545756476, 30.989639003340926 ], [ 74.570114457559157, 30.987888003339322 ], [ 74.548057457538562, 30.985195003336685 ], [ 74.541679457532609, 30.983738003335247 ] ] ], [ [ [ 74.525016457517268, 30.977522003329568 ], [ 74.525016457517268, 30.983330003334913 ], [ 74.53334845752488, 30.983330003334913 ], [ 74.539890457531101, 30.983330003334913 ], [ 74.53199745752363, 30.981527003333213 ], [ 74.531219457522866, 30.981361003333177 ], [ 74.525016457517268, 30.977522003329568 ] ] ], [ [ [ 74.508346457501602, 30.967590003320311 ], [ 74.508346457501602, 30.974997003327189 ], [ 74.516677457509331, 30.974997003327189 ], [ 74.520936457513471, 30.974997003327189 ], [ 74.510665457503819, 30.968639003321186 ], [ 74.508346457501602, 30.967590003320311 ] ] ], [ [ [ 74.506300457499719, 30.966663003319354 ], [ 74.502197457495868, 30.96480600331779 ], [ 74.494918457489121, 30.961834003314834 ], [ 74.485916457480698, 30.959722003312891 ], [ 74.466682457462866, 30.959442003312688 ], [ 74.466682457462866, 30.966663003319354 ], [ 74.475013457470595, 30.966663003319354 ], [ 74.483345457478435, 30.966663003319354 ], [ 74.483345457478435, 30.968402003320989 ], [ 74.491676457486165, 30.968811003321434 ], [ 74.491676457486165, 30.966663003319354 ], [ 74.500015457493873, 30.966663003319354 ], [ 74.506300457499719, 30.966663003319354 ] ] ], [ [ [ 74.450012457447428, 30.957485003310921 ], [ 74.450012457447428, 30.95833000331163 ], [ 74.45206145744919, 30.95833000331163 ], [ 74.450302457447606, 30.957695003311073 ], [ 74.450012457447428, 30.957485003310921 ] ] ], [ [ [ 74.297796457305594, 30.791664003156484 ], [ 74.291679457299779, 30.791664003156484 ], [ 74.291679457299779, 30.79395800315865 ], [ 74.295758457303691, 30.799997003164208 ], [ 74.300010457307508, 30.799997003164208 ], [ 74.300010457307508, 30.803831003167716 ], [ 74.308998457315965, 30.806999003170631 ], [ 74.309974457316912, 30.817417003180481 ], [ 74.310722457317524, 30.819000003181827 ], [ 74.312530457319326, 30.822805003185522 ], [ 74.318306457324752, 30.82966600319196 ], [ 74.323974457329996, 30.836361003198135 ], [ 74.321891457328093, 30.845055003206198 ], [ 74.320713457326974, 30.849997003210774 ], [ 74.325012457331013, 30.849997003210774 ], [ 74.325750457331651, 30.849997003210774 ], [ 74.326194457331894, 30.848223003209114 ], [ 74.326278457332137, 30.847334003208289 ], [ 74.327888457333529, 30.828777003191135 ], [ 74.318138457324494, 30.814972003178127 ], [ 74.315475457322009, 30.804611003168475 ], [ 74.312500457319175, 30.801721003165767 ], [ 74.302749457310256, 30.798361003162654 ], [ 74.299057457306617, 30.795084003159673 ], [ 74.297796457305594, 30.791664003156484 ] ] ], [ [ [ 74.258346457268772, 30.761035003127972 ], [ 74.258346457268772, 30.765979003132543 ], [ 74.258750457269116, 30.765972003132447 ], [ 74.262695457272912, 30.768862003135155 ], [ 74.262947457273185, 30.769028003135418 ], [ 74.263885457274, 30.770889003137199 ], [ 74.265975457275999, 30.774998003141036 ], [ 74.266677457276501, 30.774998003141036 ], [ 74.27143245728098, 30.774998003141036 ], [ 74.271057457280676, 30.774723003140707 ], [ 74.270080457279846, 30.772777003138799 ], [ 74.26572445727561, 30.764000003130604 ], [ 74.265335457275341, 30.763750003130554 ], [ 74.261558457271803, 30.761555003128478 ], [ 74.258346457268772, 30.761035003127972 ] ] ], [ [ [ 73.933349456966198, 30.449191002837551 ], [ 73.933349456966198, 30.449997002838245 ], [ 73.933349456966198, 30.458330002845969 ], [ 73.941680456973927, 30.458330002845969 ], [ 73.950012456981767, 30.458330002845969 ], [ 73.958343456989496, 30.458330002845969 ], [ 73.958343456989496, 30.464390002851587 ], [ 73.966636456997094, 30.464333002851617 ], [ 73.974998457004858, 30.464277002851532 ], [ 73.987914457017041, 30.459889002847376 ], [ 73.990280457019253, 30.459944002847578 ], [ 73.997558457025889, 30.460167002847811 ], [ 74.002891457030955, 30.461945002849461 ], [ 74.006332457034205, 30.465027002852366 ], [ 74.009086457036574, 30.4812770028675 ], [ 74.013580457040916, 30.489334002874784 ], [ 74.022667457049238, 30.497778002882796 ], [ 74.026611457052923, 30.501417002886228 ], [ 74.029892457056121, 30.509306002893481 ], [ 74.029746457055808, 30.51061100289462 ], [ 74.029556457055833, 30.512417002896427 ], [ 74.028083457054436, 30.525389002908469 ], [ 74.02683245705316, 30.527361002910311 ], [ 74.025016457051606, 30.530250002912908 ], [ 74.025016457051606, 30.533331002915929 ], [ 74.030762457056881, 30.533331002915929 ], [ 74.033470457059366, 30.530306002912994 ], [ 74.038833457064356, 30.521667002904906 ], [ 74.039528457064989, 30.517055002900634 ], [ 74.039665457065212, 30.516027002899818 ], [ 74.038139457063835, 30.511528002895602 ], [ 74.033668457059548, 30.498472002883318 ], [ 74.032997457058855, 30.496529002881516 ], [ 74.016693457043857, 30.476972002863477 ], [ 74.012779457040097, 30.462223002849669 ], [ 74.00905645703665, 30.457890002845716 ], [ 74.002723457030697, 30.454666002842714 ], [ 73.991081457019845, 30.454695002842527 ], [ 73.986114457015219, 30.454721002842689 ], [ 73.972442457002444, 30.457222002844901 ], [ 73.948860456980583, 30.457390002845159 ], [ 73.941802456974074, 30.454472002842522 ], [ 73.940109456972323, 30.453777002841889 ], [ 73.934638456967377, 30.45005600283821 ], [ 73.933349456966198, 30.449191002837551 ] ] ] ] } },
{ "type": "Feature", "properties": { "ISO": "IND", "COUNTRY": "India", "F_CODE_DES": "Inland Water", "HYC_DESCRI": "Non-Perennial/Intermittent/Fluctuating", "NAME": "UNK" }, "geometry": { "type": "Polygon", "coordinates": [ [ [ 76.625114459473025, 31.047777003394913 ], [ 76.628608459476254, 31.04475000339221 ], [ 76.635307459482419, 31.042417003390028 ], [ 76.655586459501365, 31.041111003388778 ], [ 76.663192459508537, 31.043333003390899 ], [ 76.680496459524647, 31.061306003407481 ], [ 76.682220459526206, 31.062055003408204 ], [ 76.687667459531212, 31.064388003410386 ], [ 76.709114459551301, 31.069305003415138 ], [ 76.715362459557127, 31.070722003416449 ], [ 76.725753459566704, 31.070360003415999 ], [ 76.728279459569194, 31.067362003413336 ], [ 76.726974459567828, 31.065527003411489 ], [ 76.713668459555493, 31.058861003405354 ], [ 76.711112459553078, 31.057583003404034 ], [ 76.67908445952321, 31.041529003389087 ], [ 76.676444459520781, 31.036167003384207 ], [ 76.676170459520563, 31.035583003383636 ], [ 76.678558459522719, 31.030083003378422 ], [ 76.70772545954992, 31.006111003356182 ], [ 76.725250459566269, 30.987749003339104 ], [ 76.739196459579262, 30.967806003320447 ], [ 76.744941459584652, 30.963888003316924 ], [ 76.741638459581509, 30.960667003313802 ], [ 76.739196459579262, 30.960638003313761 ], [ 76.737525459577682, 30.960611003313716 ], [ 76.731750459572368, 30.961445003314566 ], [ 76.726829459567853, 30.96494500331778 ], [ 76.714447459556141, 30.984583003336184 ], [ 76.681358459525427, 31.017445003366674 ], [ 76.671524459516149, 31.024889003373573 ], [ 76.656753459502397, 31.024361003373087 ], [ 76.650970459497103, 31.025194003374054 ], [ 76.648391459494633, 31.026945003375658 ], [ 76.642250459489105, 31.025278003374069 ], [ 76.640693459487466, 31.023056003371948 ], [ 76.642723459489389, 31.019638003368755 ], [ 76.646331459492785, 31.016695003366067 ], [ 76.655082459501045, 31.009611003359396 ], [ 76.656860459502695, 31.006195003356197 ], [ 76.654052459500008, 31.003389003353732 ], [ 76.647636459493924, 31.005917003355989 ], [ 76.636253459483441, 31.016111003365495 ], [ 76.62863945947629, 31.013861003363445 ], [ 76.62599945947386, 31.014584003364007 ], [ 76.621582459469664, 31.023695003372495 ], [ 76.619193459467624, 31.024195003373052 ], [ 76.614135459462887, 31.029222003377754 ], [ 76.611999459460776, 31.031334003379698 ], [ 76.60472145945414, 31.035973003384015 ], [ 76.581802459432765, 31.039417003387143 ], [ 76.581390459432214, 31.039473003387229 ], [ 76.57291445942451, 31.039028003386875 ], [ 76.561943459414124, 31.038473003386343 ], [ 76.550666459403601, 31.045944003393288 ], [ 76.552665459405489, 31.04733300339467 ], [ 76.573974459425472, 31.046612003393875 ], [ 76.583053459433813, 31.049444003396502 ], [ 76.58355745943436, 31.049500003396588 ], [ 76.597915459447677, 31.051445003398385 ], [ 76.603248459452743, 31.055111003401862 ], [ 76.605667459454935, 31.056805003403497 ], [ 76.609085459458129, 31.06211100340829 ], [ 76.614692459463413, 31.084028003428784 ], [ 76.620414459468748, 31.092388003436554 ], [ 76.628753459476457, 31.099611003443215 ], [ 76.639556459486585, 31.103222003446717 ], [ 76.645584459492056, 31.107389003450407 ], [ 76.668586459513563, 31.117027003459498 ], [ 76.674278459518746, 31.123527003465597 ], [ 76.690086459533632, 31.141527003482224 ], [ 76.695999459539053, 31.143806003484315 ], [ 76.699081459541958, 31.142250003483014 ], [ 76.700553459543244, 31.137194003478271 ], [ 76.694473459537676, 31.121555003463754 ], [ 76.691635459535064, 31.118084003460353 ], [ 76.681892459525898, 31.111694003454431 ], [ 76.678443459522668, 31.109417003452336 ], [ 76.672637459517318, 31.105612003448869 ], [ 76.65066545949685, 31.096777003440593 ], [ 76.646774459493145, 31.096695003440573 ], [ 76.638580459485638, 31.092194003436362 ], [ 76.62644245947422, 31.081333003426153 ], [ 76.623191459471172, 31.073944003419456 ], [ 76.622276459470413, 31.065000003411114 ], [ 76.623664459471684, 31.053167003399949 ], [ 76.623863459471977, 31.051584003398602 ], [ 76.625114459473025, 31.047777003394913 ] ] ] } },
{ "type": "Feature", "properties": { "ISO": "IND", "COUNTRY": "India", "F_CODE_DES": "Inland Water", "HYC_DESCRI": "Perennial/Permanent", "NAME": "UNK" }, "geometry": { "type": "Polygon", "coordinates": [ [ [ 74.615638457601563, 31.033472003381576 ], [ 74.627220457612339, 31.023861003372758 ], [ 74.621223457606675, 31.025473003374145 ], [ 74.62113945760666, 31.025499003374307 ], [ 74.618110457603962, 31.02633300337493 ], [ 74.612892457598946, 31.030834003379141 ], [ 74.612915457599001, 31.031778003380168 ], [ 74.612968457598981, 31.033527003381778 ], [ 74.615638457601563, 31.033472003381576 ] ] ] } },
{ "type": "Feature", "properties": { "ISO": "IND", "COUNTRY": "India", "F_CODE_DES": "Inland Water", "HYC_DESCRI": "Perennial/Permanent", "NAME": "UNK" }, "geometry": { "type": "Polygon", "coordinates": [ [ [ 74.761413457737262, 30.983944003335637 ], [ 74.765724457741271, 30.9821950033338 ], [ 74.770942457746287, 30.987084003338396 ], [ 74.774108457749207, 30.987638003339043 ], [ 74.777221457752148, 30.986305003337748 ], [ 74.772918457748119, 30.979750003331674 ], [ 74.767028457742526, 30.976944003328981 ], [ 74.759307457735304, 30.977722003329745 ], [ 74.752609457729022, 30.98122200333296 ], [ 74.750640457727286, 30.987917003339135 ], [ 74.75277745772928, 30.994778003345573 ], [ 74.758247457734342, 31.0006940033511 ], [ 74.761665457737536, 31.001055003351439 ], [ 74.762557457738467, 30.99894500334949 ], [ 74.759551457735597, 30.987112003338552 ], [ 74.761413457737262, 30.983944003335637 ] ] ] } },
{ "type": "Feature", "properties": { "ISO": "IND", "COUNTRY": "India", "F_CODE_DES": "Inland Water", "HYC_DESCRI": "Perennial/Permanent", "NAME": "UNK" }, "geometry": { "type": "Polygon", "coordinates": [ [ [ 76.064781458951074, 30.945167003299503 ], [ 76.062553458949196, 30.944416003298784 ], [ 76.059829458946524, 30.948250003302292 ], [ 76.06038645894705, 30.950527003304387 ], [ 76.065719458952117, 30.956194003309747 ], [ 76.072166458958009, 30.959972003313169 ], [ 76.075447458961207, 30.957777003311094 ], [ 76.066802458953134, 30.953251003307059 ], [ 76.064781458951074, 30.945167003299503 ] ] ] } },
{ "type": "Feature", "properties": { "ISO": "IND", "COUNTRY": "India", "F_CODE_DES": "Inland Water", "HYC_DESCRI": "Non-Perennial/Intermittent/Fluctuating", "NAME": "UNK" }, "geometry": { "type": "Polygon", "coordinates": [ [ [ 76.607498459456565, 30.959917003313194 ], [ 76.616279459464749, 30.955639003309216 ], [ 76.630332459477813, 30.95641700330998 ], [ 76.634582459481862, 30.953972003307626 ], [ 76.627525459475237, 30.947750003301735 ], [ 76.623085459471213, 30.946028003300171 ], [ 76.611053459459981, 30.949528003303385 ], [ 76.605163459454388, 30.951221003305136 ], [ 76.594001459444144, 30.950361003304351 ], [ 76.586135459436719, 30.947916003301998 ], [ 76.587219459437847, 30.950167003304159 ], [ 76.588806459439184, 30.95347200330707 ], [ 76.596054459445895, 30.958416003311868 ], [ 76.600975459450638, 30.959917003313194 ], [ 76.607498459456565, 30.959917003313194 ] ] ] } },
{ "type": "Feature", "properties": { "ISO": "IND", "COUNTRY": "India", "F_CODE_DES": "Inland Water", "HYC_DESCRI": "Non-Perennial/Intermittent/Fluctuating", "NAME": "UNK" }, "geometry": { "type": "Polygon", "coordinates": [ [ [ 76.827552459661547, 30.925056003280588 ], [ 76.812080459647177, 30.914583003270991 ], [ 76.808525459643761, 30.912167003268678 ], [ 76.801887459637783, 30.909695003266279 ], [ 76.799415459635384, 30.908527003265363 ], [ 76.790496459627093, 30.909056003265732 ], [ 76.773056459610871, 30.924084003279859 ], [ 76.76633445960465, 30.931833003287011 ], [ 76.757003459595808, 30.942583003296932 ], [ 76.754364459593489, 30.948111003302074 ], [ 76.755027459593975, 30.952278003305992 ], [ 76.763946459602266, 30.951334003305192 ], [ 76.76914245960711, 30.948834003302863 ], [ 76.77574945961328, 30.935055003290017 ], [ 76.783805459620908, 30.926416003281929 ], [ 76.788307459625003, 30.923945003279641 ], [ 76.792640459628956, 30.92380500327954 ], [ 76.798973459634908, 30.924833003280582 ], [ 76.802719459638411, 30.92655600328203 ], [ 76.805664459641093, 30.927918003283366 ], [ 76.819419459654, 30.937250003292093 ], [ 76.834030459667702, 30.94380600329805 ], [ 76.837387459670708, 30.94850000330257 ], [ 76.845359459678093, 30.953222003307019 ], [ 76.848335459681039, 30.944555003298774 ], [ 76.845169459677891, 30.939028003293743 ], [ 76.827552459661547, 30.925056003280588 ] ] ] } },
{ "type": "Feature", "properties": { "ISO": "IND", "COUNTRY": "India", "F_CODE_DES": "Inland Water", "HYC_DESCRI": "Perennial/Permanent", "NAME": "UNK" }, "geometry": { "type": "Polygon", "coordinates": [ [ [ 76.175781459054633, 30.926083003281747 ], [ 76.173278459052199, 30.924305003280097 ], [ 76.163391459042941, 30.925222003280851 ], [ 76.157806459037829, 30.9304160032857 ], [ 76.165580459045032, 30.931223003286505 ], [ 76.175781459054633, 30.926083003281747 ] ] ] } },
{ "type": "Feature", "properties": { "ISO": "IND", "COUNTRY": "India", "F_CODE_DES": "Inland Water", "HYC_DESCRI": "Perennial/Permanent", "NAME": "UNK" }, "geometry": { "type": "Polygon", "coordinates": [ [ [ 76.218803459094715, 30.91994500327587 ], [ 76.215835459091977, 30.917749003273912 ], [ 76.205749459082426, 30.920139003276063 ], [ 76.202026459078979, 30.92380500327954 ], [ 76.211441459087837, 30.923111003278791 ], [ 76.218803459094715, 30.91994500327587 ] ] ] } },
{ "type": "Feature", "properties": { "ISO": "IND", "COUNTRY": "India", "F_CODE_DES": "Inland Water", "HYC_DESCRI": "Non-Perennial/Intermittent/Fluctuating", "NAME": "UNK" }, "geometry": { "type": "Polygon", "coordinates": [ [ [ 76.697586459540616, 30.888334003246428 ], [ 76.697219459540293, 30.885639003244023 ], [ 76.693748459536891, 30.883888003242419 ], [ 76.688056459531708, 30.883862003242257 ], [ 76.678024459522248, 30.883806003242171 ], [ 76.649086459495265, 30.880638003239255 ], [ 76.646057459492567, 30.879444003238177 ], [ 76.638748459485669, 30.87661200323555 ], [ 76.628112459475915, 30.876778003235813 ], [ 76.619278459467523, 30.879583003238395 ], [ 76.614418459462968, 30.884138003242697 ], [ 76.614753459463373, 30.886000003244362 ], [ 76.619583459467776, 30.885834003244099 ], [ 76.628913459476507, 30.88886100324703 ], [ 76.636139459483275, 30.888195003246437 ], [ 76.674751459519257, 30.891640003249677 ], [ 76.681831459525938, 30.892361003250244 ], [ 76.690055459533596, 30.893194003250983 ], [ 76.693664459536876, 30.892445003250259 ], [ 76.697586459540616, 30.888334003246428 ] ] ] } },
{ "type": "Feature", "properties": { "ISO": "IND", "COUNTRY": "India", "F_CODE_DES": "Inland Water", "HYC_DESCRI": "Non-Perennial/Intermittent/Fluctuating", "NAME": "UNK" }, "geometry": { "type": "Polygon", "coordinates": [ [ [ 77.230857460037214, 30.864500003224293 ], [ 77.227111460033711, 30.861416003221393 ], [ 77.220253460027379, 30.866667003226212 ], [ 77.21724746002451, 30.873112003232336 ], [ 77.213501460021007, 30.874527003233652 ], [ 77.209861460017692, 30.879168003237965 ], [ 77.216720460023907, 30.878555003237352 ], [ 77.230857460037214, 30.864500003224293 ] ] ] } },
{ "type": "Feature", "properties": { "ISO": "IND", "COUNTRY": "India", "F_CODE_DES": "Inland Water", "HYC_DESCRI": "Non-Perennial/Intermittent/Fluctuating", "NAME": "UNK" }, "geometry": { "type": "Polygon", "coordinates": [ [ [ 76.656112459501855, 30.80761100317136 ], [ 76.658500459504239, 30.807472003171142 ], [ 76.669029459513922, 30.810028003173556 ], [ 76.695419459538471, 30.821417003184251 ], [ 76.70986145955203, 30.820084003182956 ], [ 76.715614459557401, 30.824249003186878 ], [ 76.723167459564365, 30.825445003187951 ], [ 76.723251459564381, 30.82358400318617 ], [ 76.723388459564603, 30.820223003182946 ], [ 76.720695459561966, 30.814472003177798 ], [ 76.716697459558418, 30.811277003174837 ], [ 76.710609459552643, 30.81044400317387 ], [ 76.69305445953637, 30.812529003175996 ], [ 76.686889459530676, 30.804611003168475 ], [ 76.679641459523737, 30.799223003163434 ], [ 76.671836459516499, 30.798250003162593 ], [ 76.664718459509913, 30.800777003164967 ], [ 76.646835459493332, 30.800777003164967 ], [ 76.637001459484054, 30.802360003166314 ], [ 76.626915459474731, 30.808971003172474 ], [ 76.613746459462391, 30.811945003175424 ], [ 76.602058459451655, 30.816999003179944 ], [ 76.601196459450875, 30.817389003180324 ], [ 76.59633645944632, 30.822361003185051 ], [ 76.595138459445025, 30.82761200318987 ], [ 76.60955845945864, 30.825861003188265 ], [ 76.635276459482611, 30.817249003180223 ], [ 76.644142459490695, 30.810278003173835 ], [ 76.649581459495721, 30.808001003171739 ], [ 76.656112459501855, 30.80761100317136 ] ] ] } },
{ "type": "Feature", "properties": { "ISO": "IND", "COUNTRY": "India", "F_CODE_DES": "Inland Water", "HYC_DESCRI": "Non-Perennial/Intermittent/Fluctuating", "NAME": "UNK" }, "geometry": { "type": "Polygon", "coordinates": [ [ [ 76.794693459630935, 30.774500003140474 ], [ 76.786247459623155, 30.7693610031356 ], [ 76.782112459619157, 30.769083003135393 ], [ 76.779693459616965, 30.767750003134097 ], [ 76.77391845961165, 30.764584003131176 ], [ 76.763832459602327, 30.765583003132178 ], [ 76.744163459583888, 30.753334003120699 ], [ 76.740081459580097, 30.754110003121468 ], [ 76.745918459585482, 30.764944003131632 ], [ 76.759887459598531, 30.77405500314012 ], [ 76.764503459602793, 30.774723003140707 ], [ 76.771637459609565, 30.772194003138338 ], [ 76.781417459618524, 30.779972003145531 ], [ 76.790222459626875, 30.781973003147414 ], [ 76.793777459630064, 30.780582003146037 ], [ 76.795585459631866, 30.777805003143612 ], [ 76.794693459630935, 30.774500003140474 ] ] ] } },
{ "type": "Feature", "properties": { "ISO": "IND", "COUNTRY": "India", "F_CODE_DES": "Inland Water", "HYC_DESCRI": "Perennial/Permanent", "NAME": "UNK" }, "geometry": { "type": "Polygon", "coordinates": [ [ [ 74.449058457446426, 30.767471003134006 ], [ 74.439972457437989, 30.760779003127709 ], [ 74.439086457437043, 30.764110003130781 ], [ 74.44233745744009, 30.768028003134532 ], [ 74.449447457446695, 30.772278003138354 ], [ 74.450584457447803, 30.77016600313641 ], [ 74.449058457446426, 30.767471003134006 ] ] ] } },
{ "type": "Feature", "properties": { "ISO": "IND", "COUNTRY": "India", "F_CODE_DES": "Inland Water", "HYC_DESCRI": "Perennial/Permanent", "NAME": "UNK" }, "geometry": { "type": "Polygon", "coordinates": [ [ [ 76.817581459652274, 30.732750003101501 ], [ 76.812248459647208, 30.737083003105681 ], [ 76.812080459647177, 30.737249003105717 ], [ 76.808746459643999, 30.739973003108389 ], [ 76.807334459642789, 30.74586100311376 ], [ 76.809890459645203, 30.748472003116149 ], [ 76.818695459653327, 30.746084003113992 ], [ 76.826690459660767, 30.746639003114524 ], [ 76.831390459665045, 30.743334003111386 ], [ 76.833137459666887, 30.739721003108116 ], [ 76.831748459665505, 30.73580500310436 ], [ 76.827774459661669, 30.733862003102558 ], [ 76.817581459652274, 30.732750003101501 ] ] ] } },
{ "type": "Feature", "properties": { "ISO": "IND", "COUNTRY": "India", "F_CODE_DES": "Inland Water", "HYC_DESCRI": "Non-Perennial/Intermittent/Fluctuating", "NAME": "UNK" }, "geometry": { "type": "Polygon", "coordinates": [ [ [ 76.943725459769666, 30.738806003107129 ], [ 76.959358459784426, 30.737612003106051 ], [ 76.992553459815326, 30.739721003108116 ], [ 76.997558459819857, 30.738277003106759 ], [ 76.991027459813722, 30.732889003101718 ], [ 76.983917459807117, 30.730862003099901 ], [ 76.966835459791355, 30.732111003100954 ], [ 76.953720459779106, 30.730944003099921 ], [ 76.939971459766184, 30.731445003100362 ], [ 76.937667459764043, 30.733417003102204 ], [ 76.931198459758207, 30.734472003103292 ], [ 76.925781459753125, 30.737194003105742 ], [ 76.917610459745447, 30.738527003107038 ], [ 76.909225459737627, 30.724833003094318 ], [ 76.894806459724123, 30.706583003077185 ], [ 76.888557459718413, 30.702417003073379 ], [ 76.885780459715761, 30.702333003073363 ], [ 76.879386459709849, 30.702139003073171 ], [ 76.881027459711277, 30.706028003076653 ], [ 76.905944459734656, 30.736860003105448 ], [ 76.908836459737358, 30.746555003114509 ], [ 76.914497459742506, 30.745556003113506 ], [ 76.932304459759052, 30.742361003110545 ], [ 76.943725459769666, 30.738806003107129 ] ] ] } },
{ "type": "Feature", "properties": { "ISO": "IND", "COUNTRY": "India", "F_CODE_DES": "Inland Water", "HYC_DESCRI": "Non-Perennial/Intermittent/Fluctuating", "NAME": "UNK" }, "geometry": { "type": "Polygon", "coordinates": [ [ [ 76.817581459652274, 30.732750003101501 ], [ 76.820335459654871, 30.729750003098843 ], [ 76.821724459656252, 30.713194003083345 ], [ 76.813468459648448, 30.697222003068418 ], [ 76.812805459647734, 30.688667003060573 ], [ 76.813941459648959, 30.682362003054777 ], [ 76.817718459652497, 30.675138003048005 ], [ 76.834777459668203, 30.648640003023274 ], [ 76.834808459668238, 30.644251003019235 ], [ 76.828857459662686, 30.640499003015748 ], [ 76.825027459659168, 30.641472003016588 ], [ 76.820526459654957, 30.64511100302002 ], [ 76.820136459654577, 30.645416003020273 ], [ 76.817253459651965, 30.651167003025648 ], [ 76.81324745964821, 30.659082003033063 ], [ 76.808692459643908, 30.66816700304139 ], [ 76.802581459638304, 30.686750003058705 ], [ 76.802780459638598, 30.687778003059748 ], [ 76.803306459639089, 30.690277003061965 ], [ 76.804473459640121, 30.696083003067542 ], [ 76.810836459645998, 30.707527003078212 ], [ 76.815307459650057, 30.730557003099648 ], [ 76.817581459652274, 30.732750003101501 ] ] ] } },
{ "type": "Feature", "properties": { "ISO": "IND", "COUNTRY": "India", "F_CODE_DES": "Inland Water", "HYC_DESCRI": "Perennial/Permanent", "NAME": "UNK" }, "geometry": { "type": "Polygon", "coordinates": [ [ [ 74.235748457247837, 30.690666003062461 ], [ 74.232109457244405, 30.690111003061929 ], [ 74.226829457239546, 30.691250003063033 ], [ 74.222808457235715, 30.694445003065994 ], [ 74.229858457242244, 30.697027003068342 ], [ 74.237114457248936, 30.697527003068899 ], [ 74.240669457252352, 30.694750003066247 ], [ 74.235748457247837, 30.690666003062461 ] ] ] } },
{ "type": "Feature", "properties": { "ISO": "IND", "COUNTRY": "India", "F_CODE_DES": "Inland Water", "HYC_DESCRI": "Non-Perennial/Intermittent/Fluctuating", "NAME": "UNK" }, "geometry": { "type": "Polygon", "coordinates": [ [ [ 76.857170459689087, 30.621500002997891 ], [ 76.855194459687254, 30.621166002997597 ], [ 76.856857459688854, 30.62299900299945 ], [ 76.868446459699726, 30.635723003011208 ], [ 76.874252459705076, 30.630917003006743 ], [ 76.878051459708558, 30.625139003001323 ], [ 76.857170459689087, 30.621500002997891 ] ] ] } },
{ "type": "Feature", "properties": { "ISO": "IND", "COUNTRY": "India", "F_CODE_DES": "Inland Water", "HYC_DESCRI": "Non-Perennial/Intermittent/Fluctuating", "NAME": "UNK" }, "geometry": { "type": "Polygon", "coordinates": [ [ [ 76.96299745978763, 30.556889002937851 ], [ 76.966835459791355, 30.55591600293701 ], [ 76.972274459796381, 30.558834002939648 ], [ 76.982002459805472, 30.570167002950257 ], [ 76.994552459817214, 30.580555002959954 ], [ 76.999420459821749, 30.581223002960542 ], [ 77.000000459822104, 30.579971002959383 ], [ 77.000000459822104, 30.57225000295216 ], [ 76.974555459798466, 30.551445002932724 ], [ 76.969329459793698, 30.545361002927166 ], [ 76.966247459790793, 30.53922300292129 ], [ 76.961280459786167, 30.511862002895896 ], [ 76.958641459783621, 30.506945002891371 ], [ 76.94310745976918, 30.495611002880651 ], [ 76.944526459770486, 30.479889002866003 ], [ 76.935585459762251, 30.46936000285632 ], [ 76.931388459758182, 30.45783400284563 ], [ 76.928054459755231, 30.453362002841459 ], [ 76.909446459737865, 30.43775000282676 ], [ 76.907058459735708, 30.443056002831781 ], [ 76.908859459737187, 30.450527002838726 ], [ 76.914192459742253, 30.455973002843848 ], [ 76.914642459742709, 30.457138002844886 ], [ 76.926887459754198, 30.489111002874779 ], [ 76.92533145975267, 30.501278002886011 ], [ 76.927665459754735, 30.504749002889184 ], [ 76.941558459767748, 30.512806002896696 ], [ 76.950607459776165, 30.52019500290362 ], [ 76.953971459779268, 30.529862002912751 ], [ 76.954086459779319, 30.536972002919356 ], [ 76.951805459777233, 30.544556002926356 ], [ 76.946662459772597, 30.55288900293408 ], [ 76.943473459769621, 30.566389002946607 ], [ 76.943725459769666, 30.568972002949067 ], [ 76.943946459769904, 30.571362002951219 ], [ 76.948249459773933, 30.580610002959929 ], [ 76.958663459783565, 30.59608300297441 ], [ 76.961387459786238, 30.597445002975519 ], [ 76.972000459796163, 30.61075000298797 ], [ 76.984024459807188, 30.625834003001955 ], [ 76.988472459811419, 30.627777003003757 ], [ 76.993972459816632, 30.627138003003211 ], [ 76.997024459819386, 30.625584003001677 ], [ 76.997642459819872, 30.618029002994717 ], [ 76.996025459818384, 30.614750002991741 ], [ 76.984191459807562, 30.603361002981046 ], [ 76.98055245980413, 30.599890002977872 ], [ 76.974891459798755, 30.597166002975428 ], [ 76.967109459791573, 30.590250002968787 ], [ 76.964531459789214, 30.587944002966651 ], [ 76.960693459785489, 30.578472002957824 ], [ 76.960502459785403, 30.559917002940665 ], [ 76.96299745978763, 30.556889002937851 ] ] ] } },
{ "type": "Feature", "properties": { "ISO": "IND", "COUNTRY": "India", "F_CODE_DES": "Inland Water", "HYC_DESCRI": "Non-Perennial/Intermittent/Fluctuating", "NAME": "UNK" }, "geometry": { "type": "Polygon", "coordinates": [ [ [ 77.017501459838513, 30.590279002968828 ], [ 77.009056459830617, 30.588278002966945 ], [ 77.028610459848778, 30.606751002984311 ], [ 77.031524459851425, 30.611723002988811 ], [ 77.03316545985308, 30.622972002999404 ], [ 77.038253459857742, 30.614084002991149 ], [ 77.034362459854265, 30.604445002982175 ], [ 77.02386445984439, 30.594555002972811 ], [ 77.017501459838513, 30.590279002968828 ] ] ] } },
{ "type": "Feature", "properties": { "ISO": "IND", "COUNTRY": "India", "F_CODE_DES": "Inland Water", "HYC_DESCRI": "Non-Perennial/Intermittent/Fluctuating", "NAME": "UNK" }, "geometry": { "type": "Polygon", "coordinates": [ [ [ 77.417503460211037, 30.595417002973591 ], [ 77.425086460218154, 30.595028002973322 ], [ 77.436164460228383, 30.597944002975964 ], [ 77.443191460234857, 30.598417002976475 ], [ 77.459945460250538, 30.584417002963391 ], [ 77.412170460205971, 30.589527002968225 ], [ 77.400749460195357, 30.593361002971733 ], [ 77.396194460191055, 30.597000002975165 ], [ 77.397552460192401, 30.59913800297727 ], [ 77.407837460202018, 30.598667002976754 ], [ 77.417503460211037, 30.595417002973591 ] ] ] } },
{ "type": "Feature", "properties": { "ISO": "IND", "COUNTRY": "India", "F_CODE_DES": "Inland Water", "HYC_DESCRI": "Non-Perennial/Intermittent/Fluctuating", "NAME": "UNK" }, "geometry": { "type": "Polygon", "coordinates": [ [ [ 77.037864459857474, 30.524111002907375 ], [ 77.033279459853247, 30.523306002906565 ], [ 77.03627745985591, 30.526611002909704 ], [ 77.042274459861574, 30.543083002924959 ], [ 77.045974459864965, 30.547638002929261 ], [ 77.055694459874076, 30.55286000293404 ], [ 77.058418459876521, 30.556000002937026 ], [ 77.063774459881643, 30.562250002942847 ], [ 77.062499459880428, 30.553556002934783 ], [ 77.062309459880225, 30.552279002933574 ], [ 77.048805459867708, 30.539722002921735 ], [ 77.042335459861533, 30.527666002910564 ], [ 77.037864459857474, 30.524111002907375 ] ] ] } },
{ "type": "Feature", "properties": { "ISO": "IND", "COUNTRY": "India", "F_CODE_DES": "Inland Water", "HYC_DESCRI": "Non-Perennial/Intermittent/Fluctuating", "NAME": "UNK" }, "geometry": { "type": "Polygon", "coordinates": [ [ [ 77.111221459925673, 30.554083002935158 ], [ 77.113441459927799, 30.553528002934627 ], [ 77.118469459932612, 30.55561100293653 ], [ 77.119308459933336, 30.553305002934394 ], [ 77.117668459931792, 30.547138002928705 ], [ 77.109191459923977, 30.536278002918607 ], [ 77.106224459921123, 30.522223002905548 ], [ 77.1025314599176, 30.51177800289588 ], [ 77.1017224599168, 30.509527002893719 ], [ 77.097885459913414, 30.498695002883551 ], [ 77.090835459906884, 30.493584002878833 ], [ 77.077918459894818, 30.493084002878277 ], [ 77.073059459890146, 30.487862002873499 ], [ 77.078941459895759, 30.472445002859104 ], [ 77.078941459895759, 30.467361002854432 ], [ 77.071334459888703, 30.456612002844395 ], [ 77.065307459882888, 30.448084002836367 ], [ 77.080413459897045, 30.442499002831255 ], [ 77.082527459898984, 30.434778002824032 ], [ 77.07555345989249, 30.423195002813372 ], [ 77.070358459887757, 30.414556002805284 ], [ 77.064087459881875, 30.4041120027955 ], [ 77.056831459875184, 30.38777700278024 ], [ 77.057663459875812, 30.385916002778686 ], [ 77.04380845986293, 30.374195002767692 ], [ 77.042251459861518, 30.372889002766442 ], [ 77.043335459862647, 30.371027002764777 ], [ 77.041168459860501, 30.355749002750372 ], [ 77.031524459851425, 30.334055002730338 ], [ 77.04100045986047, 30.314972002712466 ], [ 77.039001459858582, 30.311527002709227 ], [ 77.034194459854007, 30.31008300270787 ], [ 77.028556459848687, 30.305861002703978 ], [ 77.025833459846126, 30.311666002709444 ], [ 77.027725459847943, 30.322916002719921 ], [ 77.024864459845276, 30.345638002740998 ], [ 77.031997459851937, 30.358999002753535 ], [ 77.036781459856456, 30.373112002766675 ], [ 77.037940459857509, 30.376528002769874 ], [ 77.041610459860976, 30.381083002774176 ], [ 77.048500459867455, 30.384306002777066 ], [ 77.050552459869323, 30.387138002779693 ], [ 77.050445459869252, 30.399166002790935 ], [ 77.058502459876763, 30.403473002794954 ], [ 77.063614459881364, 30.418444002808883 ], [ 77.069748459887023, 30.425444002815311 ], [ 77.071662459889012, 30.427610002817346 ], [ 77.073776459890951, 30.434029002823308 ], [ 77.073753459890895, 30.439527002828527 ], [ 77.070747459888025, 30.441305002830177 ], [ 77.054611459873058, 30.442612002831311 ], [ 77.062584459880554, 30.454361002842234 ], [ 77.063552459881294, 30.45580500284359 ], [ 77.065055459882842, 30.458000002845665 ], [ 77.07072445988797, 30.471277002858187 ], [ 77.067390459885019, 30.494389002879643 ], [ 77.073974459891133, 30.499083002883935 ], [ 77.088302459904526, 30.499805002884614 ], [ 77.091636459907477, 30.501638002886466 ], [ 77.090248459906206, 30.504944002889488 ], [ 77.096969459912543, 30.516388002900158 ], [ 77.099250459914629, 30.52027700290364 ], [ 77.103302459918496, 30.531834002914366 ], [ 77.107193459921973, 30.56175000294229 ], [ 77.111221459925673, 30.554083002935158 ] ] ] } },
{ "type": "Feature", "properties": { "ISO": "IND", "COUNTRY": "India", "F_CODE_DES": "Inland Water", "HYC_DESCRI": "Non-Perennial/Intermittent/Fluctuating", "NAME": "UNK" }, "geometry": { "type": "Polygon", "coordinates": [ [ [ 77.159225459970457, 30.35988800275436 ], [ 77.152000459963801, 30.358778002753297 ], [ 77.151390459963068, 30.361305002755671 ], [ 77.158691459969987, 30.370861002764514 ], [ 77.162445459973469, 30.380028002773088 ], [ 77.167831459978515, 30.393139002785347 ], [ 77.170196459980616, 30.4050560027963 ], [ 77.170059459980621, 30.405306002796578 ], [ 77.164581459975352, 30.414972002805598 ], [ 77.163391459974264, 30.41958400280987 ], [ 77.165779459976648, 30.425583002815529 ], [ 77.161003459972108, 30.433861002823278 ], [ 77.160110459971293, 30.436722002825945 ], [ 77.158111459969405, 30.443056002831781 ], [ 77.159919459971206, 30.451139002839227 ], [ 77.155746459967304, 30.461527002848925 ], [ 77.14836145996037, 30.467806002854786 ], [ 77.147415459959575, 30.472000002858749 ], [ 77.147834459959768, 30.474972002861477 ], [ 77.148140459960132, 30.47730600286377 ], [ 77.149360459961372, 30.478416002864833 ], [ 77.156082459967593, 30.484556002870477 ], [ 77.158058459969425, 30.489084002874733 ], [ 77.15599845996735, 30.496389002881415 ], [ 77.158225459969572, 30.500694002885439 ], [ 77.161163459972158, 30.520027002903589 ], [ 77.163223459974233, 30.523056002906287 ], [ 77.171081459981451, 30.526722002909764 ], [ 77.165222459976121, 30.511917002895871 ], [ 77.163528459974486, 30.501528002886289 ], [ 77.162223459973347, 30.48838800287399 ], [ 77.16516845997603, 30.48277900286871 ], [ 77.167358459978004, 30.483278002869156 ], [ 77.173751459984032, 30.491972002877446 ], [ 77.180946459990764, 30.51438900289827 ], [ 77.186554459995932, 30.519443002903017 ], [ 77.187614459996894, 30.517805002901468 ], [ 77.174858459984989, 30.483749002869672 ], [ 77.174224459984544, 30.482056002868148 ], [ 77.163169459974142, 30.473833002860374 ], [ 77.161087459972123, 30.4668060028539 ], [ 77.162330459973418, 30.461140002848651 ], [ 77.164970459975848, 30.456806002844587 ], [ 77.168281459978971, 30.459028002846708 ], [ 77.173835459984048, 30.469999002856866 ], [ 77.186752459996114, 30.485056002870806 ], [ 77.188636459997952, 30.486278002872041 ], [ 77.193359460002284, 30.489306002874855 ], [ 77.201858460010271, 30.4898050028753 ], [ 77.197860460006495, 30.486917002872588 ], [ 77.194808460003514, 30.484722002870512 ], [ 77.189277459998493, 30.478390002864671 ], [ 77.178916459988841, 30.460916002848535 ], [ 77.174720459984883, 30.456944002844693 ], [ 77.173637459983865, 30.448889002837177 ], [ 77.167999459978546, 30.440027002829083 ], [ 77.17575045998592, 30.425751002815787 ], [ 77.175583459985774, 30.425362002815291 ], [ 77.171142459981638, 30.415445002806109 ], [ 77.171585459981998, 30.411444002802455 ], [ 77.181274459991073, 30.420445002810766 ], [ 77.184608459994024, 30.423529002813666 ], [ 77.191108460000123, 30.44066600282963 ], [ 77.190971460000128, 30.442194002831002 ], [ 77.190475459999561, 30.448860002837137 ], [ 77.196693460005463, 30.461140002848651 ], [ 77.197860460006495, 30.457167002844926 ], [ 77.192359460001398, 30.42972200281929 ], [ 77.184974459994464, 30.416584002807213 ], [ 77.184890459994449, 30.41652900280701 ], [ 77.175636459985753, 30.40800100279921 ], [ 77.17678045998673, 30.404861002796224 ], [ 77.176025459986022, 30.402889002794382 ], [ 77.171806459982236, 30.391806002784051 ], [ 77.169387459980044, 30.380388002773543 ], [ 77.166442459977134, 30.366501002760515 ], [ 77.159225459970457, 30.35988800275436 ] ] ] } },
{ "type": "Feature", "properties": { "ISO": "IND", "COUNTRY": "India", "F_CODE_DES": "Inland Water", "HYC_DESCRI": "Non-Perennial/Intermittent/Fluctuating", "NAME": "UNK" }, "geometry": { "type": "Polygon", "coordinates": [ [ [ 76.760948459599604, 30.466028002853136 ], [ 76.757553459596465, 30.465166002852357 ], [ 76.751663459590873, 30.468111002855039 ], [ 76.755996459594826, 30.473667002860338 ], [ 76.761169459599842, 30.480278002866498 ], [ 76.763885459602307, 30.491667002876966 ], [ 76.763496459601811, 30.503805002888384 ], [ 76.772392459610273, 30.498249002883085 ], [ 76.774085459611797, 30.48838800287399 ], [ 76.761222459599821, 30.466084002853222 ], [ 76.760948459599604, 30.466028002853136 ] ] ] } },
{ "type": "Feature", "properties": { "ISO": "IND", "COUNTRY": "India", "F_CODE_DES": "Inland Water", "HYC_DESCRI": "Perennial/Permanent", "NAME": "UNK" }, "geometry": { "type": "Polygon", "coordinates": [ [ [ 74.088722457110862, 30.47872200286497 ], [ 74.083419457105947, 30.477972002864362 ], [ 74.082031457104677, 30.480278002866498 ], [ 74.084251457106575, 30.483778002869713 ], [ 74.088363457110518, 30.484777002870715 ], [ 74.097190457118813, 30.491083002876621 ], [ 74.099304457120752, 30.488972002874561 ], [ 74.092392457114329, 30.480944002867091 ], [ 74.088722457110862, 30.47872200286497 ] ] ] } },
{ "type": "Feature", "properties": { "ISO": "IND", "COUNTRY": "India", "F_CODE_DES": "Inland Water", "HYC_DESCRI": "Non-Perennial/Intermittent/Fluctuating", "NAME": "UNK" }, "geometry": { "type": "Polygon", "coordinates": [ [ [ 77.350196460148254, 30.434305002823749 ], [ 77.353858460151741, 30.428722002818404 ], [ 77.365776460162806, 30.429361002818951 ], [ 77.37144446016805, 30.433140002822483 ], [ 77.37461046017097, 30.432833002822235 ], [ 77.375915460172337, 30.430973002820565 ], [ 77.373359460169922, 30.428139002817943 ], [ 77.366691460163793, 30.425362002815291 ], [ 77.357833460155462, 30.416834002807263 ], [ 77.348030460146219, 30.387333002779997 ], [ 77.346969460145374, 30.378221002771397 ], [ 77.34930446014755, 30.370277002763942 ], [ 77.365081460162173, 30.350361002745558 ], [ 77.366165460163302, 30.347805002743144 ], [ 77.371635460168363, 30.33474900273086 ], [ 77.37139146016807, 30.329889002726304 ], [ 77.367111460164097, 30.322779002719699 ], [ 77.363609460160887, 30.30913900270707 ], [ 77.366417460163348, 30.295723002694558 ], [ 77.366332460163449, 30.287056002686541 ], [ 77.364303460161409, 30.283611002683301 ], [ 77.352195460150142, 30.277695002677774 ], [ 77.35597246015368, 30.269583002670288 ], [ 77.367057460164006, 30.266806002667636 ], [ 77.370330460166997, 30.263971002664903 ], [ 77.370803460167508, 30.258917002660382 ], [ 77.364135460161378, 30.240528002643259 ], [ 77.361579460158964, 30.243166002645694 ], [ 77.36116746015864, 30.246973002649156 ], [ 77.362663460159865, 30.261806002662979 ], [ 77.352554460150486, 30.26483300266591 ], [ 77.347442460145658, 30.269917002670581 ], [ 77.345558460144048, 30.274084002674499 ], [ 77.357002460154717, 30.289055002688428 ], [ 77.35516346015288, 30.307583002705542 ], [ 77.350280460148497, 30.313528002711109 ], [ 77.349083460147313, 30.318111002715341 ], [ 77.354774460152612, 30.326140002722923 ], [ 77.356308460153969, 30.331194002727671 ], [ 77.357719460155295, 30.335945002731933 ], [ 77.35678146015448, 30.340778002736442 ], [ 77.345970460144372, 30.3532770027482 ], [ 77.33613546013521, 30.370472002764245 ], [ 77.338470460137387, 30.383417002776241 ], [ 77.343971460142484, 30.395639002787675 ], [ 77.340499460139199, 30.412416002803184 ], [ 77.346084460144539, 30.417889002808352 ], [ 77.347557460145936, 30.423000002813069 ], [ 77.345001460143521, 30.441305002830177 ], [ 77.349777460147834, 30.438084002827054 ], [ 77.349998460148072, 30.436083002825399 ], [ 77.350196460148254, 30.434305002823749 ] ] ] } },
{ "type": "Feature", "properties": { "ISO": "IND", "COUNTRY": "India", "F_CODE_DES": "Inland Water", "HYC_DESCRI": "Non-Perennial/Intermittent/Fluctuating", "NAME": "UNK" }, "geometry": { "type": "Polygon", "coordinates": [ [ [ 77.124443459937993, 30.319750002717001 ], [ 77.132835459945909, 30.327444002724178 ], [ 77.138496459951057, 30.335890002731958 ], [ 77.140830459953349, 30.342751002738396 ], [ 77.144500459956816, 30.352806002747684 ], [ 77.147941459960066, 30.356945002751672 ], [ 77.152000459963801, 30.358778002753297 ], [ 77.159225459970457, 30.35988800275436 ], [ 77.147720459959828, 30.346582002742025 ], [ 77.143081459955511, 30.336500002732464 ], [ 77.143081459955511, 30.331638002728141 ], [ 77.154830459966433, 30.335222002731371 ], [ 77.1585004599699, 30.340000002735906 ], [ 77.157775459969116, 30.345055002740537 ], [ 77.159080459970255, 30.348278002743427 ], [ 77.162864459973889, 30.350721002745786 ], [ 77.164444459975357, 30.350779002745867 ], [ 77.175468459985495, 30.351194002746297 ], [ 77.178276459988183, 30.353417002748301 ], [ 77.182029459991782, 30.361999002756193 ], [ 77.188804459997982, 30.367306002761325 ], [ 77.202468460010778, 30.382055002774905 ], [ 77.205024460013192, 30.384806002777623 ], [ 77.208251460016072, 30.388277002780796 ], [ 77.210334460017975, 30.388945002781384 ], [ 77.217445460024692, 30.391167002783504 ], [ 77.221916460028751, 30.392584002784815 ], [ 77.227554460034071, 30.396778002788778 ], [ 77.236946460042873, 30.405390002796821 ], [ 77.244110460049569, 30.411945002802895 ], [ 77.258445460062831, 30.422611002812801 ], [ 77.264831460068763, 30.434334002823562 ], [ 77.267334460071197, 30.425444002815311 ], [ 77.265975460069967, 30.42297200281314 ], [ 77.265304460069274, 30.421778002812061 ], [ 77.259750460064197, 30.415890002806464 ], [ 77.251724460056721, 30.410944002801898 ], [ 77.248748460053775, 30.406639002797874 ], [ 77.245109460050344, 30.406500002797657 ], [ 77.240638460046284, 30.402945002794468 ], [ 77.237304460043106, 30.396278002788222 ], [ 77.245246460050566, 30.398472002790186 ], [ 77.260276460064688, 30.399639002791446 ], [ 77.266471460070306, 30.402611002794174 ], [ 77.276222460079453, 30.41247200280327 ], [ 77.283721460086326, 30.413361002804095 ], [ 77.288948460091206, 30.411222002802106 ], [ 77.293556460095488, 30.411388002802369 ], [ 77.296218460098089, 30.417194002807719 ], [ 77.295028460097001, 30.421583002811758 ], [ 77.298690460100261, 30.421278002811505 ], [ 77.301414460102933, 30.415472002806155 ], [ 77.296028460097887, 30.405777002797095 ], [ 77.288139460090633, 30.402555002794088 ], [ 77.277053460080197, 30.405111002796502 ], [ 77.27161446007517, 30.401945002793582 ], [ 77.272003460075439, 30.399000002790672 ], [ 77.274169460077474, 30.398361002790125 ], [ 77.277664460080814, 30.397306002789264 ], [ 77.277031460080252, 30.395389002787397 ], [ 77.263305460067386, 30.392361002784583 ], [ 77.249221460054287, 30.391861002784026 ], [ 77.243446460048972, 30.390167002782619 ], [ 77.238502460044401, 30.38683300277944 ], [ 77.228889460035361, 30.384361002777041 ], [ 77.216636460023892, 30.384445002777284 ], [ 77.214446460021918, 30.384472002777329 ], [ 77.214279460021771, 30.384472002777329 ], [ 77.210830460018542, 30.382389002775199 ], [ 77.207641460015566, 30.380444002773402 ], [ 77.20461246001264, 30.372528002766103 ], [ 77.189887459998999, 30.35994500275433 ], [ 77.187080459996423, 30.348028002743376 ], [ 77.184471459994029, 30.346445002741802 ], [ 77.169357459979892, 30.346945002742359 ], [ 77.166969459977736, 30.344723002740238 ], [ 77.162834459973737, 30.340805002736488 ], [ 77.165275459976101, 30.33602700273218 ], [ 77.162719459973687, 30.33300000272925 ], [ 77.153198459964869, 30.329250002725757 ], [ 77.148391459960294, 30.322750002719658 ], [ 77.141525459953982, 30.319111002716454 ], [ 77.135971459948905, 30.318083002715412 ], [ 77.129997459943297, 30.311083002708983 ], [ 77.121170459935001, 30.307611002705698 ], [ 77.115058459929287, 30.303417002701735 ], [ 77.107498459922226, 30.298222002697003 ], [ 77.091552459907462, 30.291082002690246 ], [ 77.051528459870269, 30.284334002683863 ], [ 77.060608459878722, 30.29269400269186 ], [ 77.076309459893309, 30.294750002693718 ], [ 77.08210745989868, 30.30024900269882 ], [ 77.099777459915003, 30.307222002705203 ], [ 77.113998459928325, 30.309860002707637 ], [ 77.124443459937993, 30.319750002717001 ] ] ] } },
{ "type": "Feature", "properties": { "ISO": "IND", "COUNTRY": "India", "F_CODE_DES": "Inland Water", "HYC_DESCRI": "Perennial/Permanent", "NAME": "UNK" }, "geometry": { "type": "Polygon", "coordinates": [ [ [ 74.024024457050473, 30.410029002801139 ], [ 74.022247457048934, 30.40988900280081 ], [ 74.018417457045416, 30.411417002802409 ], [ 74.020027457046808, 30.412138002802976 ], [ 74.033973457059801, 30.41827800280862 ], [ 74.033668457059548, 30.41472200280532 ], [ 74.029220457055317, 30.410417002801296 ], [ 74.024024457050473, 30.410029002801139 ] ] ] } },
{ "type": "Feature", "properties": { "ISO": "IND", "COUNTRY": "India", "F_CODE_DES": "Inland Water", "HYC_DESCRI": "Non-Perennial/Intermittent/Fluctuating", "NAME": "UNK" }, "geometry": { "type": "Polygon", "coordinates": [ [ [ 77.805946460572841, 30.373556002767145 ], [ 77.80766246057442, 30.367500002761517 ], [ 77.791809460559534, 30.374390002767768 ], [ 77.786056460554164, 30.378000002771159 ], [ 77.780387460549036, 30.385195002777891 ], [ 77.772720460541905, 30.38769500278022 ], [ 77.758888460528851, 30.398222002790135 ], [ 77.752998460523486, 30.399529002791269 ], [ 77.742302460513429, 30.410139002801088 ], [ 77.763580460533376, 30.402389002793825 ], [ 77.805946460572841, 30.373556002767145 ] ] ] } },
{ "type": "Feature", "properties": { "ISO": "IND", "COUNTRY": "India", "F_CODE_DES": "Inland Water", "HYC_DESCRI": "Non-Perennial/Intermittent/Fluctuating", "NAME": "UNK" }, "geometry": { "type": "Polygon", "coordinates": [ [ [ 77.400947460195539, 30.316973002714349 ], [ 77.400863460195524, 30.313194002710816 ], [ 77.395385460190482, 30.316166002713544 ], [ 77.391471460186722, 30.321945002719076 ], [ 77.392082460187339, 30.324278002721258 ], [ 77.38455246018043, 30.339416002735334 ], [ 77.381027460176938, 30.352806002747684 ], [ 77.382278460178213, 30.362583002756764 ], [ 77.385559460181184, 30.370306002763982 ], [ 77.393524460188701, 30.382389002775199 ], [ 77.399582460194324, 30.387888002780528 ], [ 77.406440460200656, 30.402889002794382 ], [ 77.412056460206031, 30.407944002799013 ], [ 77.410804460204872, 30.398195002790089 ], [ 77.405586460199856, 30.38472200277738 ], [ 77.39180746018701, 30.366722002760753 ], [ 77.386779460182424, 30.354723002749552 ], [ 77.388664460184145, 30.34041600273622 ], [ 77.400947460195539, 30.316973002714349 ] ] ] } },
{ "type": "Feature", "properties": { "ISO": "IND", "COUNTRY": "India", "F_CODE_DES": "Inland Water", "HYC_DESCRI": "Non-Perennial/Intermittent/Fluctuating", "NAME": "UNK" }, "geometry": { "type": "Polygon", "coordinates": [ [ [ 78.114524460860139, 30.342527002738279 ], [ 78.116531460862006, 30.341110002736741 ], [ 78.123970460869032, 30.343250002738841 ], [ 78.135109460879221, 30.350750002745826 ], [ 78.14375346088741, 30.322916002719921 ], [ 78.134803460879084, 30.3281380027247 ], [ 78.132446460876963, 30.332083002728496 ], [ 78.133697460878011, 30.33741800273333 ], [ 78.131553460875921, 30.34219400273787 ], [ 78.116500460861971, 30.335638002731685 ], [ 78.114555460860174, 30.329445002726061 ], [ 78.120720460865869, 30.308722002706645 ], [ 78.120941460866106, 30.30347200270171 ], [ 78.125335460870247, 30.296612002695383 ], [ 78.127670460872423, 30.286972002686525 ], [ 78.12821946087297, 30.286223002685801 ], [ 78.143333460886879, 30.266111002667003 ], [ 78.149917460893221, 30.253222002655093 ], [ 78.148666460891945, 30.235250002638168 ], [ 78.140861460884707, 30.220694002624668 ], [ 78.133056460877469, 30.206083002611194 ], [ 78.131805460876194, 30.194834002600601 ], [ 78.135780460879914, 30.180389002587162 ], [ 78.135559460879676, 30.179445002586363 ], [ 78.132942460877302, 30.168945002576493 ], [ 78.131584460875956, 30.163389002571421 ], [ 78.134582460878846, 30.149111002558129 ], [ 78.136863460880932, 30.146223002555416 ], [ 78.139694460883675, 30.136167002546017 ], [ 78.143608460887208, 30.110306002521838 ], [ 78.152641460895666, 30.090723002503637 ], [ 78.166557460908507, 30.076139002489981 ], [ 78.173500460915193, 30.072332002486519 ], [ 78.185196460925908, 30.071222002485456 ], [ 78.188942460929411, 30.06877700248333 ], [ 78.194053460934128, 30.067888002482505 ], [ 78.184387460925336, 30.066973002481518 ], [ 78.170753460912465, 30.068472002482849 ], [ 78.166969460909058, 30.072140002486321 ], [ 78.142364460886029, 30.086834002499927 ], [ 78.126335460871132, 30.099445002511857 ], [ 78.123252460868343, 30.104000002515932 ], [ 78.119636460864967, 30.115305002526611 ], [ 78.119392460864674, 30.121834002532523 ], [ 78.123191460868156, 30.136305002546123 ], [ 78.121414460866617, 30.150917002559709 ], [ 78.120635460865742, 30.157362002565833 ], [ 78.126335460871132, 30.194611002600368 ], [ 78.128471460873243, 30.208584002613406 ], [ 78.128555460873258, 30.209110002613897 ], [ 78.130249460874893, 30.228806002632155 ], [ 78.130386460874888, 30.230278002633668 ], [ 78.129524460874109, 30.233639002636664 ], [ 78.128112460872899, 30.239084002641903 ], [ 78.129753460874326, 30.246500002648645 ], [ 78.128669460873425, 30.255556002657158 ], [ 78.120498460865747, 30.274834002675107 ], [ 78.119552460864952, 30.277027002677187 ], [ 78.114364460860088, 30.297361002696107 ], [ 78.113197460858828, 30.308916002706837 ], [ 78.110031460855907, 30.315167002712769 ], [ 78.108863460854991, 30.325695002722568 ], [ 78.109916460855857, 30.34219400273787 ], [ 78.104026460850491, 30.355528002750361 ], [ 78.10441546085076, 30.364195002758379 ], [ 78.11096946085695, 30.382750002775538 ], [ 78.110138460855978, 30.38588900277864 ], [ 78.12086446086596, 30.38558400277816 ], [ 78.122863460867848, 30.383751002776535 ], [ 78.111305460857238, 30.368416002762388 ], [ 78.111221460856996, 30.352139002747208 ], [ 78.114524460860139, 30.342527002738279 ] ], [ [ 78.141281460885011, 30.237972002640845 ], [ 78.141029460884738, 30.244083002646448 ], [ 78.135528460879641, 30.254084002655873 ], [ 78.134582460878846, 30.247694002649951 ], [ 78.136444460880512, 30.231083002634477 ], [ 78.141281460885011, 30.237972002640845 ] ], [ [ 78.140831460884556, 30.100277002512485 ], [ 78.134582460878846, 30.119167002530048 ], [ 78.134246460878558, 30.120167002531161 ], [ 78.129837460874342, 30.127861002538339 ], [ 78.127945460872752, 30.12633300253674 ], [ 78.125000460869842, 30.115028002526287 ], [ 78.129470460874018, 30.106306002518068 ], [ 78.143333460886879, 30.092695002505479 ], [ 78.140831460884556, 30.100277002512485 ] ] ] } },
{ "type": "Feature", "properties": { "ISO": "IND", "COUNTRY": "India", "F_CODE_DES": "Inland Water", "HYC_DESCRI": "Perennial/Permanent", "NAME": "UNK" }, "geometry": { "type": "Polygon", "coordinates": [ [ [ 73.94200145697414, 30.380917002773913 ], [ 73.949195456980988, 30.380167002773305 ], [ 73.956665456987821, 30.381722002774723 ], [ 73.955169456986368, 30.378000002771159 ], [ 73.950500456982127, 30.373888002767444 ], [ 73.944473456976539, 30.373362002766953 ], [ 73.937637456970151, 30.379944002773072 ], [ 73.938194456970677, 30.383472002776216 ], [ 73.94200145697414, 30.380917002773913 ] ] ] } },
{ "type": "Feature", "properties": { "ISO": "IND", "COUNTRY": "India", "F_CODE_DES": "Inland Water", "HYC_DESCRI": "Perennial/Permanent", "NAME": "GOHNA LAKE" }, "geometry": { "type": "Polygon", "coordinates": [ [ [ 79.528640462177236, 30.377445002770628 ], [ 79.538024462185831, 30.372333002766027 ], [ 79.530502462178902, 30.371779002765379 ], [ 79.524582462173385, 30.373972002767459 ], [ 79.514640462164152, 30.373362002766953 ], [ 79.505470462155472, 30.370640002764276 ], [ 79.502723462152971, 30.373112002766675 ], [ 79.508499462158397, 30.375334002768795 ], [ 79.523529462172291, 30.377750002770881 ], [ 79.528640462177236, 30.377445002770628 ] ] ] } },
{ "type": "Feature", "properties": { "ISO": "IND", "COUNTRY": "India", "F_CODE_DES": "Inland Water", "HYC_DESCRI": "Non-Perennial/Intermittent/Fluctuating", "NAME": "UNK" }, "geometry": { "type": "Polygon", "coordinates": [ [ [ 77.140830459953349, 30.342751002738396 ], [ 77.133804459946759, 30.342278002737885 ], [ 77.132698459945686, 30.345194002740755 ], [ 77.137252459950105, 30.351473002746388 ], [ 77.144500459956816, 30.352806002747684 ], [ 77.140830459953349, 30.342751002738396 ] ] ] } },
{ "type": "Feature", "properties": { "ISO": "IND", "COUNTRY": "India", "F_CODE_DES": "Inland Water", "HYC_DESCRI": "Non-Perennial/Intermittent/Fluctuating", "NAME": "UNK" }, "geometry": { "type": "Polygon", "coordinates": [ [ [ 77.884162460645712, 30.342056002737763 ], [ 77.898635460659079, 30.339111002735081 ], [ 77.941886460699379, 30.340250002735957 ], [ 77.949531460706567, 30.338167002734053 ], [ 77.942581460700012, 30.335222002731371 ], [ 77.927276460685789, 30.334944002731163 ], [ 77.921081460679943, 30.332222002728486 ], [ 77.904525460664672, 30.331917002728233 ], [ 77.898918460659388, 30.332582002728941 ], [ 77.893165460654018, 30.336195002732211 ], [ 77.886581460647903, 30.336639002732682 ], [ 77.876747460638626, 30.333584002729822 ], [ 77.869667460632172, 30.334194002730328 ], [ 77.858390460621649, 30.342083002737809 ], [ 77.884162460645712, 30.342056002737763 ] ] ] } },
{ "type": "Feature", "properties": { "ISO": "IND", "COUNTRY": "India", "F_CODE_DES": "Inland Water", "HYC_DESCRI": "Non-Perennial/Intermittent/Fluctuating", "NAME": "UNK" }, "geometry": { "type": "Polygon", "coordinates": [ [ [ 76.868110459699437, 30.303499002701756 ], [ 76.859474459691228, 30.299889002698364 ], [ 76.856834459688798, 30.300612002699154 ], [ 76.853721459685858, 30.305944002704109 ], [ 76.859169459690975, 30.309473002707364 ], [ 76.85955845969147, 30.309723002707642 ], [ 76.863166459694639, 30.312084002709753 ], [ 76.864364459695935, 30.314138002711843 ], [ 76.867111459698435, 30.318832002716135 ], [ 76.868446459699726, 30.326500002723151 ], [ 76.867805459698957, 30.333111002729311 ], [ 76.867637459698926, 30.334667002730839 ], [ 76.870666459701624, 30.33769400273377 ], [ 76.874275459705132, 30.337973002733861 ], [ 76.878135459708574, 30.333250002729528 ], [ 76.879974459710411, 30.329750002726314 ], [ 76.880584459710917, 30.328556002725236 ], [ 76.880363459710679, 30.314167002711656 ], [ 76.877197459707759, 30.308416002706508 ], [ 76.876136459706913, 30.307638002705744 ], [ 76.87369545970455, 30.305834002703932 ], [ 76.86922445970049, 30.303972002702267 ], [ 76.868110459699437, 30.303499002701756 ] ] ] } },
{ "type": "Feature", "properties": { "ISO": "IND", "COUNTRY": "India", "F_CODE_DES": "Inland Water", "HYC_DESCRI": "Non-Perennial/Intermittent/Fluctuating", "NAME": "UNK" }, "geometry": { "type": "Polygon", "coordinates": [ [ [ 77.132835459945909, 30.327444002724178 ], [ 77.124443459937993, 30.319750002717001 ], [ 77.123779459937396, 30.323528002720423 ], [ 77.127052459940614, 30.331472002727878 ], [ 77.132835459945909, 30.327444002724178 ] ] ] } },
{ "type": "Feature", "properties": { "ISO": "IND", "COUNTRY": "India", "F_CODE_DES": "Inland Water", "HYC_DESCRI": "Non-Perennial/Intermittent/Fluctuating", "NAME": "UNK" }, "geometry": { "type": "Polygon", "coordinates": [ [ [ 77.522163460308548, 30.234777002637884 ], [ 77.514114460301016, 30.214027002618423 ], [ 77.505607460293049, 30.20802700261288 ], [ 77.501808460289567, 30.200945002606204 ], [ 77.485748460274635, 30.185194002591743 ], [ 77.480583460269827, 30.181833002588519 ], [ 77.475051460264694, 30.180584002587239 ], [ 77.474502460264148, 30.181833002588519 ], [ 77.491920460280426, 30.210112002614778 ], [ 77.492248460280507, 30.213499002617937 ], [ 77.489830460278426, 30.213417002617916 ], [ 77.483474460272419, 30.209194002613913 ], [ 77.478332460267666, 30.204140002609392 ], [ 77.466941460256976, 30.187500002593879 ], [ 77.463142460253493, 30.185888002592264 ], [ 77.463859460254071, 30.191416002597407 ], [ 77.468940460258864, 30.202555002607824 ], [ 77.475891460265302, 30.209778002614485 ], [ 77.481109460270318, 30.218195002622451 ], [ 77.481002460270247, 30.220501002624587 ], [ 77.478805460268177, 30.220638002624582 ], [ 77.468780460258813, 30.211222002615841 ], [ 77.460723460251302, 30.206722002611741 ], [ 77.451248460242368, 30.196251002601912 ], [ 77.4416124602335, 30.194639002600525 ], [ 77.429863460222577, 30.18600100259232 ], [ 77.425720460218599, 30.18586200259233 ], [ 77.429138460221793, 30.19083400259683 ], [ 77.437080460229254, 30.197666002603228 ], [ 77.444885460236492, 30.20216800260755 ], [ 77.454498460245532, 30.210306002614971 ], [ 77.462585460252967, 30.226305002629942 ], [ 77.462974460253463, 30.227057002630545 ], [ 77.47250346026226, 30.236055002638977 ], [ 77.476135460265596, 30.236584002639574 ], [ 77.491775460280223, 30.250860002652871 ], [ 77.502357460290114, 30.253111002654805 ], [ 77.51319146030005, 30.260889002662225 ], [ 77.528053460313913, 30.27902800267907 ], [ 77.528862460314713, 30.28000100267991 ], [ 77.533638460319253, 30.281639002681459 ], [ 77.543807460328708, 30.288529002687937 ], [ 77.549415460333876, 30.290667002689815 ], [ 77.555969460340066, 30.293167002692144 ], [ 77.556083460340005, 30.293138002692103 ], [ 77.561943460345447, 30.29061100268973 ], [ 77.552413460336538, 30.281666002681504 ], [ 77.550277460334655, 30.279667002679616 ], [ 77.540664460325615, 30.26097300266224 ], [ 77.534469460319997, 30.257999002659517 ], [ 77.530113460315988, 30.252583002654319 ], [ 77.528305460314186, 30.244083002646448 ], [ 77.522163460308548, 30.234777002637884 ] ] ] } },
{ "type": "Feature", "properties": { "ISO": "IND", "COUNTRY": "India", "F_CODE_DES": "Inland Water", "HYC_DESCRI": "Non-Perennial/Intermittent/Fluctuating", "NAME": "UNK" }, "geometry": { "type": "Polygon", "coordinates": [ [ [ 76.951278459776859, 30.224890002628626 ], [ 76.947334459773174, 30.222723002626481 ], [ 76.94208545976835, 30.223749002627528 ], [ 76.94660945977239, 30.232584002635804 ], [ 76.953498459778757, 30.240889002643598 ], [ 76.9643854597889, 30.247305002649455 ], [ 76.974609459798558, 30.253334002655038 ], [ 76.978775459802364, 30.255806002657437 ], [ 76.987030459810057, 30.262388002663556 ], [ 76.995246459817736, 30.263140002664159 ], [ 76.995941459818368, 30.258083002659532 ], [ 76.988082459811039, 30.249834002651824 ], [ 76.984138459807355, 30.248083002650219 ], [ 76.972168459796194, 30.242777002645198 ], [ 76.969413459793714, 30.241556002644074 ], [ 76.957946459782988, 30.233000002636118 ], [ 76.951278459776859, 30.224890002628626 ] ] ] } },
{ "type": "Feature", "properties": { "ISO": "IND", "COUNTRY": "India", "F_CODE_DES": "Inland Water", "HYC_DESCRI": "Non-Perennial/Intermittent/Fluctuating", "NAME": "UNK" }, "geometry": { "type": "Polygon", "coordinates": [ [ [ 78.176307460917769, 30.143362002552749 ], [ 78.17561346091702, 30.136806002546564 ], [ 78.171691460913507, 30.137333002547166 ], [ 78.169998460911756, 30.125029002535712 ], [ 78.177803460918994, 30.098639002510936 ], [ 78.172607460914151, 30.101889002514099 ], [ 78.165390460907474, 30.112638002524136 ], [ 78.166610460908714, 30.167999002575698 ], [ 78.169082460910886, 30.17314000258034 ], [ 78.173774460915411, 30.177500002584566 ], [ 78.179031460920214, 30.179333002586191 ], [ 78.187080460927746, 30.185333002591733 ], [ 78.193695460933895, 30.190277002596304 ], [ 78.200531460940283, 30.195389002601132 ], [ 78.205360460944803, 30.20627800261127 ], [ 78.211250460950168, 30.219555002623565 ], [ 78.215667460954364, 30.224527002628292 ], [ 78.216446460955012, 30.229834002633197 ], [ 78.214248460953058, 30.242445002644899 ], [ 78.215469460954182, 30.248388002650472 ], [ 78.217582460956237, 30.256889002658454 ], [ 78.223053460961182, 30.259583002660975 ], [ 78.224914460962964, 30.255833002657482 ], [ 78.220497460958768, 30.25044400265233 ], [ 78.220169460958459, 30.246834002648939 ], [ 78.223136460961314, 30.238472002641174 ], [ 78.230331460968046, 30.228333002631871 ], [ 78.220970460959279, 30.219610002623767 ], [ 78.217613460956272, 30.21191600261659 ], [ 78.214775460953433, 30.21016700261498 ], [ 78.209861460949014, 30.199028002604564 ], [ 78.202140460941791, 30.1881940025944 ], [ 78.202026460941624, 30.188028002594365 ], [ 78.191635460932048, 30.181833002588519 ], [ 78.1808854609219, 30.175388002582622 ], [ 78.175140460916509, 30.167610002575202 ], [ 78.174057460915492, 30.1580830025664 ], [ 78.174552460916175, 30.156111002564558 ], [ 78.175781460917278, 30.151388002560225 ], [ 78.174247460915694, 30.146278002555391 ], [ 78.176307460917769, 30.143362002552749 ] ] ] } },
{ "type": "Feature", "properties": { "ISO": "IND", "COUNTRY": "India", "F_CODE_DES": "Inland Water", "HYC_DESCRI": "Non-Perennial/Intermittent/Fluctuating", "NAME": "UNK" }, "geometry": { "type": "Polygon", "coordinates": [ [ [ 77.729057460501053, 30.19963800260507 ], [ 77.716941460489807, 30.18194400258858 ], [ 77.712219460485585, 30.178833002585634 ], [ 77.690780460465476, 30.180445002587248 ], [ 77.6831364604584, 30.176806002583817 ], [ 77.677085460452872, 30.171333002578649 ], [ 77.674636460450529, 30.166195002573886 ], [ 77.666862460443326, 30.16072300256883 ], [ 77.665191460441747, 30.159555002567686 ], [ 77.658691460435648, 30.158695002566901 ], [ 77.651054460428441, 30.161194002569346 ], [ 77.639640460417922, 30.161222002569275 ], [ 77.637359460415837, 30.163279002571244 ], [ 77.628135460407066, 30.162750002570647 ], [ 77.621719460401209, 30.160000002568268 ], [ 77.613472460393496, 30.14875000255779 ], [ 77.612197460392281, 30.155251002563773 ], [ 77.618415460398182, 30.168556002576224 ], [ 77.620887460400354, 30.167583002575157 ], [ 77.627586460406746, 30.170111002577642 ], [ 77.644607460422549, 30.169834002577318 ], [ 77.654304460431604, 30.175444002582481 ], [ 77.659194460436083, 30.174973002582192 ], [ 77.656669460433704, 30.17130500257872 ], [ 77.652420460429767, 30.168833002576321 ], [ 77.652030460429387, 30.166721002574377 ], [ 77.658584460435577, 30.166445002574164 ], [ 77.663223460439895, 30.166222002573932 ], [ 77.676498460452194, 30.178917002585877 ], [ 77.690940460465754, 30.187416002593636 ], [ 77.699607460473771, 30.189167002595241 ], [ 77.709198460482639, 30.187166002593585 ], [ 77.711807460485034, 30.188528002594694 ], [ 77.716720460489569, 30.197750002603243 ], [ 77.7211684604938, 30.202334002607586 ], [ 77.727081460499221, 30.216694002620898 ], [ 77.739891460511217, 30.235250002638168 ], [ 77.742500460513611, 30.23761200264039 ], [ 77.752052460522691, 30.246195002648392 ], [ 77.754776460525136, 30.245028002647359 ], [ 77.752670460523177, 30.238193002641083 ], [ 77.749473460520221, 30.234751002637722 ], [ 77.740364460511728, 30.224917002628672 ], [ 77.738639460510058, 30.219583002623722 ], [ 77.732307460504217, 30.214111002618665 ], [ 77.729858460501873, 30.208750002613669 ], [ 77.729057460501053, 30.19963800260507 ] ] ] } },
{ "type": "Feature", "properties": { "ISO": "IND", "COUNTRY": "India", "F_CODE_DES": "Inland Water", "HYC_DESCRI": "Non-Perennial/Intermittent/Fluctuating", "NAME": "UNK" }, "geometry": { "type": "Polygon", "coordinates": [ [ [ 77.384140460179879, 30.228333002631871 ], [ 77.388496460183887, 30.218361002622487 ], [ 77.379943460176037, 30.219749002623757 ], [ 77.37638846017262, 30.227861002631471 ], [ 77.376945460173147, 30.231667002634822 ], [ 77.384140460179879, 30.228333002631871 ] ] ] } },
{ "type": "Feature", "properties": { "ISO": "IND", "COUNTRY": "India", "F_CODE_DES": "Inland Water", "HYC_DESCRI": "Non-Perennial/Intermittent/Fluctuating", "NAME": "UNK" }, "geometry": { "type": "Polygon", "coordinates": [ [ [ 76.892303459721916, 30.178612002585623 ], [ 76.891220459720898, 30.175917002582992 ], [ 76.883857459713909, 30.177860002584794 ], [ 76.879806459710153, 30.18325000258983 ], [ 76.886085459716014, 30.184250002590716 ], [ 76.892303459721916, 30.178612002585623 ] ] ] } },
{ "type": "Feature", "properties": { "ISO": "IND", "COUNTRY": "India", "F_CODE_DES": "Inland Water", "HYC_DESCRI": "Non-Perennial/Intermittent/Fluctuating", "NAME": "UNK" }, "geometry": { "type": "Polygon", "coordinates": [ [ [ 77.781807460550226, 30.000000002419256 ], [ 77.771003460540214, 30.000000002419256 ], [ 77.770858460540012, 30.006722002425477 ], [ 77.779975460548485, 30.025806002443233 ], [ 77.781585460550104, 30.039389002455891 ], [ 77.78747546055547, 30.049278002465144 ], [ 77.788917460556831, 30.050638002466258 ], [ 77.798667460566094, 30.059778002474786 ], [ 77.801803460568863, 30.060083002475039 ], [ 77.804336460571221, 30.06311000247797 ], [ 77.807441460574182, 30.070389002484717 ], [ 77.808776460575473, 30.078695002492395 ], [ 77.805809460572618, 30.08697100250015 ], [ 77.804946460571955, 30.089333002502372 ], [ 77.797470460564909, 30.093306002506097 ], [ 77.795112460562677, 30.103167002515193 ], [ 77.799919460567253, 30.132889002542925 ], [ 77.801887460569105, 30.13780600254745 ], [ 77.814750460581081, 30.149610002558575 ], [ 77.821418460587211, 30.158695002566901 ], [ 77.825553460590982, 30.163694002571674 ], [ 77.830749460595825, 30.161945002570064 ], [ 77.842414460606733, 30.167389002574964 ], [ 77.849914460613718, 30.168056002575668 ], [ 77.86608146062872, 30.175945002582921 ], [ 77.875167460637158, 30.178749002585619 ], [ 77.87977546064144, 30.18016600258693 ], [ 77.879608460641293, 30.178055002585097 ], [ 77.878860460640681, 30.17747300258452 ], [ 77.875610460637745, 30.174973002582192 ], [ 77.870552460633007, 30.173750002581073 ], [ 77.86591346062869, 30.168972002576538 ], [ 77.829086460594226, 30.155556002564026 ], [ 77.81524646058142, 30.143055002552501 ], [ 77.814552460580899, 30.142416002551727 ], [ 77.805275460572147, 30.121027002531946 ], [ 77.804641460571474, 30.113611002524976 ], [ 77.802108460569116, 30.109945002521499 ], [ 77.802085460569288, 30.099361002511614 ], [ 77.805419460572239, 30.095055002507706 ], [ 77.811775460578247, 30.093555002506264 ], [ 77.811920460578449, 30.093277002506056 ], [ 77.816780460582777, 30.08441700249773 ], [ 77.821357460587024, 30.084999002498307 ], [ 77.821998460587793, 30.081417002495073 ], [ 77.818885460584852, 30.074778002488756 ], [ 77.830085460595228, 30.074083002488123 ], [ 77.833641460598528, 30.075890002489814 ], [ 77.83630346060113, 30.081667002495124 ], [ 77.846580460610539, 30.091083002504092 ], [ 77.858001460621153, 30.097361002509842 ], [ 77.849555460613374, 30.084194002497497 ], [ 77.841804460606227, 30.076584002490563 ], [ 77.834892460599804, 30.069805002484145 ], [ 77.817474460583526, 30.068611002483067 ], [ 77.808135460574704, 30.059444002474493 ], [ 77.80847146057522, 30.057138002472357 ], [ 77.8036424605707, 30.051056002466794 ], [ 77.793724460561407, 30.044834002460902 ], [ 77.790641460558618, 30.037333002454034 ], [ 77.792945460560759, 30.029167002446229 ], [ 77.792663460560334, 30.023695002441173 ], [ 77.789665460557671, 30.020195002437958 ], [ 77.78160846055016, 30.015944002434026 ], [ 77.779914460548525, 30.004278002423234 ], [ 77.781807460550226, 30.000000002419256 ] ] ] } },
{ "type": "Feature", "properties": { "ISO": "IND", "COUNTRY": "India", "F_CODE_DES": "Inland Water", "HYC_DESCRI": "Non-Perennial/Intermittent/Fluctuating", "NAME": "UNK" }, "geometry": { "type": "Polygon", "coordinates": [ [ [ 77.414886460208663, 30.163111002570986 ], [ 77.414329460208137, 30.153999002562614 ], [ 77.412307460206193, 30.150139002558944 ], [ 77.405304460199659, 30.143972002553255 ], [ 77.402664460197229, 30.14347300255281 ], [ 77.402557460197158, 30.151056002559926 ], [ 77.400413460195068, 30.155640002564041 ], [ 77.391113460186489, 30.167334002574989 ], [ 77.393028460188134, 30.168028002575738 ], [ 77.40061146019525, 30.161556002569569 ], [ 77.403724460198191, 30.162500002570596 ], [ 77.412834460206568, 30.170416002577895 ], [ 77.416885460210324, 30.172028002579282 ], [ 77.422195460215335, 30.178139002585112 ], [ 77.425163460218073, 30.17147300257875 ], [ 77.414886460208663, 30.163111002570986 ] ] ] } },
{ "type": "Feature", "properties": { "ISO": "IND", "COUNTRY": "India", "F_CODE_DES": "Inland Water", "HYC_DESCRI": "Non-Perennial/Intermittent/Fluctuating", "NAME": "UNK" }, "geometry": { "type": "Polygon", "coordinates": [ [ [ 77.443580460235353, 30.135389002545253 ], [ 77.435417460227654, 30.133833002543724 ], [ 77.431220460223813, 30.140638002550077 ], [ 77.433136460225569, 30.140722002550319 ], [ 77.435218460227588, 30.143110002552476 ], [ 77.440055460232088, 30.14391700255328 ], [ 77.455970460246817, 30.156918002565362 ], [ 77.463531460253762, 30.166695002574443 ], [ 77.47030646026019, 30.167555002575227 ], [ 77.468330460258358, 30.157555002565914 ], [ 77.459831460250371, 30.152195002560802 ], [ 77.455085460245982, 30.144444002553655 ], [ 77.443580460235353, 30.135389002545253 ] ] ] } },
{ "type": "Feature", "properties": { "ISO": "IND", "COUNTRY": "India", "F_CODE_DES": "Inland Water", "HYC_DESCRI": "Non-Perennial/Intermittent/Fluctuating", "NAME": "UNK" }, "geometry": { "type": "Polygon", "coordinates": [ [ [ 77.75738546052753, 30.134056002543957 ], [ 77.751914460522357, 30.130917002541082 ], [ 77.744361460515393, 30.131945002542125 ], [ 77.737663460509111, 30.12938900253971 ], [ 77.728553460500734, 30.11580500252694 ], [ 77.725219460497556, 30.108305002519955 ], [ 77.72777546049997, 30.10563800251748 ], [ 77.746192460517022, 30.117222002528251 ], [ 77.751975460522544, 30.118889002529841 ], [ 77.752029460522635, 30.117195002528206 ], [ 77.748802460519528, 30.11308300252449 ], [ 77.739364460510842, 30.107056002518902 ], [ 77.731056460502941, 30.099472002511902 ], [ 77.720664460493254, 30.090000002503075 ], [ 77.719169460491912, 30.085501002498859 ], [ 77.720802460493587, 30.08133300249483 ], [ 77.722641460495197, 30.080834002494385 ], [ 77.725723460498102, 30.080000002493762 ], [ 77.729057460501053, 30.075890002489814 ], [ 77.728195460500274, 30.073139002487324 ], [ 77.722808460495344, 30.068722002483128 ], [ 77.72030646049302, 30.076250002490269 ], [ 77.716804460489811, 30.078443002492122 ], [ 77.714691460487757, 30.08219500249561 ], [ 77.715080460488252, 30.090445002503429 ], [ 77.72122146049378, 30.110945002522385 ], [ 77.723556460495956, 30.118805002529825 ], [ 77.733863460505745, 30.133499002543431 ], [ 77.741249460512563, 30.136694002546392 ], [ 77.757942460528056, 30.138083002547774 ], [ 77.75738546052753, 30.134056002543957 ] ] ] } },
{ "type": "Feature", "properties": { "ISO": "IND", "COUNTRY": "India", "F_CODE_DES": "Inland Water", "HYC_DESCRI": "Perennial/Permanent", "NAME": "UNK" }, "geometry": { "type": "Polygon", "coordinates": [ [ [ 78.268913461003876, 30.045750002461773 ], [ 78.256889460992852, 30.036556002453153 ], [ 78.254447460990377, 30.03669400245326 ], [ 78.254859460990929, 30.038610002455016 ], [ 78.263832460999311, 30.045416002461479 ], [ 78.280914461015072, 30.080305002494015 ], [ 78.287246461020914, 30.086611002499922 ], [ 78.290191461023824, 30.098305002510642 ], [ 78.292892461026213, 30.101360002513502 ], [ 78.293220461026522, 30.101749002513998 ], [ 78.293357461026744, 30.101917002514028 ], [ 78.293441461026759, 30.101999002514049 ], [ 78.304252461036867, 30.105249002517212 ], [ 78.305114461037647, 30.107140002518918 ], [ 78.307830461040112, 30.113167002524506 ], [ 78.308136461040476, 30.114361002525584 ], [ 78.308471461040881, 30.11572300252692 ], [ 78.315719461047593, 30.123333002534082 ], [ 78.323448461054795, 30.123972002534629 ], [ 78.313278461045229, 30.116917002527998 ], [ 78.312225461044363, 30.113916002525229 ], [ 78.30977646104202, 30.106890002518639 ], [ 78.306335461038771, 30.101944002514074 ], [ 78.294807461028086, 30.098667002511093 ], [ 78.289276461022837, 30.084362002497755 ], [ 78.284362461018418, 30.079140002492977 ], [ 78.283027461017127, 30.069805002484145 ], [ 78.268913461003876, 30.045750002461773 ] ] ] } },
{ "type": "Feature", "properties": { "ISO": "IND", "COUNTRY": "India", "F_CODE_DES": "Inland Water", "HYC_DESCRI": "Non-Perennial/Intermittent/Fluctuating", "NAME": "UNK" }, "geometry": { "type": "Polygon", "coordinates": [ [ [ 76.770889459608725, 30.110527002522076 ], [ 76.766891459605176, 30.10733400251911 ], [ 76.7632754596018, 30.107472002519216 ], [ 76.762191459600672, 30.110001002521585 ], [ 76.763915459602231, 30.115778002526895 ], [ 76.768081459606265, 30.12274900253351 ], [ 76.770690459608659, 30.122223002533019 ], [ 76.770889459608725, 30.110527002522076 ] ] ] } },
{ "type": "Feature", "properties": { "ISO": "IND", "COUNTRY": "India", "F_CODE_DES": "Inland Water", "HYC_DESCRI": "Non-Perennial/Intermittent/Fluctuating", "NAME": "UNK" }, "geometry": { "type": "Polygon", "coordinates": [ [ [ 77.388359460183892, 30.090805002503657 ], [ 77.380058460176087, 30.091972002504917 ], [ 77.372581460169158, 30.090666002503667 ], [ 77.365943460162953, 30.087473002500701 ], [ 77.352142460150162, 30.076639002490538 ], [ 77.350830460148927, 30.078501002492203 ], [ 77.355415460153154, 30.084362002497755 ], [ 77.370636460167361, 30.0958610025084 ], [ 77.377586460173916, 30.103083002515177 ], [ 77.382774460178553, 30.111500002522916 ], [ 77.39438646018948, 30.122694002533535 ], [ 77.400276460195073, 30.116556002527659 ], [ 77.396026460191024, 30.113861002525255 ], [ 77.393165460188357, 30.107639002519363 ], [ 77.392028460187248, 30.095138002507838 ], [ 77.388359460183892, 30.090805002503657 ] ] ] } },
{ "type": "Feature", "properties": { "ISO": "IND", "COUNTRY": "India", "F_CODE_DES": "Inland Water", "HYC_DESCRI": "Non-Perennial/Intermittent/Fluctuating", "NAME": "UNK" }, "geometry": { "type": "Polygon", "coordinates": [ [ [ 77.388359460183892, 30.090805002503657 ], [ 77.379997460176128, 30.082472002495933 ], [ 77.355278460153158, 30.071695002485967 ], [ 77.352691460150709, 30.069250002483614 ], [ 77.352584460150638, 30.069139002483553 ], [ 77.348526460146786, 30.065306002479929 ], [ 77.347747460146138, 30.063833002478532 ], [ 77.347610460145916, 30.063583002478481 ], [ 77.347557460145936, 30.063473002478304 ], [ 77.337585460136552, 30.044861002460948 ], [ 77.321975460122076, 30.031221002448319 ], [ 77.316307460116832, 30.028278002445404 ], [ 77.305419460106577, 30.027472002444711 ], [ 77.304969460106122, 30.031473002448365 ], [ 77.307830460108789, 30.042972002459237 ], [ 77.317779460118118, 30.048389002464319 ], [ 77.333274460132543, 30.064583002479367 ], [ 77.341804460140565, 30.070028002484378 ], [ 77.348030460146219, 30.073999002488108 ], [ 77.348167460146442, 30.074083002488123 ], [ 77.352142460150162, 30.076639002490538 ], [ 77.365943460162953, 30.087473002500701 ], [ 77.372581460169158, 30.090666002503667 ], [ 77.380058460176087, 30.091972002504917 ], [ 77.388359460183892, 30.090805002503657 ] ] ] } },
{ "type": "Feature", "properties": { "ISO": "IND", "COUNTRY": "India", "F_CODE_DES": "Inland Water", "HYC_DESCRI": "Non-Perennial/Intermittent/Fluctuating", "NAME": "UNK" }, "geometry": { "type": "Polygon", "coordinates": [ [ [ 78.2408374609779, 30.031221002448319 ], [ 78.235191460972601, 30.02641700244385 ], [ 78.232780460970389, 30.032888002449909 ], [ 78.228691460966502, 30.03786100245452 ], [ 78.229332460967044, 30.04019300245659 ], [ 78.226501460964528, 30.044527002460654 ], [ 78.227638460965409, 30.046249002462218 ], [ 78.240669460977642, 30.03608300245287 ], [ 78.2408374609779, 30.031221002448319 ] ] ] } },
{ "type": "Feature", "properties": { "ISO": "IND", "COUNTRY": "India", "F_CODE_DES": "Inland Water", "HYC_DESCRI": "Non-Perennial/Intermittent/Fluctuating", "NAME": "UNK" }, "geometry": { "type": "Polygon", "coordinates": [ [ [ 77.261612460065862, 30.004778002423564 ], [ 77.255668460060178, 30.002445002421382 ], [ 77.246360460051619, 30.004223002423032 ], [ 77.251274460056266, 30.01327700243155 ], [ 77.25705746006156, 30.019388002437154 ], [ 77.260803460065063, 30.021639002439315 ], [ 77.267555460071435, 30.022722002440332 ], [ 77.266418460070327, 30.01108400242947 ], [ 77.261612460065862, 30.004778002423564 ] ] ] } },
{ "type": "Feature", "properties": { "ISO": "IND", "COUNTRY": "India", "F_CODE_DES": "Inland Water", "HYC_DESCRI": "Non-Perennial/Intermittent/Fluctuating", "NAME": "UNK" }, "geometry": { "type": "Polygon", "coordinates": [ [ [ 77.771003460540214, 30.000000002419256 ], [ 77.781807460550226, 30.000000002419256 ], [ 77.79483046056248, 29.990389002410211 ], [ 77.797447460564854, 29.987389002407326 ], [ 77.800941460568083, 29.983389002403783 ], [ 77.800109460567228, 29.979999002400518 ], [ 77.808723460575266, 29.971195002392278 ], [ 77.812751460579193, 29.956333002378415 ], [ 77.822891460588608, 29.946083002369051 ], [ 77.827636460592885, 29.936527002359981 ], [ 77.832969460597951, 29.9307780023546 ], [ 77.847251460611233, 29.920029002344791 ], [ 77.854835460618233, 29.918583002343439 ], [ 77.858085460621396, 29.915750002340701 ], [ 77.866333460628994, 29.915777002340747 ], [ 77.868080460630608, 29.914583002339668 ], [ 77.874275460636454, 29.899139002325228 ], [ 77.879585460641465, 29.900168002326154 ], [ 77.881080460642806, 29.898501002324565 ], [ 77.889915460651082, 29.890333002316993 ], [ 77.889808460650784, 29.88738800231431 ], [ 77.885444460646795, 29.887028002313855 ], [ 77.875724460637684, 29.893694002320217 ], [ 77.866142460628907, 29.897417002323664 ], [ 77.860389460623537, 29.907362002333002 ], [ 77.853859460617286, 29.91222200233733 ], [ 77.84872446061263, 29.91352800233858 ], [ 77.838302460603018, 29.919556002344279 ], [ 77.824752460590389, 29.930305002354316 ], [ 77.814163460580403, 29.943361002366373 ], [ 77.811225460577589, 29.946972002369876 ], [ 77.804191460571246, 29.95225000237474 ], [ 77.800025460567213, 29.958860002380789 ], [ 77.793113460560789, 29.979360002399972 ], [ 77.785003460553298, 29.987749002407782 ], [ 77.774414460543312, 29.991194002411021 ], [ 77.771141460540321, 29.994278002413921 ], [ 77.771003460540214, 30.000000002419256 ] ] ] } }
]
}
