{
"type": "FeatureCollection",
"name": "roads",
"crs": { "type": "name", "properties": { "name": "urn:ogc:def:crs:OGC:1.3:CRS84" } },
"features": [
{ "type": "Feature", "properties": { "MED_DESCRI": "Without Median", "RTT_DESCRI": "Secondary Route", "F_CODE_DES": "Road", "ISO": "IND", "ISOCOUNTRY": "INDIA" }, "geometry": { "type": "LineString", "coordinates": [ [ 77.82774039748233, 35.501277495128768 ], [ 77.825752306486052, 35.499500328132093 ] ] } },
{ "type": "Feature", "properties": { "MED_DESCRI": "Without Median", "RTT_DESCRI": "Secondary Route", "F_CODE_DES": "Road", "ISO": "IND", "ISOCOUNTRY": "INDIA" }, "geometry": { "type": "LineString", "coordinates": [ [ 77.823734353489826, 35.500990782129307 ], [ 77.825752306486052, 35.499500328132093 ] ] } },
{ "type": "Feature", "properties": { "MED_DESCRI": "Without Median", "RTT_DESCRI": "Secondary Route", "F_CODE_DES": "Road", "ISO": "IND", "ISOCOUNTRY": "INDIA" }, "geometry": { "type": "MultiLineString", "coordinates": [ [ [ 77.825752306486052, 35.499500328132093 ], [ 77.829750034478579, 35.496166179138328 ], [ 77.845916716448343, 35.482692747163519 ], [ 77.856002890429494, 35.471054127185276 ], [ 77.858744902424363, 35.469005178189107 ] ], [ [ 77.893685521359032, 35.428423098264986 ], [ 77.893691947359017, 35.428417239264995 ], [ 77.910163864328226, 35.413223340293406 ], [ 77.919670186310455, 35.401054386316162 ], [ 77.931831391287716, 35.385387420345452 ] ] ] } },
{ "type": "Feature", "properties": { "MED_DESCRI": "Without Median", "RTT_DESCRI": "Secondary Route", "F_CODE_DES": "Road", "ISO": "IND", "ISOCOUNTRY": "INDIA" }, "geometry": { "type": "LineString", "coordinates": [ [ 77.931831391287716, 35.385387420345452 ], [ 77.942474359267806, 35.379276294356877 ], [ 77.96316532322912, 35.372470782369604 ], [ 77.968055698219985, 35.370861069372616 ], [ 77.989988581178977, 35.365004148383562 ] ] } },
{ "type": "Feature", "properties": { "MED_DESCRI": "Without Median", "RTT_DESCRI": "Secondary Route", "F_CODE_DES": "Road", "ISO": "IND", "ISOCOUNTRY": "INDIA" }, "geometry": { "type": "LineString", "coordinates": [ [ 77.931831391287716, 35.385387420345452 ], [ 77.903472886340737, 35.3811377553534 ], [ 77.879608234385358, 35.388668082339315 ], [ 77.865608248411533, 35.388500250339632 ], [ 77.850692746439421, 35.383914921348207 ], [ 77.839996291459414, 35.378666013358021 ], [ 77.839164691460979, 35.378276862358746 ], [ 77.809448221516533, 35.354667738402888 ], [ 77.799278320535549, 35.345832744419411 ], [ 77.78622427955996, 35.334499359440599 ], [ 77.762085010605091, 35.313526218479815 ], [ 77.750335636627057, 35.301918027501515 ], [ 77.741332999643888, 35.290389972523073 ], [ 77.739501967647314, 35.288028795527488 ], [ 77.736915502652153, 35.277168288547792 ], [ 77.737663186650749, 35.249416284599683 ], [ 77.735946688653968, 35.238193464620664 ], [ 77.735305789655158, 35.233970637628559 ], [ 77.726692114671266, 35.220611550653537 ], [ 77.7095031317034, 35.200111476691866 ], [ 77.702751106716036, 35.183139843723602 ], [ 77.702773975715985, 35.170528440747184 ], [ 77.704780588712239, 35.163696279759954 ], [ 77.719833304684087, 35.14052960480327 ], [ 77.727943483668923, 35.134361211814806 ], [ 77.737693804650704, 35.130195651822596 ], [ 77.751587005624714, 35.124305655833609 ], [ 77.756500249615527, 35.114807082851364 ], [ 77.760887128607337, 35.080501503915507 ], [ 77.766609103596636, 35.071277547932752 ], [ 77.789413465553992, 35.054306103964485 ] ] } },
{ "type": "Feature", "properties": { "MED_DESCRI": "Without Median", "RTT_DESCRI": "Secondary Route", "F_CODE_DES": "Road", "ISO": "IND", "ISOCOUNTRY": "INDIA" }, "geometry": { "type": "LineString", "coordinates": [ [ 77.495498621103536, 34.871276803306706 ], [ 77.490386927113093, 34.896946027258707 ], [ 77.491836557110389, 34.904724133244166 ], [ 77.49214179210982, 34.906417762240999 ], [ 77.496803288101106, 34.907943748238146 ], [ 77.499694799095693, 34.90808493123788 ], [ 77.515976015065249, 34.908805777236537 ], [ 77.523498593051187, 34.914333271226198 ], [ 77.54261008401545, 34.945251403168392 ], [ 77.545997531009121, 34.959999073140814 ], [ 77.547668480005996, 34.967224165127305 ], [ 77.550857477000037, 34.971721609118902 ], [ 77.551834039998212, 34.973110192116302 ], [ 77.552665639996647, 34.973472505115623 ], [ 77.562469447978316, 34.977584767107935 ], [ 77.580169675945228, 34.999999978066029 ], [ 77.587944001930694, 35.009861053047587 ], [ 77.588531413929587, 35.01013945004707 ], [ 77.601303088905709, 35.016029446036057 ], [ 77.602638184903213, 35.016056095036006 ], [ 77.632774423846868, 35.016803779034603 ], [ 77.667083782782726, 35.022499105023961 ], [ 77.676918019764329, 35.026248865016946 ], [ 77.706253087709484, 35.037498522995911 ], [ 77.728248529668363, 35.043914883983916 ], [ 77.772468481585676, 35.052638934967604 ], [ 77.786140363560108, 35.053054734966828 ], [ 77.789413465553992, 35.054306103964485 ] ] } },
{ "type": "Feature", "properties": { "MED_DESCRI": "Without Median", "RTT_DESCRI": "Secondary Route", "F_CODE_DES": "Road", "ISO": "IND", "ISOCOUNTRY": "INDIA" }, "geometry": { "type": "LineString", "coordinates": [ [ 77.495498621103536, 34.871276803306706 ], [ 77.484390335124303, 34.874805433300104 ], [ 77.481414719129873, 34.875751567298337 ], [ 77.473197944145241, 34.884445189282083 ], [ 77.457725459174171, 34.915832608223397 ], [ 77.441192684205078, 34.939609564178937 ], [ 77.427635147230419, 34.948776253161803 ], [ 77.408973665265322, 34.95436101415136 ], [ 77.402000510278356, 34.963275955134691 ], [ 77.39080811929928, 34.977611605107889 ], [ 77.377197284324737, 34.998279511069242 ], [ 77.375724785327478, 34.999999978066029 ], [ 77.342750522389139, 35.03908158699295 ], [ 77.326309223419884, 35.055500016962256 ], [ 77.313919139443044, 35.065944723942728 ], [ 77.303527919462468, 35.074695612926362 ], [ 77.291137646485637, 35.092861158892397 ], [ 77.284835819497417, 35.096084553886371 ], [ 77.265663092533273, 35.099555916879879 ], [ 77.258224430547173, 35.10297398187349 ], [ 77.248138445566042, 35.115806514849496 ], [ 77.248120868566076, 35.115828816849458 ] ] } },
{ "type": "Feature", "properties": { "MED_DESCRI": "Without Median", "RTT_DESCRI": "Secondary Route", "F_CODE_DES": "Road", "ISO": "IND", "ISOCOUNTRY": "INDIA" }, "geometry": { "type": "LineString", "coordinates": [ [ 76.936943142147896, 34.835918494372812 ], [ 76.938751305144507, 34.867694875313404 ], [ 76.933975275153443, 34.883583160283692 ], [ 76.944885300133038, 34.931972452193222 ], [ 76.949058609125245, 34.935306601186987 ], [ 76.954666050114753, 34.939777396178627 ], [ 76.954667940114746, 34.939778908178624 ] ] } },
{ "type": "Feature", "properties": { "MED_DESCRI": "Without Median", "RTT_DESCRI": "Secondary Route", "F_CODE_DES": "Road", "ISO": "IND", "ISOCOUNTRY": "INDIA" }, "geometry": { "type": "LineString", "coordinates": [ [ 76.759125894480363, 34.931371621194344 ], [ 76.760719353477384, 34.931751322193634 ], [ 76.777809111445436, 34.930362739196227 ], [ 76.784614623432702, 34.928390524199919 ], [ 76.785446223431151, 34.928138776200385 ], [ 76.787971452426433, 34.923168265209682 ], [ 76.791221685420354, 34.905860968242038 ], [ 76.817024154372106, 34.873584682302386 ], [ 76.820610051365406, 34.864749877318907 ], [ 76.829750091348316, 34.854610405337866 ], [ 76.835197449338125, 34.848556546349187 ], [ 76.843582245322452, 34.842918487359725 ], [ 76.874000472265578, 34.838695471367622 ], [ 76.882720932249271, 34.837470940369911 ], [ 76.899139362218577, 34.835166841374217 ], [ 76.917442311184359, 34.831275898381499 ], [ 76.938194322145549, 34.818305962405745 ], [ 76.949027991125291, 34.813888465414003 ], [ 76.967834436090129, 34.815750115410523 ], [ 76.970695518084781, 34.814472286412915 ], [ 76.979057256069154, 34.799194282441476 ], [ 76.982330358063024, 34.795696270448019 ], [ 76.986137385055912, 34.79163749545561 ], [ 76.996223370037058, 34.790638063457479 ], [ 77.002136235026001, 34.792083724454777 ], [ 77.018722496994982, 34.796081452447297 ], [ 77.042892383949791, 34.79583367344776 ], [ 77.043220487949185, 34.79583367344776 ], [ 77.071723955895891, 34.798500085442775 ], [ 77.098388642846032, 34.80430597643192 ], [ 77.113586510817612, 34.775470813485839 ], [ 77.121360836803078, 34.770248365495604 ], [ 77.128082243790516, 34.769805916496431 ], [ 77.15791324773474, 34.767887188500019 ], [ 77.166496304718692, 34.763168425508837 ], [ 77.182357751689025, 34.749137821535072 ], [ 77.235610958589461, 34.702026358623158 ], [ 77.244415334572992, 34.696250896633956 ], [ 77.246528543569042, 34.694831884636606 ], [ 77.290054298487661, 34.676498506670889 ] ] } },
{ "type": "Feature", "properties": { "MED_DESCRI": "Without Median", "RTT_DESCRI": "Secondary Route", "F_CODE_DES": "Road", "ISO": "IND", "ISOCOUNTRY": "INDIA" }, "geometry": { "type": "LineString", "coordinates": [ [ 76.276090846383511, 34.694579569637085 ], [ 76.287246760362649, 34.686390010652396 ], [ 76.303779535331742, 34.671249409680705 ], [ 76.30825051932338, 34.667999176686777 ], [ 76.320388855300692, 34.6591110737034 ], [ 76.341857932260538, 34.651832494717006 ], [ 76.345642090253463, 34.650554665719397 ], [ 76.349334772246564, 34.647888253724382 ] ] } },
{ "type": "Feature", "properties": { "MED_DESCRI": "Without Median", "RTT_DESCRI": "Secondary Route", "F_CODE_DES": "Road", "ISO": "IND", "ISOCOUNTRY": "INDIA" }, "geometry": { "type": "LineString", "coordinates": [ [ 74.688825757351282, 34.69648828063351 ], [ 74.675086969376977, 34.680973081662522 ], [ 74.67185979438301, 34.672973656677478 ], [ 74.672279374382214, 34.664722483692906 ], [ 74.689887937349297, 34.643695855732219 ] ] } },
{ "type": "Feature", "properties": { "MED_DESCRI": "Without Median", "RTT_DESCRI": "Secondary Route", "F_CODE_DES": "Road", "ISO": "IND", "ISOCOUNTRY": "INDIA" }, "geometry": { "type": "LineString", "coordinates": [ [ 74.904639564947772, 34.68366519765749 ], [ 74.901664704953333, 34.678333318667455 ], [ 74.896194477963562, 34.663555219695091 ], [ 74.897499144961117, 34.657859893705741 ], [ 74.9291687409019, 34.630889971756162 ], [ 74.937751797885852, 34.62505724276707 ], [ 74.953582815856251, 34.614307489787173 ], [ 74.970886143823904, 34.613193523789249 ], [ 74.97497553681626, 34.610668105793977 ], [ 74.98110953180479, 34.599945001814021 ], [ 74.98689274279397, 34.597278589819012 ], [ 75.000000081769471, 34.595584960822173 ], [ 75.005691438758831, 34.594860145823532 ], [ 75.027946377717214, 34.570110406869809 ], [ 75.036666837700906, 34.565277109878842 ], [ 75.057746952661503, 34.560722398887357 ], [ 75.066330009645455, 34.558860748890844 ], [ 75.093246444595124, 34.555473301897173 ], [ 75.130607586525272, 34.54277798292091 ], [ 75.153114273483183, 34.539138787927712 ], [ 75.180747963431514, 34.536945253931819 ], [ 75.203750586388509, 34.537471807930835 ], [ 75.205917282384462, 34.537971523929897 ], [ 75.231307920336988, 34.543750765919093 ], [ 75.245330775310762, 34.545165997916449 ], [ 75.255584781291589, 34.541805199922727 ], [ 75.262664721278355, 34.535804827933951 ], [ 75.268364016267697, 34.530971530942985 ], [ 75.277443009250717, 34.530834127943244 ], [ 75.29169455422408, 34.530582379943716 ], [ 75.295753518216486, 34.528278280948022 ], [ 75.30391699520122, 34.513084381976434 ], [ 75.311607405186848, 34.498779350003176 ], [ 75.318107682174684, 34.489692608020164 ], [ 75.320198022170786, 34.488414779022555 ], [ 75.330329934151834, 34.482277004034032 ], [ 75.354499821106643, 34.474555976048471 ], [ 75.38375097305196, 34.476306872045193 ], [ 75.416885318989998, 34.470859514055377 ], [ 75.426528854971977, 34.471584329054025 ], [ 75.442390490942316, 34.478137904041773 ], [ 75.465667730898787, 34.476581489044683 ], [ 75.478195217875367, 34.477889936042232 ], [ 75.498222413837922, 34.488082895023176 ], [ 75.504775988825671, 34.48958204302037 ], [ 75.523834181790036, 34.482944552032784 ], [ 75.545669540749202, 34.472557112052208 ], [ 75.586418129673021, 34.442195963108972 ], [ 75.594192455658487, 34.438999217114947 ], [ 75.596420198654315, 34.438083701116661 ], [ 75.622581389605401, 34.44030388411251 ], [ 75.647308259559168, 34.435554503121388 ], [ 75.672332804512379, 34.438388747116093 ], [ 75.697891274464595, 34.437557147117644 ], [ 75.738113309389391, 34.432861253126426 ], [ 75.743553107379213, 34.430778473130317 ] ] } },
{ "type": "Feature", "properties": { "MED_DESCRI": "Without Median", "RTT_DESCRI": "Secondary Route", "F_CODE_DES": "Road", "ISO": "IND", "ISOCOUNTRY": "INDIA" }, "geometry": { "type": "LineString", "coordinates": [ [ 75.960925597972789, 34.632875983752449 ], [ 75.961914067970937, 34.632499684753157 ], [ 75.966667228962052, 34.627887706761776 ], [ 75.985054093927673, 34.598304670817093 ], [ 75.987892117922371, 34.593723310825659 ], [ 76.006553599887482, 34.603416364807536 ], [ 76.011222844878745, 34.605834997803008 ], [ 76.03028103784311, 34.61130522479278 ], [ 76.043891872817667, 34.61366659078837 ], [ 76.044555640816426, 34.613777155788163 ], [ 76.060943641785784, 34.613609323788474 ] ] } },
{ "type": "Feature", "properties": { "MED_DESCRI": "Without Median", "RTT_DESCRI": "Secondary Route", "F_CODE_DES": "Road", "ISO": "IND", "ISOCOUNTRY": "INDIA" }, "geometry": { "type": "LineString", "coordinates": [ [ 76.349334772246564, 34.647888253724382 ], [ 76.35758216523115, 34.641887692735601 ], [ 76.375305262198012, 34.633693786750925 ], [ 76.387695346174837, 34.631248504755497 ], [ 76.411720270129919, 34.633193881751858 ], [ 76.441947985073398, 34.629196153759331 ], [ 76.47264101801602, 34.622665447771546 ], [ 76.486831704989484, 34.617054037782033 ], [ 76.4916916509804, 34.613639752788416 ], [ 76.51530455493625, 34.596889438819737 ], [ 76.5295028019097, 34.588611616835216 ] ] } },
{ "type": "Feature", "properties": { "MED_DESCRI": "Without Median", "RTT_DESCRI": "Secondary Route", "F_CODE_DES": "Road", "ISO": "IND", "ISOCOUNTRY": "INDIA" }, "geometry": { "type": "LineString", "coordinates": [ [ 76.134025027649145, 34.643110144733313 ], [ 76.13238526365221, 34.63727949474422 ], [ 76.123336699669125, 34.618972765778445 ], [ 76.120551973674324, 34.597946137817758 ], [ 76.120834339673806, 34.595001139823268 ], [ 76.123023904669708, 34.572776818864824 ] ] } },
{ "type": "Feature", "properties": { "MED_DESCRI": "Without Median", "RTT_DESCRI": "Secondary Route", "F_CODE_DES": "Road", "ISO": "IND", "ISOCOUNTRY": "INDIA" }, "geometry": { "type": "LineString", "coordinates": [ [ 76.349334772246564, 34.647888253724382 ], [ 76.335083038273211, 34.628749924760164 ], [ 76.31933593630265, 34.614528619786753 ], [ 76.306861936325973, 34.59286109282727 ], [ 76.30175024233553, 34.590248167832151 ], [ 76.300941511337044, 34.589832367832933 ], [ 76.251030013430366, 34.580776243849861 ], [ 76.236167998458157, 34.579555492852144 ], [ 76.226448106476326, 34.578777379853598 ], [ 76.185081487553674, 34.566360457876819 ], [ 76.167419437586702, 34.565109277879159 ], [ 76.148391673622271, 34.567501072874684 ], [ 76.133247292650594, 34.571834653866581 ], [ 76.129722631657188, 34.572860734864662 ], [ 76.123023904669708, 34.572776818864824 ] ] } },
{ "type": "Feature", "properties": { "MED_DESCRI": "Without Median", "RTT_DESCRI": "Secondary Route", "F_CODE_DES": "Road", "ISO": "IND", "ISOCOUNTRY": "INDIA" }, "geometry": { "type": "LineString", "coordinates": [ [ 76.123023904669708, 34.572776818864824 ], [ 76.133667061649803, 34.54497151691681 ] ] } },
{ "type": "Feature", "properties": { "MED_DESCRI": "Without Median", "RTT_DESCRI": "Secondary Route", "F_CODE_DES": "Road", "ISO": "IND", "ISOCOUNTRY": "INDIA" }, "geometry": { "type": "LineString", "coordinates": [ [ 77.495498621103536, 34.871276803306706 ], [ 77.513221718070398, 34.823776189395517 ], [ 77.514000020068949, 34.822750108397436 ], [ 77.538192776023706, 34.790416744457893 ], [ 77.543830835013168, 34.771778131492738 ], [ 77.549888663001838, 34.761638659511696 ], [ 77.555305402991721, 34.756668148520994 ], [ 77.577247546950687, 34.736389204558911 ], [ 77.581970278941853, 34.725055630580101 ], [ 77.582946841940029, 34.710861163606637 ], [ 77.580085759945376, 34.690860805644036 ], [ 77.57961269294627, 34.68755727465021 ], [ 77.581947409941904, 34.679611147665071 ], [ 77.603668234901292, 34.652194996716332 ], [ 77.609169079891004, 34.645248490729315 ], [ 77.612083459885554, 34.641555808736221 ], [ 77.620086664870598, 34.625305210766605 ], [ 77.621360713868214, 34.609973908795276 ], [ 77.619468634871751, 34.597278589819012 ], [ 77.623001044865148, 34.581554356848407 ], [ 77.641113292831278, 34.544498449917697 ] ] } },
{ "type": "Feature", "properties": { "MED_DESCRI": "Without Median", "RTT_DESCRI": "Secondary Route", "F_CODE_DES": "Road", "ISO": "IND", "ISOCOUNTRY": "INDIA" }, "geometry": { "type": "LineString", "coordinates": [ [ 77.666694631783443, 34.543025950920445 ], [ 77.668724113779646, 34.546749061913488 ], [ 77.681419432755916, 34.554054289899824 ], [ 77.705306953711258, 34.558944664890682 ], [ 77.715248164692667, 34.565666260878118 ], [ 77.730110179664877, 34.583110771845497 ], [ 77.733139093659219, 34.586666050838851 ], [ 77.740997335644522, 34.59011076483241 ], [ 77.753501953621139, 34.589443216833658 ], [ 77.75685878261487, 34.589248735834026 ] ] } },
{ "type": "Feature", "properties": { "MED_DESCRI": "Without Median", "RTT_DESCRI": "Secondary Route", "F_CODE_DES": "Road", "ISO": "IND", "ISOCOUNTRY": "INDIA" }, "geometry": { "type": "LineString", "coordinates": [ [ 75.99732964390472, 34.536251056933118 ], [ 75.998725975902119, 34.544387884917903 ], [ 75.9946137139098, 34.560275980888193 ], [ 75.994804414909439, 34.565555506878326 ], [ 76.023109432856515, 34.59833150881704 ] ] } },
{ "type": "Feature", "properties": { "MED_DESCRI": "Without Median", "RTT_DESCRI": "Secondary Route", "F_CODE_DES": "Road", "ISO": "IND", "ISOCOUNTRY": "INDIA" }, "geometry": { "type": "LineString", "coordinates": [ [ 75.89965690108734, 34.596942169819641 ], [ 75.904945310077451, 34.596778873819943 ], [ 75.932441786026047, 34.60080721981241 ], [ 75.965057326965066, 34.598888302816 ], [ 75.973831084948657, 34.592388214828155 ], [ 75.974891752946675, 34.590389161831894 ], [ 75.978919909939151, 34.582748458846176 ], [ 75.978302068940295, 34.551250474905068 ], [ 75.981552112934224, 34.544277130918111 ], [ 75.987136873923774, 34.540138219925844 ], [ 75.989418103919519, 34.538444590929011 ], [ 75.99732964390472, 34.536251056933118 ] ] } },
{ "type": "Feature", "properties": { "MED_DESCRI": "Without Median", "RTT_DESCRI": "Secondary Route", "F_CODE_DES": "Road", "ISO": "IND", "ISOCOUNTRY": "INDIA" }, "geometry": { "type": "LineString", "coordinates": [ [ 74.493385393716707, 34.534332328936699 ], [ 74.516281042673896, 34.536140491933324 ], [ 74.528526352650999, 34.538917468928126 ], [ 74.553276091604729, 34.551639625904343 ], [ 74.564361508584, 34.561527160885852 ], [ 74.578025830558445, 34.573749601863 ], [ 74.623664794473115, 34.589054065834389 ], [ 74.625335743469989, 34.589862796832875 ], [ 74.649528499424761, 34.601806651810541 ], [ 74.689887937349297, 34.643695855732219 ] ] } },
{ "type": "Feature", "properties": { "MED_DESCRI": "Without Median", "RTT_DESCRI": "Secondary Route", "F_CODE_DES": "Road", "ISO": "IND", "ISOCOUNTRY": "INDIA" }, "geometry": { "type": "LineString", "coordinates": [ [ 77.672141989773266, 34.521640789960429 ], [ 77.66483298178693, 34.533889690937528 ], [ 77.663413969789588, 34.536251056933118 ], [ 77.666694631783443, 34.543025950920445 ] ] } },
{ "type": "Feature", "properties": { "MED_DESCRI": "Without Median", "RTT_DESCRI": "Secondary Route", "F_CODE_DES": "Road", "ISO": "IND", "ISOCOUNTRY": "INDIA" }, "geometry": { "type": "LineString", "coordinates": [ [ 77.290054298487661, 34.676498506670889 ], [ 77.298919721471094, 34.674057004675454 ], [ 77.325195257421967, 34.666831912688963 ], [ 77.365837061345971, 34.659526873702625 ], [ 77.39389033129352, 34.648082734724021 ], [ 77.420639123243504, 34.640277790738615 ], [ 77.431083641223978, 34.632137371753835 ], [ 77.44288631320191, 34.622890546771124 ], [ 77.465141252160294, 34.589553781833452 ], [ 77.467163174156525, 34.586528836839108 ], [ 77.478416423135471, 34.577945779855156 ], [ 77.533447175032592, 34.552471225902785 ], [ 77.5404968750194, 34.550025943907357 ], [ 77.56250006597827, 34.542415669921589 ], [ 77.598472624911011, 34.53211214594085 ], [ 77.631225568849771, 34.525585219953058 ], [ 77.669692927777845, 34.520168290963184 ], [ 77.672141989773266, 34.521640789960429 ] ] } },
{ "type": "Feature", "properties": { "MED_DESCRI": "Without Median", "RTT_DESCRI": "Secondary Route", "F_CODE_DES": "Road", "ISO": "IND", "ISOCOUNTRY": "INDIA" }, "geometry": { "type": "LineString", "coordinates": [ [ 74.689887937349297, 34.643695855732219 ], [ 74.691696100345922, 34.645610803728637 ], [ 74.69811246133392, 34.647277783725521 ], [ 74.72677620128033, 34.654724194711598 ], [ 74.742530863250863, 34.656082159709065 ], [ 74.757057214223707, 34.655056078710977 ], [ 74.767890883203449, 34.662109369697795 ], [ 74.7751923311898, 34.661140366699605 ], [ 74.806831309130644, 34.644779203730195 ], [ 74.819885161106242, 34.64158245773617 ], [ 74.830253512086855, 34.64127722273674 ], [ 74.841079621066612, 34.640945527737365 ], [ 74.848251415053198, 34.638111094742662 ], [ 74.85388947404266, 34.633834780750661 ], [ 74.854469326041567, 34.632637087752897 ], [ 74.858223055034557, 34.625110540766968 ], [ 74.854721074041095, 34.616889985782343 ], [ 74.817695596110326, 34.590889066830954 ], [ 74.790191560161759, 34.5608596128871 ], [ 74.781585634177844, 34.556667403894942 ], [ 74.768302903202681, 34.550193775907047 ], [ 74.759666359218826, 34.54050072192517 ], [ 74.754524236228448, 34.51883319496568 ], [ 74.745613075245103, 34.502918260995436 ], [ 74.736274774262569, 34.49505623901014 ], [ 74.7284469612772, 34.492527041014867 ], [ 74.696975626336041, 34.493946053012216 ], [ 74.687805157353196, 34.490665391018346 ], [ 74.680389364367059, 34.483612100031536 ], [ 74.651084914421844, 34.45569604408373 ], [ 74.649475012424858, 34.454750099085501 ], [ 74.61619570348708, 34.435081436122275 ] ] } },
{ "type": "Feature", "properties": { "MED_DESCRI": "Without Median", "RTT_DESCRI": "Secondary Route", "F_CODE_DES": "Road", "ISO": "IND", "ISOCOUNTRY": "INDIA" }, "geometry": { "type": "LineString", "coordinates": [ [ 75.743553107379213, 34.430778473130317 ], [ 75.74510952237631, 34.432025873127991 ], [ 75.752670278362174, 34.431835172128345 ], [ 75.776474072317669, 34.431251540129438 ], [ 75.789527924293253, 34.434638987123101 ], [ 75.848525975182952, 34.426887530137599 ], [ 75.863777141154429, 34.42277904814528 ], [ 75.88447566511573, 34.423999799142997 ], [ 75.891166643103219, 34.428306542134941 ], [ 75.899055503088476, 34.433418236125384 ], [ 75.912361103063589, 34.445278175103212 ], [ 75.938224808015235, 34.488529124022342 ], [ 75.948219316996543, 34.494998972010244 ], [ 75.948554980995922, 34.495224071009822 ], [ 75.968246512959098, 34.503471463994401 ], [ 75.987998902922172, 34.521331774961013 ], [ 75.989135737920037, 34.522361824959084 ], [ 75.99732964390472, 34.536251056933118 ] ] } },
{ "type": "Feature", "properties": { "MED_DESCRI": "Without Median", "RTT_DESCRI": "Secondary Route", "F_CODE_DES": "Road", "ISO": "IND", "ISOCOUNTRY": "INDIA" }, "geometry": { "type": "LineString", "coordinates": [ [ 76.133667061649803, 34.54497151691681 ], [ 76.136527954644464, 34.549499578908346 ], [ 76.139694271638533, 34.55222325790325 ], [ 76.14336389563168, 34.555332118897439 ], [ 76.147087006624716, 34.555973017896243 ], [ 76.152420019614738, 34.556888533894529 ], [ 76.162170340596518, 34.552249906903199 ], [ 76.17363734857507, 34.538082088929691 ], [ 76.191139315542344, 34.528972666946721 ], [ 76.199447566526814, 34.516471828970097 ], [ 76.202331517521429, 34.509944902982298 ], [ 76.209198076508585, 34.494415340011336 ], [ 76.218307498491555, 34.482417998033768 ], [ 76.227058387475196, 34.481304221035849 ], [ 76.230056683469584, 34.480915070036581 ], [ 76.235641444459148, 34.480194035037925 ], [ 76.241363608448438, 34.472862158051633 ], [ 76.255218442422532, 34.47302621005133 ], [ 76.256141707420809, 34.472526494052261 ], [ 76.278198196379577, 34.460472074074801 ], [ 76.290832468355944, 34.449085202096093 ], [ 76.297302316343846, 34.430305406131204 ], [ 76.297164913344105, 34.423637297143671 ], [ 76.304778967329867, 34.412834246163875 ] ] } },
{ "type": "Feature", "properties": { "MED_DESCRI": "Without Median", "RTT_DESCRI": "Secondary Route", "F_CODE_DES": "Road", "ISO": "IND", "ISOCOUNTRY": "INDIA" }, "geometry": { "type": "LineString", "coordinates": [ [ 74.073913502501014, 34.493915624012274 ], [ 74.085281285479752, 34.490943977017828 ], [ 74.106086783440858, 34.494083456011957 ], [ 74.116363469421643, 34.491859493016115 ], [ 74.116859405420712, 34.491748739016323 ], [ 74.130996794394278, 34.49194340901596 ], [ 74.136108488384721, 34.490417423018812 ], [ 74.148109421362278, 34.480804505036787 ], [ 74.181663536299538, 34.471610978053974 ], [ 74.194641032275285, 34.466445986063633 ], [ 74.206642154252833, 34.459362077076875 ], [ 74.213691665239665, 34.461055706073708 ], [ 74.215614362236067, 34.461528773072828 ], [ 74.227974017212958, 34.469165885058544 ], [ 74.238555938193173, 34.468666169059482 ], [ 74.272720334129289, 34.443389876106743 ], [ 74.264190764145241, 34.436443370119726 ], [ 74.263641341146268, 34.43019484113141 ], [ 74.270500151133447, 34.4124450951646 ], [ 74.271667415131262, 34.411083161167149 ], [ 74.279418872116764, 34.402027037184077 ] ] } },
{ "type": "Feature", "properties": { "MED_DESCRI": "Without Median", "RTT_DESCRI": "Secondary Route", "F_CODE_DES": "Road", "ISO": "IND", "ISOCOUNTRY": "INDIA" }, "geometry": { "type": "MultiLineString", "coordinates": [ [ [ 73.927385015774973, 34.645683568728508 ], [ 73.927391063774962, 34.645694719728482 ], [ 73.929832376770406, 34.650249430719967 ], [ 73.939941419751506, 34.656696409707912 ], [ 73.941780011748065, 34.664165500693947 ], [ 73.961502161711181, 34.688804674647876 ], [ 73.963111874708176, 34.691165851643461 ], [ 73.968475316698147, 34.699054711628712 ], [ 73.96848438869813, 34.699068130628689 ] ], [ [ 73.776586641056937, 34.414852010160097 ], [ 73.794776946022921, 34.426776965137805 ], [ 73.800140388012892, 34.433303891125597 ], [ 73.80055051801213, 34.43626514312006 ] ] ] } },
{ "type": "Feature", "properties": { "MED_DESCRI": "Without Median", "RTT_DESCRI": "Secondary Route", "F_CODE_DES": "Road", "ISO": "IND", "ISOCOUNTRY": "INDIA" }, "geometry": { "type": "LineString", "coordinates": [ [ 76.133667061649803, 34.54497151691681 ], [ 76.131530794653798, 34.533195493938827 ], [ 76.123191925669389, 34.516303996970407 ], [ 76.118858344677491, 34.502555758996117 ], [ 76.103111242706944, 34.489192892021101 ], [ 76.084167394742366, 34.47800069004203 ], [ 76.077392500755025, 34.47150041305418 ], [ 76.065887503776537, 34.453056281088664 ], [ 76.059753508788006, 34.439529362113959 ], [ 76.051635769803184, 34.421638433147407 ], [ 76.050086914806087, 34.420112636150265 ], [ 76.046195971813361, 34.416332258157333 ], [ 76.027610845848102, 34.412776979163979 ], [ 76.019386321863479, 34.41119391516694 ], [ 76.004219071891839, 34.402248356183662 ], [ 75.98855588592113, 34.388195072209939 ] ] } },
{ "type": "Feature", "properties": { "MED_DESCRI": "Without Median", "RTT_DESCRI": "Secondary Route", "F_CODE_DES": "Road", "ISO": "IND", "ISOCOUNTRY": "INDIA" }, "geometry": { "type": "LineString", "coordinates": [ [ 76.5295028019097, 34.588611616835216 ], [ 76.50669106895235, 34.574249317862069 ], [ 76.503585798958156, 34.56633380887687 ], [ 76.504135221957128, 34.555610704896914 ], [ 76.507385265951058, 34.491165107017416 ], [ 76.511192292943932, 34.483055117032578 ], [ 76.51992031292761, 34.47597120804582 ], [ 76.528114407912298, 34.46930687905828 ], [ 76.537307745895106, 34.454971229085089 ], [ 76.539306609891369, 34.444972940103781 ], [ 76.536613548896398, 34.425334895140502 ], [ 76.53616335089724, 34.39180364920319 ], [ 76.533637932901968, 34.381916114221681 ], [ 76.531280535906376, 34.372612022239075 ] ] } },
{ "type": "Feature", "properties": { "MED_DESCRI": "Without Median", "RTT_DESCRI": "Secondary Route", "F_CODE_DES": "Road", "ISO": "IND", "ISOCOUNTRY": "INDIA" }, "geometry": { "type": "LineString", "coordinates": [ [ 76.304778967329867, 34.412834246163875 ], [ 76.308441220323019, 34.407585149173684 ], [ 76.317169240306711, 34.401084872185841 ], [ 76.368919330209948, 34.384029323217732 ], [ 76.403251558145755, 34.375389188233882 ], [ 76.417694182118751, 34.378555316227967 ], [ 76.423667905107578, 34.376277866232222 ], [ 76.431419362093095, 34.376361782232067 ], [ 76.441749535073768, 34.381889276221727 ], [ 76.442665051072055, 34.382362343220848 ], [ 76.451225239056058, 34.382499746220589 ], [ 76.457443150044426, 34.389415823207656 ], [ 76.462417630035134, 34.389388985207709 ], [ 76.472747803015821, 34.379276351226615 ], [ 76.48744198598834, 34.374137819236225 ], [ 76.509391878947298, 34.37300117323835 ], [ 76.523307759921281, 34.376110034232539 ], [ 76.531280535906376, 34.372612022239075 ] ] } },
{ "type": "Feature", "properties": { "MED_DESCRI": "Without Median", "RTT_DESCRI": "Secondary Route", "F_CODE_DES": "Road", "ISO": "IND", "ISOCOUNTRY": "INDIA" }, "geometry": { "type": "LineString", "coordinates": [ [ 74.38805380391365, 34.368278441247178 ], [ 74.370864820945783, 34.393695917199658 ], [ 74.359497037967046, 34.399665860188492 ], [ 74.29680630508426, 34.418861456152605 ], [ 74.286666833103212, 34.426998095137392 ], [ 74.284385603107481, 34.430751824130368 ], [ 74.287139900102332, 34.437137567118434 ], [ 74.29422002908909, 34.442195963108972 ], [ 74.295219461087228, 34.442916809107622 ], [ 74.296058621085649, 34.449165338095945 ], [ 74.289970364097044, 34.464443153067378 ], [ 74.280639623114482, 34.475833805046079 ], [ 74.279472359116667, 34.492084592015694 ], [ 74.28150184111287, 34.500499816999962 ], [ 74.278663628118181, 34.507221223987393 ], [ 74.26555628914268, 34.517223292968694 ], [ 74.258750966155404, 34.526668567951035 ], [ 74.255416817161645, 34.531333843942306 ], [ 74.249107430173439, 34.532775913939609 ], [ 74.23016358220886, 34.537139923931456 ], [ 74.225303636217944, 34.53708265693156 ], [ 74.190803576282448, 34.536582940932497 ], [ 74.182052687298821, 34.533027661939144 ], [ 74.177413871307493, 34.531139362942675 ], [ 74.152694750353703, 34.515834898971285 ], [ 74.14219674537334, 34.512195514978089 ], [ 74.094833345461893, 34.504859857991811 ], [ 74.08386227348241, 34.499862698001152 ], [ 74.075637749497787, 34.49608232000822 ], [ 74.073913502501014, 34.493915624012274 ] ] } },
{ "type": "Feature", "properties": { "MED_DESCRI": "Without Median", "RTT_DESCRI": "Secondary Route", "F_CODE_DES": "Road", "ISO": "IND", "ISOCOUNTRY": "INDIA" }, "geometry": { "type": "LineString", "coordinates": [ [ 74.279418872116764, 34.402027037184077 ], [ 74.300247239077819, 34.389636953207244 ], [ 74.30236044807387, 34.386695924212745 ], [ 74.307830864063646, 34.379081681226978 ], [ 74.341247576001166, 34.367973395247752 ], [ 74.359611571966823, 34.364028965255123 ], [ 74.370696988946094, 34.365695945252007 ], [ 74.38805380391365, 34.368278441247178 ] ] } },
{ "type": "Feature", "properties": { "MED_DESCRI": "Without Median", "RTT_DESCRI": "Secondary Route", "F_CODE_DES": "Road", "ISO": "IND", "ISOCOUNTRY": "INDIA" }, "geometry": { "type": "LineString", "coordinates": [ [ 74.208579971249222, 34.352554397276577 ], [ 74.191444475281259, 34.391277284204179 ], [ 74.190551828282921, 34.40111152118579 ], [ 74.194641032275285, 34.408027598172858 ], [ 74.201446544262552, 34.412361179164755 ], [ 74.209472618247545, 34.412612927164282 ], [ 74.242279049186209, 34.405445102177687 ], [ 74.270889302132716, 34.401889823184334 ], [ 74.272613549129488, 34.401916472184283 ], [ 74.279418872116764, 34.402027037184077 ] ] } },
{ "type": "Feature", "properties": { "MED_DESCRI": "Without Median", "RTT_DESCRI": "Secondary Route", "F_CODE_DES": "Road", "ISO": "IND", "ISOCOUNTRY": "INDIA" }, "geometry": { "type": "LineString", "coordinates": [ [ 76.5295028019097, 34.588611616835216 ], [ 76.53013614090851, 34.588249114835889 ], [ 76.535141049899153, 34.585334734841339 ], [ 76.5668335148399, 34.575389932859935 ], [ 76.581413352812632, 34.568164840873443 ], [ 76.591056888794611, 34.566528289876501 ], [ 76.606361352765987, 34.563915175881391 ], [ 76.626724212727922, 34.548221560910733 ], [ 76.641281181700705, 34.516193431970621 ], [ 76.641418395700441, 34.515914845971139 ], [ 76.646194425691519, 34.505359573990873 ], [ 76.656196683672817, 34.496139587008109 ], [ 76.679168688629858, 34.487194028024838 ], [ 76.683364866622014, 34.481861204034807 ], [ 76.685775750617509, 34.468860650059113 ], [ 76.692337074605234, 34.46130367407325 ], [ 76.695251454599799, 34.449501002095317 ], [ 76.701690684587746, 34.443332609106847 ], [ 76.712249736568012, 34.43930426311438 ], [ 76.731162966532651, 34.432109789127828 ], [ 76.736503539522658, 34.429305974133072 ], [ 76.77371971845308, 34.409694578169741 ], [ 76.773803634452918, 34.392471386201947 ], [ 76.773834252452858, 34.384223993217368 ], [ 76.774391235451816, 34.383472529218771 ], [ 76.776527313447829, 34.380638096224068 ], [ 76.780166697441018, 34.380111731225057 ], [ 76.785057072431883, 34.384582526216697 ], [ 76.790664702421395, 34.38969422020714 ], [ 76.798362672406995, 34.390693652205272 ], [ 76.804031349396396, 34.38816842320999 ], [ 76.81316382937932, 34.378639232227805 ], [ 76.822830234361248, 34.36044306826183 ], [ 76.828697172350289, 34.349414918282449 ], [ 76.845642156318604, 34.338359741303123 ], [ 76.872833208267764, 34.327220837323949 ] ] } },
{ "type": "Feature", "properties": { "MED_DESCRI": "Without Median", "RTT_DESCRI": "Secondary Route", "F_CODE_DES": "Road", "ISO": "IND", "ISOCOUNTRY": "INDIA" }, "geometry": { "type": "LineString", "coordinates": [ [ 76.872833208267764, 34.327220837323949 ], [ 76.876083441261684, 34.328304374321924 ], [ 76.913803116191161, 34.321472213334694 ], [ 76.940139699141909, 34.310333309355521 ], [ 76.948165962126907, 34.310165477355838 ], [ 76.96830750308925, 34.316001986344922 ], [ 76.977165177072692, 34.315418165346017 ], [ 76.98344413506095, 34.312610570351261 ], [ 76.992774876043498, 34.308418361359102 ] ] } },
{ "type": "Feature", "properties": { "MED_DESCRI": "Without Median", "RTT_DESCRI": "Secondary Route", "F_CODE_DES": "Road", "ISO": "IND", "ISOCOUNTRY": "INDIA" }, "geometry": { "type": "MultiLineString", "coordinates": [ [ [ 73.814601155985855, 34.352861144276005 ], [ 73.814582822985884, 34.35289006127595 ], [ 73.814086886986814, 34.353668174274496 ], [ 73.811607395991444, 34.357555337267229 ], [ 73.806579618000853, 34.361137454260529 ], [ 73.805915850002094, 34.361610332259644 ], [ 73.804275519005159, 34.36494448125341 ], [ 73.808586041997103, 34.370304143243395 ], [ 73.812500042989782, 34.375221167234201 ], [ 73.842163025934326, 34.395053882197118 ], [ 73.857803342905072, 34.39883426019005 ], [ 73.877777051867724, 34.410137216168913 ], [ 73.897720331830442, 34.409721416169695 ], [ 73.913024984801822, 34.4045295861794 ], [ 73.929885863770295, 34.402999820182259 ], [ 73.932281438765827, 34.402778690182672 ], [ 73.949302589734003, 34.406665853175404 ], [ 73.976280260683552, 34.415638061158631 ], [ 73.982246423672407, 34.420055369150369 ], [ 73.980781484675134, 34.433055923126062 ], [ 73.985664299666013, 34.438720631115473 ], [ 73.998390236642223, 34.453498919087842 ], [ 73.999999949639204, 34.455360380084358 ], [ 74.006141693627725, 34.467109754062392 ], [ 74.010719273619159, 34.471553711054085 ], [ 74.055419852535593, 34.483776152031226 ], [ 74.073913502501014, 34.493915624012274 ] ], [ [ 74.208579971249222, 34.352554397276577 ], [ 74.154891875349605, 34.344860018290966 ], [ 74.14058684337634, 34.340526626299066 ], [ 74.134941035386902, 34.338806159302287 ], [ 74.120780966413378, 34.330112537318541 ], [ 74.107940684437381, 34.315723400345441 ], [ 74.098808204454457, 34.315860803345188 ], [ 74.071281488505932, 34.323112544331629 ], [ 74.061027482525105, 34.323139193331578 ], [ 74.045112548554854, 34.318473728340301 ], [ 74.004280043631198, 34.311527222353291 ], [ 73.999999949639204, 34.317974012341239 ], [ 73.995613070647408, 34.317470516342176 ], [ 73.984474166668235, 34.319610563338173 ], [ 73.970138516695044, 34.326110840326024 ], [ 73.961944610710361, 34.327362020323683 ], [ 73.931892476766549, 34.319248250338852 ], [ 73.931890964766552, 34.319247872338856 ] ] ] } },
{ "type": "Feature", "properties": { "MED_DESCRI": "Without Median", "RTT_DESCRI": "Secondary Route", "F_CODE_DES": "Road", "ISO": "IND", "ISOCOUNTRY": "INDIA" }, "geometry": { "type": "LineString", "coordinates": [ [ 76.531280535906376, 34.372612022239075 ], [ 76.54499815588072, 34.356109676269931 ], [ 76.604110740770196, 34.307361662361075 ], [ 76.612587012754346, 34.304473931366481 ], [ 76.620552039739465, 34.30480581536586 ], [ 76.629470760722782, 34.307888027360093 ], [ 76.634918118712605, 34.309749677356614 ], [ 76.646614005690736, 34.308498308358949 ], [ 76.656639132671984, 34.30741496036098 ] ] } },
{ "type": "Feature", "properties": { "MED_DESCRI": "Without Median", "RTT_DESCRI": "Secondary Route", "F_CODE_DES": "Road", "ISO": "IND", "ISOCOUNTRY": "INDIA" }, "geometry": { "type": "LineString", "coordinates": [ [ 78.961975133361605, 34.302917516369391 ], [ 78.957359375370245, 34.307693546360454 ], [ 78.955329893374042, 34.309776326356562 ], [ 78.932220485417247, 34.315250333346327 ], [ 78.917221067445283, 34.335803894307901 ], [ 78.910972538456974, 34.341415493297404 ], [ 78.898635941480038, 34.344943934290811 ], [ 78.88864143249873, 34.347805016285463 ], [ 78.880607609513746, 34.356803873268632 ], [ 78.880668656513635, 34.363166747256734 ], [ 78.880668656513635, 34.36461259725403 ], [ 78.896331842484344, 34.384445123216949 ], [ 78.897191981482734, 34.387048598212083 ] ] } },
{ "type": "Feature", "properties": { "MED_DESCRI": "Without Median", "RTT_DESCRI": "Secondary Route", "F_CODE_DES": "Road", "ISO": "IND", "ISOCOUNTRY": "INDIA" }, "geometry": { "type": "LineString", "coordinates": [ [ 74.61619570348708, 34.435081436122275 ], [ 74.605781614506554, 34.433998088124298 ], [ 74.584335406546657, 34.435054787122326 ], [ 74.569724950573971, 34.434192569123937 ], [ 74.551109395608776, 34.424835179141432 ], [ 74.533836307641067, 34.412998109163567 ], [ 74.524833670657898, 34.401668504184748 ], [ 74.50978095468605, 34.370445326243129 ], [ 74.507362321690579, 34.367362925248891 ], [ 74.503524865697742, 34.362499199257982 ], [ 74.498611432706937, 34.352306429277043 ], [ 74.487304696728074, 34.338779510302338 ], [ 74.482109086737793, 34.325138057327841 ], [ 74.47682956074766, 34.294807526384552 ] ] } },
{ "type": "Feature", "properties": { "MED_DESCRI": "Without Median", "RTT_DESCRI": "Secondary Route", "F_CODE_DES": "Road", "ISO": "IND", "ISOCOUNTRY": "INDIA" }, "geometry": { "type": "LineString", "coordinates": [ [ 77.290054298487661, 34.676498506670889 ], [ 77.283195488500496, 34.657585087706252 ], [ 77.278358411509529, 34.633083316752064 ], [ 77.278747562508812, 34.623973894769094 ], [ 77.279441759507506, 34.607166313800519 ], [ 77.275054880515711, 34.571971867866324 ], [ 77.272529651520429, 34.551887593903878 ], [ 77.272392248520688, 34.55069349190611 ], [ 77.266525310531662, 34.535331760934831 ], [ 77.26319116153789, 34.5143317819741 ], [ 77.247779912566713, 34.496334068007748 ], [ 77.24216453357721, 34.481918282034705 ], [ 77.22994228160006, 34.432556207127 ], [ 77.229446345600991, 34.43052672513079 ], [ 77.229141299601551, 34.429332812133026 ], [ 77.228141867603426, 34.422416735145958 ], [ 77.230331432599328, 34.411693631166003 ], [ 77.235000677590605, 34.402000388184128 ], [ 77.233833224592786, 34.398055958191506 ], [ 77.226776153605982, 34.374389567235752 ], [ 77.20552820664571, 34.341945638296416 ], [ 77.186225825681802, 34.317585050341961 ], [ 77.178558284696138, 34.307918456360035 ], [ 77.171585129709172, 34.291194980391303 ] ] } },
{ "type": "Feature", "properties": { "MED_DESCRI": "Without Median", "RTT_DESCRI": "Secondary Route", "F_CODE_DES": "Road", "ISO": "IND", "ISOCOUNTRY": "INDIA" }, "geometry": { "type": "LineString", "coordinates": [ [ 76.992774876043498, 34.308418361359102 ], [ 76.997444121034775, 34.318916366339472 ], [ 77.003166285024065, 34.325553857327066 ], [ 77.021636876989533, 34.326248243325765 ], [ 77.030998235972035, 34.332111401314805 ], [ 77.04158015695225, 34.335723947308047 ], [ 77.05400085892903, 34.336193045307169 ], [ 77.062446512913226, 34.333526633312154 ], [ 77.07991786188056, 34.320110279337243 ], [ 77.084968508871128, 34.31622311634451 ], [ 77.094581615853144, 34.311973640352456 ], [ 77.118530183808375, 34.312526654351423 ], [ 77.123886065798359, 34.312637408351215 ], [ 77.127166727792229, 34.31272132435106 ], [ 77.148529019752274, 34.301109353372766 ], [ 77.171585129709172, 34.291194980391303 ] ] } },
{ "type": "Feature", "properties": { "MED_DESCRI": "Without Median", "RTT_DESCRI": "Secondary Route", "F_CODE_DES": "Road", "ISO": "IND", "ISOCOUNTRY": "INDIA" }, "geometry": { "type": "LineString", "coordinates": [ [ 74.462364256774705, 34.290889745391873 ], [ 74.447525110802445, 34.305831896363941 ], [ 74.429306077836515, 34.321083062335425 ], [ 74.411834728869181, 34.349918414281511 ], [ 74.389968940910066, 34.365390710252576 ], [ 74.38805380391365, 34.368278441247178 ] ] } },
{ "type": "Feature", "properties": { "MED_DESCRI": "Without Median", "RTT_DESCRI": "Secondary Route", "F_CODE_DES": "Road", "ISO": "IND", "ISOCOUNTRY": "INDIA" }, "geometry": { "type": "LineString", "coordinates": [ [ 75.49177543484997, 34.286666918399774 ], [ 75.521637056794148, 34.294666343384812 ], [ 75.548690705743553, 34.309307039357442 ], [ 75.560501126721476, 34.315692971345499 ], [ 75.585441566674845, 34.326362588325551 ], [ 75.59197227266263, 34.335640031308202 ], [ 75.59960938464836, 34.359916703262812 ], [ 75.599914619647791, 34.362335147258293 ], [ 75.600830135646078, 34.369861694244221 ], [ 75.59799948265136, 34.379001545227133 ], [ 75.595779488655509, 34.386138941213787 ], [ 75.597747734651833, 34.39336006420028 ], [ 75.606330791635784, 34.400917040186151 ], [ 75.620529227609239, 34.407585149173684 ], [ 75.633552461584884, 34.411220564166889 ], [ 75.704750084451774, 34.413387260162835 ], [ 75.705665600450061, 34.413417878162782 ], [ 75.708190829445343, 34.41347117616268 ], [ 75.731224070402277, 34.420581734149387 ], [ 75.739440845386909, 34.427387246136661 ], [ 75.743553107379213, 34.430778473130317 ] ] } },
{ "type": "Feature", "properties": { "MED_DESCRI": "Without Median", "RTT_DESCRI": "Secondary Route", "F_CODE_DES": "Road", "ISO": "IND", "ISOCOUNTRY": "INDIA" }, "geometry": { "type": "LineString", "coordinates": [ [ 76.656639132671984, 34.30741496036098 ], [ 76.684753449619421, 34.30397024636742 ], [ 76.693748526602604, 34.301582420371886 ], [ 76.707336492577198, 34.291557293390625 ], [ 76.713806151565095, 34.289749130394007 ], [ 76.727890053538772, 34.289859695393801 ], [ 76.740280137515597, 34.285999370401022 ], [ 76.801941009400309, 34.289138849395151 ], [ 76.813636707378436, 34.293723989386578 ], [ 76.834747251338968, 34.311084773354118 ], [ 76.842887859323753, 34.315582217345707 ], [ 76.850830017308894, 34.3199730653375 ], [ 76.867721514277321, 34.325527208327117 ], [ 76.872833208267764, 34.327220837323949 ] ] } },
{ "type": "Feature", "properties": { "MED_DESCRI": "Without Median", "RTT_DESCRI": "Secondary Route", "F_CODE_DES": "Road", "ISO": "IND", "ISOCOUNTRY": "INDIA" }, "geometry": { "type": "LineString", "coordinates": [ [ 78.961975133361605, 34.302917516369391 ], [ 78.985641524317359, 34.303749116367833 ], [ 78.994072436301593, 34.300086107374682 ] ] } },
{ "type": "Feature", "properties": { "MED_DESCRI": "Without Median", "RTT_DESCRI": "Secondary Route", "F_CODE_DES": "Road", "ISO": "IND", "ISOCOUNTRY": "INDIA" }, "geometry": { "type": "LineString", "coordinates": [ [ 77.789413465553992, 35.054306103964485 ], [ 77.796859687540078, 35.050167003972227 ], [ 77.850891196439051, 35.00910958904899 ], [ 77.866195660410426, 34.999999978066029 ], [ 77.908226047331851, 34.974971842112822 ], [ 77.912170477324466, 34.972637125117188 ], [ 77.930831959289577, 34.966304869129026 ], [ 77.944191046264606, 34.966220764129183 ], [ 77.94522090726268, 34.966445863128762 ], [ 77.970970078214535, 34.97227859211786 ], [ 77.982971200192097, 34.972831795116825 ], [ 77.984024119190124, 34.972888873116716 ], [ 77.991920539175354, 34.971054061120149 ], [ 78.005081176150753, 34.96250143313614 ], [ 78.029136718105775, 34.941165979176027 ], [ 78.029586727104927, 34.940944660176442 ], [ 78.040916521083744, 34.935501082186619 ], [ 78.042220999081309, 34.934860183187823 ], [ 78.075500497019092, 34.905056017243545 ], [ 78.117835929939929, 34.891334617269202 ], [ 78.126136809924404, 34.885387354280319 ], [ 78.138359061901554, 34.865970628316624 ], [ 78.144470187890136, 34.850833807344927 ], [ 78.15169527987662, 34.832832313378589 ], [ 78.15186311187631, 34.83011241438367 ], [ 78.153579798873096, 34.800304468439407 ], [ 78.166191012849524, 34.771278415493676 ], [ 78.166885398848223, 34.768249501499341 ], [ 78.171279837840004, 34.749168439535012 ], [ 78.173248272836318, 34.728000628574591 ], [ 78.174720771833577, 34.712081914604354 ], [ 78.202941873780802, 34.666973095688697 ], [ 78.209442150768652, 34.643276275733008 ], [ 78.213607710760868, 34.608387064798237 ], [ 78.214920126758415, 34.597526557818547 ], [ 78.229553262731045, 34.561416595886058 ], [ 78.234611469721585, 34.54897302490933 ], [ 78.24338522770519, 34.502387926996427 ], [ 78.24583428970061, 34.496723219007023 ], [ 78.251083386690794, 34.490444261018759 ], [ 78.254081682685182, 34.4884986950224 ], [ 78.284301837628689, 34.469081969058706 ], [ 78.302886963593934, 34.461776741072363 ], [ 78.312309180576321, 34.454444864086071 ], [ 78.322860672556587, 34.439109782114741 ], [ 78.330802830541742, 34.434307103123722 ], [ 78.335609478532746, 34.431415592129127 ], [ 78.340858386522939, 34.417804757154578 ], [ 78.341697735521365, 34.402915904182414 ], [ 78.338836653526712, 34.396556810194305 ], [ 78.338142456528018, 34.395000395197215 ], [ 78.33091736454152, 34.388389553209578 ], [ 78.309753333581099, 34.37819281422864 ], [ 78.305274978589466, 34.372360274239547 ], [ 78.305496297589059, 34.366611461250294 ], [ 78.308639556583174, 34.363582547255959 ], [ 78.320136993561675, 34.352554397276577 ], [ 78.320198040561564, 34.352359727276941 ], [ 78.323974638554503, 34.339805591300419 ], [ 78.322525008557221, 34.333805030311638 ], [ 78.308608938583234, 34.309249961357544 ], [ 78.307441674585419, 34.307193830361392 ], [ 78.305221491589563, 34.303276049368719 ], [ 78.302719131594245, 34.292499458388868 ], [ 78.302391027594865, 34.291053797391569 ], [ 78.302780178594134, 34.287528947398158 ], [ 78.30339045959299, 34.282333337407877 ] ] } },
{ "type": "Feature", "properties": { "MED_DESCRI": "Without Median", "RTT_DESCRI": "Secondary Route", "F_CODE_DES": "Road", "ISO": "IND", "ISOCOUNTRY": "INDIA" }, "geometry": { "type": "LineString", "coordinates": [ [ 74.453308132791634, 34.288444463396445 ], [ 74.444389411808316, 34.293914879386222 ], [ 74.42830664583839, 34.297554074379413 ], [ 74.419723588854438, 34.296695636381024 ], [ 74.394836446900968, 34.294193276385698 ], [ 74.345108089993943, 34.298999735376711 ], [ 74.337585512008005, 34.296501155381385 ], [ 74.323501610034342, 34.28575140240148 ], [ 74.317611614045362, 34.281249989409901 ], [ 74.308280873062799, 34.277248292417383 ], [ 74.286552488103425, 34.275695846420284 ], [ 74.265136709143476, 34.276916597418001 ], [ 74.250663845170536, 34.280860838410625 ], [ 74.237441972195256, 34.289249414394945 ], [ 74.235000659199812, 34.293945308386164 ], [ 74.234779340200234, 34.294361108385388 ], [ 74.232444812204591, 34.298831903377028 ], [ 74.237136926195816, 34.317501134342123 ], [ 74.232498110204489, 34.325973437326276 ], [ 74.224441607219561, 34.332805598313506 ], [ 74.213302703240387, 34.342250873295846 ], [ 74.21063988224536, 34.34808341328494 ], [ 74.208579971249222, 34.352554397276577 ] ] } },
{ "type": "Feature", "properties": { "MED_DESCRI": "Without Median", "RTT_DESCRI": "Secondary Route", "F_CODE_DES": "Road", "ISO": "IND", "ISOCOUNTRY": "INDIA" }, "geometry": { "type": "LineString", "coordinates": [ [ 78.30339045959299, 34.282333337407877 ], [ 78.321250959559592, 34.281444470409539 ], [ 78.354469221497482, 34.27247245142631 ], [ 78.373832649461278, 34.271804903427558 ], [ 78.388053954434696, 34.275638579420395 ], [ 78.396415692419055, 34.280887676410579 ], [ 78.400947534410591, 34.286277767400499 ], [ 78.407249361398797, 34.293777476386474 ], [ 78.415107792384106, 34.2976684193792 ], [ 78.425308311365043, 34.298389454377855 ], [ 78.438392592340577, 34.295501723383254 ], [ 78.440528859336581, 34.29455558938502 ], [ 78.467056332286987, 34.282695839407197 ], [ 78.484916643253584, 34.277637443416651 ], [ 78.514556946198169, 34.274307263422884 ], [ 78.51680755819396, 34.274055515423349 ], [ 78.52547453117775, 34.271526317428084 ], [ 78.53291319316385, 34.271945897427294 ], [ 78.55608364812052, 34.279834757412544 ], [ 78.568748538096841, 34.280834189410676 ], [ 78.58474738806693, 34.278057023415869 ], [ 78.590721111055757, 34.277000513417846 ], [ 78.626419052989007, 34.266861041436805 ], [ 78.639747710964087, 34.26488882644049 ], [ 78.677581730893351, 34.264861988440543 ], [ 78.704330522843335, 34.273971599423511 ], [ 78.707031332838284, 34.27436075042278 ], [ 78.723030182808373, 34.276695278418416 ], [ 78.731857238791875, 34.276443530418888 ], [ 78.750389066757222, 34.275943814419819 ], [ 78.758445758742155, 34.274276645422937 ], [ 78.762413057734747, 34.270332404430313 ], [ 78.765861551728293, 34.266887690436754 ], [ 78.766502450727089, 34.266498539437478 ], [ 78.771499610717754, 34.263557510442979 ], [ 78.789474455684143, 34.263053825443919 ], [ 78.805969241653301, 34.265251139439812 ], [ 78.823722767620112, 34.270694717429635 ], [ 78.856361366559085, 34.28608328640086 ], [ 78.871780364530252, 34.285999370401022 ], [ 78.889251713497586, 34.285888616401223 ], [ 78.916862534445954, 34.294750259384656 ], [ 78.921112010438009, 34.295528372383203 ], [ 78.961975133361605, 34.302917516369391 ] ] } },
{ "type": "Feature", "properties": { "MED_DESCRI": "Without Median", "RTT_DESCRI": "Secondary Route", "F_CODE_DES": "Road", "ISO": "IND", "ISOCOUNTRY": "INDIA" }, "geometry": { "type": "LineString", "coordinates": [ [ 74.61619570348708, 34.435081436122275 ], [ 74.62480918947098, 34.428665075134269 ], [ 74.626274128468239, 34.4275817271363 ], [ 74.642364454438152, 34.421165555148292 ], [ 74.65853113640793, 34.399501808188802 ], [ 74.661109852403101, 34.396026665195301 ], [ 74.671142539384348, 34.385581958214829 ], [ 74.672279374382214, 34.378528667228011 ], [ 74.662223818401017, 34.350139544281092 ], [ 74.675529418376144, 34.332889514313351 ], [ 74.676834085373699, 34.331195885316511 ], [ 74.679969784367842, 34.323333674331217 ], [ 74.677833517371838, 34.316081933344776 ], [ 74.660415655404407, 34.302665768369856 ], [ 74.661140470403041, 34.297195352380086 ], [ 74.67627710237474, 34.278526310414989 ], [ 74.687721241353344, 34.260806993448121 ], [ 74.71930692129429, 34.243667528480167 ], [ 74.721054037291026, 34.242721583481938 ], [ 74.728027381277982, 34.241973899483334 ], [ 74.729888842274505, 34.242248516482825 ], [ 74.737030018261152, 34.24338913148069 ], [ 74.750968957235088, 34.257251714454767 ], [ 74.754028300229365, 34.260276848449116 ], [ 74.761054942216234, 34.267276841436029 ], [ 74.772636484194578, 34.274387399422729 ], [ 74.81641379811272, 34.287193283398786 ] ] } },
{ "type": "Feature", "properties": { "MED_DESCRI": "Without Median", "RTT_DESCRI": "Secondary Route", "F_CODE_DES": "Road", "ISO": "IND", "ISOCOUNTRY": "INDIA" }, "geometry": { "type": "LineString", "coordinates": [ [ 76.304778967329867, 34.412834246163875 ], [ 76.297637980343225, 34.407276134174261 ], [ 76.297142044344156, 34.406886983174992 ], [ 76.296447847345448, 34.396499543194416 ], [ 76.292526286352782, 34.392665867201579 ], [ 76.257942121417443, 34.392082235202672 ], [ 76.239723277451503, 34.382999462219658 ], [ 76.211113024505011, 34.384723709216431 ], [ 76.193969779537056, 34.375694234233315 ], [ 76.184669467554443, 34.365390710252576 ], [ 76.182167107559124, 34.364528681254193 ], [ 76.159500148601509, 34.356693308268838 ], [ 76.15930169860188, 34.356555905269097 ], [ 76.146774211625299, 34.348331381284474 ], [ 76.139503570638894, 34.341110258297974 ], [ 76.118057173678991, 34.310054723356039 ], [ 76.11583717968314, 34.301445017372139 ], [ 76.117332547680348, 34.28313828840637 ], [ 76.111084018692026, 34.269085004432647 ], [ 76.108055104697698, 34.264831559440601 ], [ 76.091140738729322, 34.241165168484848 ] ] } },
{ "type": "Feature", "properties": { "MED_DESCRI": "Without Median", "RTT_DESCRI": "Secondary Route", "F_CODE_DES": "Road", "ISO": "IND", "ISOCOUNTRY": "INDIA" }, "geometry": { "type": "LineString", "coordinates": [ [ 76.049888653806448, 34.402500104183197 ], [ 76.007446246885806, 34.387443608211349 ], [ 75.996002107907202, 34.38027956322474 ], [ 75.987419050923251, 34.372528106239237 ], [ 75.980751130935715, 34.356361424269458 ], [ 75.978080749940716, 34.334415500310492 ], [ 75.979469332938123, 34.30816642435957 ], [ 75.979972828937179, 34.298442752377753 ], [ 75.984191875929284, 34.289222765394996 ], [ 76.005996616888524, 34.277610794416702 ], [ 76.055336011796271, 34.263557510442979 ], [ 76.070861794767239, 34.254390632460122 ], [ 76.085220313740393, 34.242416348482507 ], [ 76.091140738729322, 34.241165168484848 ] ] } },
{ "type": "Feature", "properties": { "MED_DESCRI": "Without Median", "RTT_DESCRI": "Secondary Route", "F_CODE_DES": "Road", "ISO": "IND", "ISOCOUNTRY": "INDIA" }, "geometry": { "type": "LineString", "coordinates": [ [ 74.448081904801413, 34.239807203487388 ], [ 74.460693307777831, 34.26952745343182 ] ] } },
{ "type": "Feature", "properties": { "MED_DESCRI": "Without Median", "RTT_DESCRI": "Secondary Route", "F_CODE_DES": "Road", "ISO": "IND", "ISOCOUNTRY": "INDIA" }, "geometry": { "type": "LineString", "coordinates": [ [ 76.606803801765167, 34.233333575499493 ], [ 76.620162888740182, 34.269889766431142 ], [ 76.628112795725329, 34.275722495420233 ], [ 76.643997111695626, 34.283027723406576 ], [ 76.652610786679517, 34.297500587379517 ], [ 76.656059280673077, 34.303276049368719 ], [ 76.656639132671984, 34.30741496036098 ] ] } },
{ "type": "Feature", "properties": { "MED_DESCRI": "Without Median", "RTT_DESCRI": "Secondary Route", "F_CODE_DES": "Road", "ISO": "IND", "ISOCOUNTRY": "INDIA" }, "geometry": { "type": "LineString", "coordinates": [ [ 74.81641379811272, 34.287193283398786 ], [ 74.81999969510602, 34.288055501397174 ], [ 74.83269501408229, 34.291084226391511 ], [ 74.85013574504967, 34.290916394391829 ], [ 74.864890975022092, 34.286693567399723 ], [ 74.873779267005474, 34.282611923407352 ], [ 74.886253266982138, 34.276832492418158 ], [ 74.888443020978045, 34.275833060420027 ], [ 74.927413875905188, 34.252723652463239 ], [ 74.952392493858483, 34.243999412479546 ], [ 74.983749483799855, 34.233081827499959 ], [ 75.000000081769471, 34.225555469514035 ], [ 75.009941103750876, 34.220943491522654 ], [ 75.022804254726836, 34.214973359533822 ], [ 75.029693682713955, 34.215137411533512 ], [ 75.058608981659887, 34.223361935518135 ], [ 75.059860161657539, 34.234832723496687 ], [ 75.060386715656563, 34.239555266487855 ], [ 75.063224739651261, 34.245445262476842 ], [ 75.068443218641491, 34.250946107466561 ], [ 75.07011416763838, 34.252723652463239 ], [ 75.079719525620419, 34.257362279454561 ], [ 75.097358706587428, 34.261554677446725 ], [ 75.137054376513206, 34.266666371437168 ], [ 75.144607572499083, 34.26935962143213 ], [ 75.156669552476544, 34.270694717429635 ], [ 75.161415153467658, 34.269164951432494 ], [ 75.16999821045161, 34.266361325437735 ], [ 75.177444432437696, 34.266750287437013 ], [ 75.182388294428449, 34.270694717429635 ], [ 75.187774605418383, 34.282001453408498 ], [ 75.190719603412873, 34.288139417397019 ], [ 75.196662897401765, 34.292472809388919 ], [ 75.200920122393796, 34.295581859383105 ], [ 75.20894619637879, 34.299221054376297 ], [ 75.219306987359417, 34.297359404379776 ], [ 75.253555299295385, 34.291221629391252 ], [ 75.256553595289773, 34.291862528390055 ], [ 75.263748258276323, 34.299110489376503 ], [ 75.271972593260955, 34.299999167374843 ], [ 75.293975784219811, 34.294498511385129 ], [ 75.299499498209485, 34.29455558938502 ], [ 75.314636319181176, 34.291442948390845 ], [ 75.320030190171096, 34.290332762392914 ], [ 75.336471489140351, 34.282196123408134 ], [ 75.341003331131887, 34.279945322412338 ], [ 75.381279042056576, 34.266861041436805 ], [ 75.418281461987391, 34.260028880449575 ], [ 75.427391072970352, 34.260276848449116 ], [ 75.440864504945168, 34.269001088432802 ], [ 75.445335299936801, 34.268306702434103 ], [ 75.448135334931578, 34.264083875441997 ], [ 75.452003408924341, 34.264057226442048 ], [ 75.472053473886845, 34.276500608418779 ], [ 75.485832140861092, 34.285057016402781 ], [ 75.49177543484997, 34.286666918399774 ] ] } },
{ "type": "Feature", "properties": { "MED_DESCRI": "Without Median", "RTT_DESCRI": "Secondary Route", "F_CODE_DES": "Road", "ISO": "IND", "ISOCOUNTRY": "INDIA" }, "geometry": { "type": "LineString", "coordinates": [ [ 77.171585129709172, 34.291194980391303 ], [ 77.194336004666638, 34.281417821409583 ], [ 77.208663905639838, 34.274166080423143 ], [ 77.239753649581715, 34.258472465452485 ], [ 77.256942821549572, 34.246692662474516 ], [ 77.270942618523407, 34.232276876501466 ], [ 77.27913671350808, 34.226612168512055 ], [ 77.29286189348241, 34.217140244529766 ], [ 77.306442299457018, 34.20777888554727 ] ] } },
{ "type": "Feature", "properties": { "MED_DESCRI": "Without Median", "RTT_DESCRI": "Primary Route", "F_CODE_DES": "Road", "ISO": "IND", "ISOCOUNTRY": "INDIA" }, "geometry": { "type": "LineString", "coordinates": [ [ 74.349281398986136, 34.20208355955792 ], [ 74.362724212961012, 34.202835023556517 ], [ 74.384246776920762, 34.212860150537772 ], [ 74.399887093891522, 34.217472128529145 ], [ 74.407837000876654, 34.230834995504161 ], [ 74.425392076843835, 34.238777153489316 ], [ 74.426002546842696, 34.238887718489103 ], [ 74.442222526812373, 34.242527102482299 ], [ 74.448081904801413, 34.239807203487388 ] ] } },
{ "type": "Feature", "properties": { "MED_DESCRI": "Without Median", "RTT_DESCRI": "Secondary Route", "F_CODE_DES": "Road", "ISO": "IND", "ISOCOUNTRY": "INDIA" }, "geometry": { "type": "LineString", "coordinates": [ [ 76.091140738729322, 34.241165168484848 ], [ 76.101669361709639, 34.239944417487131 ], [ 76.152946384613756, 34.221137972522293 ], [ 76.160919160598851, 34.217361374529354 ], [ 76.165748677589818, 34.212776234537927 ], [ 76.171806316578497, 34.207054070548629 ], [ 76.177528291567796, 34.204113041554123 ], [ 76.199890204525985, 34.204193177553975 ], [ 76.208610475509687, 34.202026292558024 ], [ 76.215972970495912, 34.202694029556781 ], [ 76.223968426480965, 34.203414875555431 ] ] } },
{ "type": "Feature", "properties": { "MED_DESCRI": "Without Median", "RTT_DESCRI": "Secondary Route", "F_CODE_DES": "Road", "ISO": "IND", "ISOCOUNTRY": "INDIA" }, "geometry": { "type": "LineString", "coordinates": [ [ 76.992774876043498, 34.308418361359102 ], [ 77.013030951005632, 34.30230704637053 ], [ 77.033805830966784, 34.301223698372553 ], [ 77.038948142957167, 34.298221622378165 ], [ 77.051887460932974, 34.277721359416496 ], [ 77.054084774928867, 34.274223347423039 ], [ 77.064002927910323, 34.26952745343182 ], [ 77.080497713879481, 34.26577750443883 ], [ 77.088638321864266, 34.258693784452078 ], [ 77.092109684857775, 34.255664870457736 ], [ 77.112167309820265, 34.257526331454258 ], [ 77.115524327813986, 34.256748218455712 ], [ 77.11672202081175, 34.255859351457374 ], [ 77.135086016777421, 34.242305783482713 ], [ 77.143219064762206, 34.239860501487286 ], [ 77.164886402721692, 34.242942902481524 ], [ 77.172943094706639, 34.24119559748479 ], [ 77.176635776699726, 34.240390835486295 ], [ 77.194747835665865, 34.221527123521568 ], [ 77.221725506615428, 34.218139676527898 ], [ 77.232475259595319, 34.213222463537093 ], [ 77.245193447571538, 34.205306954551894 ], [ 77.252998391556957, 34.200416579561036 ], [ 77.267860406529167, 34.196140265569035 ], [ 77.273391680518827, 34.196109836569093 ], [ 77.28502652049707, 34.205917424550755 ], [ 77.288085863491347, 34.206417140549817 ], [ 77.297058071474567, 34.207942937546967 ], [ 77.306442299457018, 34.20777888554727 ] ] } },
{ "type": "Feature", "properties": { "MED_DESCRI": "Without Median", "RTT_DESCRI": "Secondary Route", "F_CODE_DES": "Road", "ISO": "IND", "ISOCOUNTRY": "INDIA" }, "geometry": { "type": "LineString", "coordinates": [ [ 74.81641379811272, 34.287193283398786 ], [ 74.814109888117031, 34.280555792411199 ], [ 74.811943003121087, 34.274307263422884 ], [ 74.795059255152651, 34.260944396447869 ], [ 74.790275665161602, 34.251693791465165 ], [ 74.787666331166477, 34.242999980481414 ], [ 74.783142049174941, 34.227859568509729 ], [ 74.784553501172297, 34.220584958523325 ], [ 74.787002563167718, 34.217918357528312 ], [ 74.806388860131477, 34.196639981568097 ], [ 74.813446120118272, 34.188888524582595 ] ] } },
{ "type": "Feature", "properties": { "MED_DESCRI": "Without Median", "RTT_DESCRI": "Primary Route", "F_CODE_DES": "Road", "ISO": "IND", "ISOCOUNTRY": "INDIA" }, "geometry": { "type": "LineString", "coordinates": [ [ 74.309944073059697, 34.180557215598171 ], [ 74.312614454054696, 34.184833529590172 ], [ 74.313529970052983, 34.19638823356857 ], [ 74.320198079040523, 34.20208355955792 ], [ 74.334419195013936, 34.201278608559427 ] ] } },
{ "type": "Feature", "properties": { "MED_DESCRI": "Without Median", "RTT_DESCRI": "Secondary Route", "F_CODE_DES": "Road", "ISO": "IND", "ISOCOUNTRY": "INDIA" }, "geometry": { "type": "LineString", "coordinates": [ [ 76.606803801765167, 34.233333575499493 ], [ 76.612724226754096, 34.22791664650962 ], [ 76.644889758693949, 34.19858176756447 ], [ 76.658943231667678, 34.189529423581391 ], [ 76.68608098561694, 34.178665136601708 ], [ 76.697524935595538, 34.176834104605128 ], [ 76.705947909579791, 34.193473853574019 ], [ 76.714332516564113, 34.202694029556781 ], [ 76.716552699559969, 34.20516577155216 ], [ 76.730392413534091, 34.214195246535276 ], [ 76.751136864495294, 34.222831790519123 ], [ 76.771278405457636, 34.22822188150905 ], [ 76.815475488375, 34.252471904463704 ], [ 76.824775611357609, 34.253749922461317 ], [ 76.832031321344047, 34.252418606463806 ], [ 76.833778437340783, 34.251304640465889 ], [ 76.840080264329004, 34.24722280747352 ], [ 76.842887859323753, 34.242694934481989 ], [ 76.852554264305681, 34.227054617511229 ], [ 76.864891050282608, 34.219055192526184 ], [ 76.877197218259596, 34.207942937546967 ] ] } },
{ "type": "Feature", "properties": { "MED_DESCRI": "Without Median", "RTT_DESCRI": "Secondary Route", "F_CODE_DES": "Road", "ISO": "IND", "ISOCOUNTRY": "INDIA" }, "geometry": { "type": "LineString", "coordinates": [ [ 77.584442209937237, 34.168499015620718 ], [ 77.591308579924402, 34.182304331594899 ], [ 77.609336911890694, 34.218498209527226 ], [ 77.621002180868885, 34.245750497476273 ], [ 77.645889322822342, 34.274528582422469 ], [ 77.649719218815193, 34.280860838410625 ], [ 77.649719218815193, 34.281417821409583 ], [ 77.649192853816174, 34.327194188323993 ], [ 77.667053164782772, 34.358970569264585 ], [ 77.671417174774618, 34.371971123240272 ], [ 77.67116542677509, 34.377109466230671 ], [ 77.670860380775665, 34.384109459217576 ], [ 77.662170349791907, 34.398303926191041 ], [ 77.662391668791486, 34.401973739184179 ], [ 77.662612987791078, 34.406112650176439 ], [ 77.668388449780281, 34.410110567168964 ], [ 77.668525663780017, 34.410194483168809 ], [ 77.695198099730149, 34.419776972150892 ], [ 77.729385364666228, 34.439888084113285 ], [ 77.735168386655417, 34.446971804100045 ], [ 77.731498762662284, 34.451526704091528 ], [ 77.716056895691153, 34.470695462055687 ], [ 77.709442084703525, 34.482192899034189 ], [ 77.707275388707572, 34.488887846021669 ], [ 77.705696104710526, 34.493831708012429 ], [ 77.702003422717425, 34.505359573990873 ], [ 77.698776247723458, 34.508693722984638 ], [ 77.678085283762144, 34.518611875966094 ], [ 77.673362740770983, 34.519359559964698 ], [ 77.672141989773266, 34.521640789960429 ] ] } },
{ "type": "Feature", "properties": { "MED_DESCRI": "Without Median", "RTT_DESCRI": "Secondary Route", "F_CODE_DES": "Road", "ISO": "IND", "ISOCOUNTRY": "INDIA" }, "geometry": { "type": "LineString", "coordinates": [ [ 75.962753227969372, 34.283638004405432 ], [ 75.970779490954371, 34.254833270459294 ], [ 75.973999105948351, 34.248222428471649 ], [ 75.980079613936979, 34.235748239494974 ], [ 75.973358206949541, 34.231639946502661 ], [ 75.968696521958265, 34.228805513507957 ], [ 75.941612255008906, 34.21649934553097 ], [ 75.932830748025324, 34.207359305548053 ], [ 75.928474487033469, 34.194751682571628 ], [ 75.93038943502988, 34.186584425586901 ], [ 75.93336486202432, 34.181777966595888 ], [ 75.949028047995029, 34.156444595643251 ], [ 75.956337055981365, 34.141109513671928 ] ] } },
{ "type": "Feature", "properties": { "MED_DESCRI": "Without Median", "RTT_DESCRI": "Primary Route", "F_CODE_DES": "Road", "ISO": "IND", "ISOCOUNTRY": "INDIA" }, "geometry": { "type": "LineString", "coordinates": [ [ 74.448081904801413, 34.239807203487388 ], [ 74.464141801771376, 34.232334143501362 ], [ 74.46741490376526, 34.232112824501776 ], [ 74.49085997572142, 34.230472493504841 ], [ 74.500274632703821, 34.227111884511125 ], [ 74.508499156688444, 34.218418073527381 ], [ 74.521194475664714, 34.196166914568984 ], [ 74.539024357631376, 34.183639616592409 ], [ 74.54413605162182, 34.180053719599108 ], [ 74.552749726605711, 34.166526800624403 ], [ 74.555885236599849, 34.163387321630275 ], [ 74.557281568597233, 34.161972089632918 ], [ 74.569252072574855, 34.154609594646686 ], [ 74.586944551541777, 34.147193990660547 ], [ 74.593307425529872, 34.144527389665534 ], [ 74.603446897510921, 34.145584088663561 ], [ 74.614417969490404, 34.14919285465681 ], [ 74.61958315048075, 34.150890263653636 ], [ 74.626525876467767, 34.150390547654574 ], [ 74.637916528446468, 34.14644630666195 ], [ 74.643165625436652, 34.146167720662469 ], [ 74.650108351423668, 34.145778569663193 ], [ 74.666030845393905, 34.137500747678672 ], [ 74.672279374382214, 34.132137305688701 ], [ 74.681579497364837, 34.124195147703553 ] ] } },
{ "type": "Feature", "properties": { "MED_DESCRI": "Without Median", "RTT_DESCRI": "Secondary Route", "F_CODE_DES": "Road", "ISO": "IND", "ISOCOUNTRY": "INDIA" }, "geometry": { "type": "LineString", "coordinates": [ [ 77.306442299457018, 34.20777888554727 ], [ 77.309776259450786, 34.207694969547426 ], [ 77.328361574416036, 34.200332663561191 ], [ 77.336670014400511, 34.1980820515654 ], [ 77.347969001379383, 34.195026488571116 ], [ 77.36683649334411, 34.19294351957501 ], [ 77.398330697285218, 34.192638473575578 ], [ 77.421638555241643, 34.187000225586125 ], [ 77.429054348227766, 34.185195842589494 ], [ 77.444946224198063, 34.169498447618849 ], [ 77.446746827194687, 34.167667415622269 ], [ 77.467613183155677, 34.158748694638945 ], [ 77.474418695142958, 34.15475077764642 ], [ 77.478691040134962, 34.152221768651145 ], [ 77.495529239103476, 34.146831488661228 ], [ 77.517807047061822, 34.136554802680443 ], [ 77.54930881100293, 34.129806557693058 ], [ 77.57083137496268, 34.15352624664871 ], [ 77.584442209937237, 34.168499015620718 ] ] } },
{ "type": "Feature", "properties": { "MED_DESCRI": "Without Median", "RTT_DESCRI": "Secondary Route", "F_CODE_DES": "Road", "ISO": "IND", "ISOCOUNTRY": "INDIA" }, "geometry": { "type": "LineString", "coordinates": [ [ 75.953445355986773, 34.124053964703812 ], [ 75.956024260981948, 34.139362397675193 ], [ 75.956337055981365, 34.141109513671928 ] ] } },
{ "type": "Feature", "properties": { "MED_DESCRI": "Without Median", "RTT_DESCRI": "Secondary Route", "F_CODE_DES": "Road", "ISO": "IND", "ISOCOUNTRY": "INDIA" }, "geometry": { "type": "LineString", "coordinates": [ [ 74.813446120118272, 34.188888524582595 ], [ 74.805335941133436, 34.169807462618266 ], [ 74.801971363139728, 34.148944886657276 ], [ 74.801864578139927, 34.148250500658577 ], [ 74.802635131138487, 34.132137305688701 ], [ 74.803085329137645, 34.123054532705687 ], [ 74.80455782813489, 34.092082913763591 ] ] } },
{ "type": "Feature", "properties": { "MED_DESCRI": "Without Median", "RTT_DESCRI": "Secondary Route", "F_CODE_DES": "Road", "ISO": "IND", "ISOCOUNTRY": "INDIA" }, "geometry": { "type": "LineString", "coordinates": [ [ 74.813446120118272, 34.188888524582595 ], [ 74.81708531511147, 34.184555132590695 ], [ 74.832748501082179, 34.165832603625702 ], [ 74.843109103062815, 34.157222708641797 ], [ 74.85355381004328, 34.168167131621338 ], [ 74.859024037033052, 34.168693496620349 ], [ 74.877555864998413, 34.155029363645902 ], [ 74.877693267998154, 34.153389032648967 ], [ 74.880058224993732, 34.124362979703236 ], [ 74.868499741015341, 34.118110670714927 ], [ 74.868164077015962, 34.117942838715244 ], [ 74.863670413024366, 34.116111806718664 ], [ 74.862197914027121, 34.115501336719809 ], [ 74.857276921036316, 34.113472043723604 ], [ 74.827308703092356, 34.101055121746818 ], [ 74.80455782813489, 34.092082913763591 ] ] } },
{ "type": "Feature", "properties": { "MED_DESCRI": "Without Median", "RTT_DESCRI": "Primary Route", "F_CODE_DES": "Road", "ISO": "IND", "ISOCOUNTRY": "INDIA" }, "geometry": { "type": "LineString", "coordinates": [ [ 74.681579497364837, 34.124195147703553 ], [ 74.701972975326697, 34.117279070716485 ], [ 74.752830418231611, 34.103973470741359 ] ] } },
{ "type": "Feature", "properties": { "MED_DESCRI": "Without Median", "RTT_DESCRI": "Secondary Route", "F_CODE_DES": "Road", "ISO": "IND", "ISOCOUNTRY": "INDIA" }, "geometry": { "type": "LineString", "coordinates": [ [ 77.599693375908728, 34.102527620744063 ], [ 77.6558609628037, 34.133277920686567 ], [ 77.663696335789055, 34.142471258669381 ], [ 77.672058073773414, 34.176029153606635 ], [ 77.684448157750253, 34.198387097564833 ], [ 77.688079792743466, 34.204971290552521 ], [ 77.691581773736914, 34.207164824548421 ], [ 77.710052554702372, 34.207279169548208 ], [ 77.718498208686583, 34.216026278531849 ], [ 77.724113398676096, 34.22586051551346 ], [ 77.724220183675882, 34.23550027149544 ], [ 77.722915705678332, 34.242721583481938 ], [ 77.720497072682846, 34.256027183457057 ], [ 77.724082969676147, 34.262111660445683 ], [ 77.730445843664242, 34.268276273434161 ], [ 77.754280066619685, 34.284168149404444 ], [ 77.761886560605461, 34.287445031398313 ], [ 77.763496462602447, 34.288139417397019 ], [ 77.831222533475824, 34.293415163387152 ], [ 77.833831867470948, 34.296943604380559 ], [ 77.801277184531813, 34.326473153325345 ], [ 77.794250542544944, 34.34116752529787 ], [ 77.79335789554662, 34.349334782282597 ], [ 77.791862527549412, 34.362888350257258 ], [ 77.783973667564169, 34.37872314822765 ], [ 77.783920369564271, 34.392028748202776 ], [ 77.786415169559604, 34.403472887181373 ], [ 77.787307816557927, 34.407554720173742 ], [ 77.788253761556163, 34.411888112165641 ], [ 77.786003149560372, 34.419166502152031 ], [ 77.770858768588681, 34.435443938121594 ], [ 77.754028318620158, 34.458332027078804 ], [ 77.748413128630659, 34.463527637069092 ], [ 77.734359655656931, 34.476554840044734 ], [ 77.731224145662793, 34.484249030030348 ], [ 77.731025695663163, 34.48558431502785 ], [ 77.727249097670224, 34.510276786981677 ], [ 77.722503685679101, 34.517028811969055 ], [ 77.709167467704034, 34.527248419949949 ], [ 77.702667190716184, 34.532222710940644 ], [ 77.685165412748916, 34.539249352927506 ], [ 77.666694631783443, 34.543025950920445 ] ] } },
{ "type": "Feature", "properties": { "MED_DESCRI": "Without Median", "RTT_DESCRI": "Secondary Route", "F_CODE_DES": "Road", "ISO": "IND", "ISOCOUNTRY": "INDIA" }, "geometry": { "type": "LineString", "coordinates": [ [ 77.599693375908728, 34.102527620744063 ], [ 77.593833997919674, 34.115665388719499 ], [ 77.591613814923832, 34.156417757643304 ], [ 77.586364717933648, 34.165279400626737 ], [ 77.584442209937237, 34.168499015620718 ] ] } },
{ "type": "Feature", "properties": { "MED_DESCRI": "Without Median", "RTT_DESCRI": "Secondary Route", "F_CODE_DES": "Road", "ISO": "IND", "ISOCOUNTRY": "INDIA" }, "geometry": { "type": "LineString", "coordinates": [ [ 73.904295452818147, 34.104170219740993 ], [ 73.90430452481813, 34.104167951740997 ], [ 73.913108900801674, 34.102054553744949 ], [ 73.925781161777977, 34.104167951740997 ], [ 73.952888486727289, 34.101638753745725 ], [ 73.956413336720701, 34.102195736744683 ], [ 73.977889973680547, 34.105667099738191 ], [ 73.987861613661906, 34.108665395732586 ], [ 73.997192354644454, 34.108001627733827 ], [ 73.999999949639204, 34.106918279735858 ], [ 74.002441451634638, 34.100139605748531 ], [ 74.035972508571945, 34.077804530790289 ], [ 74.04411311655673, 34.076473214792777 ], [ 74.049835280546034, 34.08005514278608 ], [ 74.051193245543487, 34.08224867678198 ], [ 74.053192109539751, 34.085498720775902 ] ] } },
{ "type": "Feature", "properties": { "MED_DESCRI": "Without Median", "RTT_DESCRI": "Primary Route", "F_CODE_DES": "Road", "ISO": "IND", "ISOCOUNTRY": "INDIA" }, "geometry": { "type": "LineString", "coordinates": [ [ 74.752830418231611, 34.103973470741359 ], [ 74.761306690215761, 34.101139037746663 ] ] } },
{ "type": "Feature", "properties": { "MED_DESCRI": "Without Median", "RTT_DESCRI": "Secondary Route", "F_CODE_DES": "Road", "ISO": "IND", "ISOCOUNTRY": "INDIA" }, "geometry": { "type": "LineString", "coordinates": [ [ 75.49177543484997, 34.286666918399774 ], [ 75.504081791826962, 34.247611958472795 ], [ 75.512802062810664, 34.238166872490453 ], [ 75.51033013181528, 34.226806649511694 ], [ 75.517387391802089, 34.206027989550549 ], [ 75.51686102680307, 34.1944999345721 ], [ 75.508888250817975, 34.181137067597085 ], [ 75.501304625832162, 34.168388450620924 ], [ 75.499641425835264, 34.165611284626117 ], [ 75.495864827842325, 34.153472948648812 ], [ 75.494751050844414, 34.142166212669949 ], [ 75.499275143835959, 34.129527971693584 ], [ 75.511024517813979, 34.110473558729204 ], [ 75.517112774802598, 34.100582054747704 ] ] } },
{ "type": "Feature", "properties": { "MED_DESCRI": "Without Median", "RTT_DESCRI": "Secondary Route", "F_CODE_DES": "Road", "ISO": "IND", "ISOCOUNTRY": "INDIA" }, "geometry": { "type": "LineString", "coordinates": [ [ 76.489334064984803, 34.087917353771381 ], [ 76.496444622971509, 34.102222385744632 ], [ 76.51191710794258, 34.110668228728841 ], [ 76.533607503902019, 34.117084589716846 ], [ 76.542274476885822, 34.124111231703708 ], [ 76.560111918852471, 34.148498468658111 ], [ 76.566108699841251, 34.154251061647358 ], [ 76.591361934794037, 34.165500719626323 ], [ 76.591636740793518, 34.165637933626066 ], [ 76.595085234787078, 34.170639062616715 ], [ 76.596221880784952, 34.172248775613703 ], [ 76.596664518784124, 34.182220415595062 ], [ 76.596801732783874, 34.185138764589603 ], [ 76.59188848879306, 34.207443221547898 ], [ 76.592025702792796, 34.214084681535482 ], [ 76.593170097790662, 34.21805576052806 ], [ 76.603080690772131, 34.227638249510143 ], [ 76.606803801765167, 34.233333575499493 ] ] } },
{ "type": "Feature", "properties": { "MED_DESCRI": "Unknown", "RTT_DESCRI": "Unknown", "F_CODE_DES": "Road", "ISO": "IND", "ISOCOUNTRY": "INDIA" }, "geometry": { "type": "LineString", "coordinates": [ [ 74.80455782813489, 34.092082913763591 ], [ 74.803581265136714, 34.091751029764211 ], [ 74.787277180167209, 34.086334289774342 ], [ 74.786666899168338, 34.086723251773613 ], [ 74.766693190205686, 34.099361492749985 ], [ 74.761306690215761, 34.101139037746663 ] ] } },
{ "type": "Feature", "properties": { "MED_DESCRI": "Without Median", "RTT_DESCRI": "Primary Route", "F_CODE_DES": "Road", "ISO": "IND", "ISOCOUNTRY": "INDIA" }, "geometry": { "type": "LineString", "coordinates": [ [ 74.053192109539751, 34.085498720775902 ], [ 74.058555551529722, 34.096473761755384 ], [ 74.069641157508997, 34.108222946733413 ], [ 74.08975226947139, 34.117973267715186 ], [ 74.118057287418466, 34.125720944700696 ], [ 74.12850180539894, 34.1385574466767 ], [ 74.136970517383105, 34.139556878674831 ], [ 74.164085402332404, 34.136417399680695 ], [ 74.174530109312883, 34.131862688689218 ], [ 74.177002040308253, 34.130779340691241 ], [ 74.181251516300307, 34.130889905691035 ], [ 74.183364914296362, 34.130943392690931 ], [ 74.194137536276216, 34.140110081673797 ], [ 74.200248662264798, 34.142776493668812 ], [ 74.219276426229214, 34.146251636662313 ], [ 74.226219152216231, 34.148998184657174 ], [ 74.261474645150315, 34.175277689608038 ], [ 74.298385589081306, 34.176612785605542 ], [ 74.306442281066239, 34.179359522600407 ], [ 74.309639027060257, 34.180442870598384 ], [ 74.309944073059697, 34.180557215598171 ] ] } },
{ "type": "Feature", "properties": { "MED_DESCRI": "Unknown", "RTT_DESCRI": "Unknown", "F_CODE_DES": "Road", "ISO": "IND", "ISOCOUNTRY": "INDIA" }, "geometry": { "type": "LineString", "coordinates": [ [ 74.80455782813489, 34.092082913763591 ], [ 74.807388292129602, 34.079029061787999 ] ] } },
{ "type": "Feature", "properties": { "MED_DESCRI": "Unknown", "RTT_DESCRI": "Unknown", "F_CODE_DES": "Road", "ISO": "IND", "ISOCOUNTRY": "INDIA" }, "geometry": { "type": "LineString", "coordinates": [ [ 74.852668723044943, 34.065109211814026 ], [ 74.842392037064158, 34.071918503801292 ], [ 74.840667790067371, 34.072139822800878 ], [ 74.829414352088421, 34.075805666794025 ], [ 74.817138613111368, 34.077583400790701 ], [ 74.807388292129602, 34.079029061787999 ] ] } },
{ "type": "Feature", "properties": { "MED_DESCRI": "Without Median", "RTT_DESCRI": "Secondary Route", "F_CODE_DES": "Road", "ISO": "IND", "ISOCOUNTRY": "INDIA" }, "geometry": { "type": "LineString", "coordinates": [ [ 75.517112774802598, 34.100582054747704 ], [ 75.55319211873514, 34.098251306752061 ], [ 75.557746829726625, 34.090305368766913 ], [ 75.56266782271743, 34.081722311782961 ], [ 75.564613388713795, 34.07033165980426 ], [ 75.564002918714934, 34.06866845980737 ], [ 75.562309289718101, 34.0639992148161 ] ] } },
{ "type": "Feature", "properties": { "MED_DESCRI": "Without Median", "RTT_DESCRI": "Secondary Route", "F_CODE_DES": "Road", "ISO": "IND", "ISOCOUNTRY": "INDIA" }, "geometry": { "type": "LineString", "coordinates": [ [ 75.927497924035293, 34.055557340831889 ], [ 75.925750808038558, 34.07313925479901 ], [ 75.93041986402983, 34.085529338775849 ], [ 75.950363143992533, 34.112415344725576 ], [ 75.951942427989579, 34.118446334714299 ], [ 75.953445355986773, 34.124053964703812 ] ] } },
{ "type": "Feature", "properties": { "MED_DESCRI": "Without Median", "RTT_DESCRI": "Secondary Route", "F_CODE_DES": "Road", "ISO": "IND", "ISOCOUNTRY": "INDIA" }, "geometry": { "type": "LineString", "coordinates": [ [ 74.401611340888294, 34.051277246839888 ], [ 74.401802041887947, 34.056194270830694 ], [ 74.395194979900296, 34.078109765789719 ], [ 74.37921899893017, 34.109085164731802 ], [ 74.370666559946159, 34.117889351715341 ], [ 74.354942326975561, 34.134056033685113 ], [ 74.345779417992688, 34.147304555660341 ], [ 74.329109240023854, 34.154334977647196 ], [ 74.327392553027067, 34.155612995644809 ], [ 74.318336429043995, 34.162277135632351 ], [ 74.317581185045412, 34.162834118631309 ], [ 74.310279926059067, 34.179779102599625 ], [ 74.309944073059697, 34.180557215598171 ] ] } },
{ "type": "Feature", "properties": { "MED_DESCRI": "Without Median", "RTT_DESCRI": "Secondary Route", "F_CODE_DES": "Road", "ISO": "IND", "ISOCOUNTRY": "INDIA" }, "geometry": { "type": "LineString", "coordinates": [ [ 74.401611340888294, 34.051277246839888 ], [ 74.417419489858744, 34.051166492840096 ], [ 74.444252008808576, 34.066555061811322 ], [ 74.447555539802394, 34.066722893811011 ], [ 74.46430207377108, 34.067527844809504 ], [ 74.493278419716901, 34.083721175779225 ], [ 74.509498588686583, 34.087665605771853 ], [ 74.513916085678318, 34.087776170771647 ], [ 74.540725735628186, 34.088500985770288 ], [ 74.566253587580462, 34.08916853376904 ], [ 74.586746290542138, 34.094417630759224 ], [ 74.626808242467234, 34.104637238740118 ], [ 74.641807471439193, 34.10930629473139 ], [ 74.668777393388766, 34.117668221715753 ], [ 74.671722391383256, 34.119167369712954 ], [ 74.681579497364837, 34.124195147703553 ] ] } },
{ "type": "Feature", "properties": { "MED_DESCRI": "Without Median", "RTT_DESCRI": "Secondary Route", "F_CODE_DES": "Road", "ISO": "IND", "ISOCOUNTRY": "INDIA" }, "geometry": { "type": "LineString", "coordinates": [ [ 76.379058802190983, 34.047611213846743 ], [ 76.409500087134077, 34.058807384825812 ], [ 76.434135481088006, 34.070888453803221 ], [ 76.468750075023294, 34.072582271800052 ], [ 76.480110109002055, 34.076499863792726 ], [ 76.489334064984803, 34.087917353771381 ] ] } },
{ "type": "Feature", "properties": { "MED_DESCRI": "Without Median", "RTT_DESCRI": "Secondary Route", "F_CODE_DES": "Road", "ISO": "IND", "ISOCOUNTRY": "INDIA" }, "geometry": { "type": "LineString", "coordinates": [ [ 75.956337055981365, 34.141109513671928 ], [ 75.957969637978309, 34.139472962674986 ], [ 75.962448181969947, 34.134971549683399 ], [ 75.971832220952393, 34.125583730700953 ], [ 75.981277495934734, 34.100082338748635 ], [ 75.984779287928191, 34.093360931761204 ], [ 75.988830502920621, 34.090557116766448 ], [ 76.00730903288607, 34.094860079758398 ], [ 76.021140997860201, 34.086082541774815 ], [ 76.051223749803953, 34.085861222775229 ], [ 76.065696802776898, 34.086582257773877 ], [ 76.096275301719714, 34.088138672770967 ], [ 76.128608665659272, 34.083415940779801 ], [ 76.153694068612367, 34.075138118795273 ], [ 76.203086761520012, 34.061943083819948 ], [ 76.211418070504436, 34.058612903826173 ], [ 76.222610461483512, 34.054084841834637 ], [ 76.240387045450262, 34.051887527838751 ], [ 76.261611934410581, 34.052139275838279 ], [ 76.280975362374377, 34.055526722831942 ], [ 76.317085324306859, 34.055721203831581 ], [ 76.328697295285153, 34.054862954833183 ], [ 76.356857350232502, 34.045528433850635 ], [ 76.358863774228752, 34.045696265850324 ], [ 76.379058802190983, 34.047611213846743 ] ] } },
{ "type": "Feature", "properties": { "MED_DESCRI": "Without Median", "RTT_DESCRI": "Primary Route", "F_CODE_DES": "Road", "ISO": "IND", "ISOCOUNTRY": "INDIA" }, "geometry": { "type": "LineString", "coordinates": [ [ 74.852668723044943, 34.065109211814026 ], [ 74.884223973985939, 34.04419333785313 ] ] } },
{ "type": "Feature", "properties": { "MED_DESCRI": "Unknown", "RTT_DESCRI": "Unknown", "F_CODE_DES": "Road", "ISO": "IND", "ISOCOUNTRY": "INDIA" }, "geometry": { "type": "LineString", "coordinates": [ [ 74.807388292129602, 34.079029061787999 ], [ 74.806915225130481, 34.074249251796935 ], [ 74.806663477130954, 34.071640106801816 ], [ 74.805221596133649, 34.056972572829238 ], [ 74.805137680133811, 34.056110354830849 ], [ 74.804779147134482, 34.052555075837496 ], [ 74.805915793132357, 34.043834615853804 ], [ 74.806251457131722, 34.041389522858374 ], [ 74.80650320513125, 34.039417307862067 ], [ 74.808502258127518, 34.024055387890783 ], [ 74.809776307125134, 33.988498628957267 ], [ 74.813552905118073, 33.975776660981055 ], [ 74.815086451115207, 33.970638317990662 ], [ 74.813026351119063, 33.95880502801279 ], [ 74.810218756124314, 33.95449828502084 ], [ 74.805580129132977, 33.947277162034339 ] ] } },
{ "type": "Feature", "properties": { "MED_DESCRI": "Without Median", "RTT_DESCRI": "Secondary Route", "F_CODE_DES": "Road", "ISO": "IND", "ISOCOUNTRY": "INDIA" }, "geometry": { "type": "LineString", "coordinates": [ [ 74.674003621379001, 34.035583442869232 ], [ 74.686805725355057, 34.037776976865132 ], [ 74.69908146433211, 34.042640702856033 ], [ 74.709137020313307, 34.051029278840353 ], [ 74.708526550314446, 34.068473789807733 ], [ 74.710639948310501, 34.076167979793347 ], [ 74.714279143303685, 34.078887878788265 ], [ 74.737251337260744, 34.088027918771175 ], [ 74.737525954260221, 34.088306504770657 ], [ 74.752830418231611, 34.103973470741359 ] ] } },
{ "type": "Feature", "properties": { "MED_DESCRI": "Without Median", "RTT_DESCRI": "Secondary Route", "F_CODE_DES": "Road", "ISO": "IND", "ISOCOUNTRY": "INDIA" }, "geometry": { "type": "LineString", "coordinates": [ [ 78.30339045959299, 34.282333337407877 ], [ 78.304885827590198, 34.269332972432181 ], [ 78.301834044595907, 34.255474169458097 ], [ 78.273391812649081, 34.171890242614374 ], [ 78.269500680656364, 34.165359536626582 ], [ 78.265441905663948, 34.161998738632867 ], [ 78.221191335746681, 34.125278495701522 ], [ 78.210945078765846, 34.119277934712748 ], [ 78.203224239780283, 34.119277934712748 ], [ 78.194030712797471, 34.121776514708074 ], [ 78.183219912817677, 34.129749290693169 ], [ 78.173637423835601, 34.141639658670933 ], [ 78.163635165854302, 34.157665346640968 ], [ 78.161804133857729, 34.162277135632351 ], [ 78.15621956186817, 34.176498440605755 ], [ 78.149139432881398, 34.181331548596724 ], [ 78.145889199887478, 34.181388815596613 ], [ 78.143890335891214, 34.181415464596562 ], [ 78.140975955896664, 34.178585000601856 ], [ 78.143859906891279, 34.162139921632601 ], [ 78.141357357895956, 34.155666293644707 ], [ 78.133529733910592, 34.15200044965156 ], [ 78.114585885946013, 34.149387335656449 ], [ 78.107887347958538, 34.144859273664913 ], [ 78.102912867967831, 34.13527678468283 ], [ 78.100501983972336, 34.130638157691507 ], [ 78.084915154001479, 34.120334633710769 ], [ 78.083946151003289, 34.117084589716846 ], [ 78.089942931992084, 34.113750440723081 ], [ 78.095253075982157, 34.110748364728693 ], [ 78.103530897966678, 34.097000126754402 ], [ 78.108642591957121, 34.093471496760998 ], [ 78.124336206927779, 34.087028486773043 ], [ 78.150444099878968, 34.048778477844557 ], [ 78.162330687856738, 34.033500662873124 ], [ 78.166114845849663, 34.03213891787567 ] ] } },
{ "type": "Feature", "properties": { "MED_DESCRI": "Without Median", "RTT_DESCRI": "Secondary Route", "F_CODE_DES": "Road", "ISO": "IND", "ISOCOUNTRY": "INDIA" }, "geometry": { "type": "LineString", "coordinates": [ [ 75.562309289718101, 34.0639992148161 ], [ 75.578529269687763, 34.060916813821862 ], [ 75.601196228645392, 34.063888460816308 ], [ 75.610748288627533, 34.061611199820568 ], [ 75.63302609658588, 34.039501223861905 ], [ 75.645721415562136, 34.035526364869341 ], [ 75.651084857552107, 34.034973161870376 ], [ 75.66239159353097, 34.033832546872503 ], [ 75.671913224513162, 34.02763750488409 ], [ 75.678253229501308, 34.027942739883521 ], [ 75.693946844471967, 34.036167074868139 ], [ 75.700553906459618, 34.039611788861698 ], [ 75.718277003426479, 34.046443949848928 ], [ 75.747886688371111, 34.052722907837186 ], [ 75.777053924316576, 34.065612707813088 ], [ 75.795196601282655, 34.070610056803744 ], [ 75.836051975206274, 34.076667695792416 ], [ 75.843223580192856, 34.077720614790444 ], [ 75.860778845160041, 34.095333146757518 ], [ 75.871719299139585, 34.100692808747496 ], [ 75.888885413107488, 34.103778800741722 ], [ 75.90721898007321, 34.101665402745674 ], [ 75.914054921060426, 34.102916771743338 ], [ 75.938446127014814, 34.121276798709005 ], [ 75.953445355986773, 34.124053964703812 ] ] } },
{ "type": "Feature", "properties": { "MED_DESCRI": "Without Median", "RTT_DESCRI": "Secondary Route", "F_CODE_DES": "Road", "ISO": "IND", "ISOCOUNTRY": "INDIA" }, "geometry": { "type": "LineString", "coordinates": [ [ 75.32866673415495, 34.02113722789624 ], [ 75.33130649715001, 34.036861460866845 ], [ 75.332031312148658, 34.041221690858691 ], [ 75.338859504135883, 34.049167628843833 ], [ 75.357246369101517, 34.057918517827474 ], [ 75.37444310106936, 34.062194831819475 ], [ 75.387580869044797, 34.065471713813352 ], [ 75.394920306031068, 34.070472653803996 ], [ 75.404357832013432, 34.076889014792002 ], [ 75.432388232961017, 34.085918489775118 ], [ 75.442916855941334, 34.08811183477102 ], [ 75.499420106835686, 34.0998343707491 ], [ 75.499809257834954, 34.099918286748945 ], [ 75.517112774802598, 34.100582054747704 ] ] } },
{ "type": "Feature", "properties": { "MED_DESCRI": "Without Median", "RTT_DESCRI": "Secondary Route", "F_CODE_DES": "Road", "ISO": "IND", "ISOCOUNTRY": "INDIA" }, "geometry": { "type": "LineString", "coordinates": [ [ 74.4639739697717, 34.016723699904496 ], [ 74.436859084822387, 34.027500101884343 ], [ 74.424446131845599, 34.027667933884032 ], [ 74.415336520862638, 34.024360622890214 ], [ 74.404586767882734, 34.014972614907769 ], [ 74.4009171438896, 34.01591496890601 ], [ 74.401031488889387, 34.022277842894113 ], [ 74.401611340888294, 34.051277246839888 ] ] } },
{ "type": "Feature", "properties": { "MED_DESCRI": "Without Median", "RTT_DESCRI": "Secondary Route", "F_CODE_DES": "Road", "ISO": "IND", "ISOCOUNTRY": "INDIA" }, "geometry": { "type": "LineString", "coordinates": [ [ 74.4639739697717, 34.016723699904496 ], [ 74.496192988711456, 34.020915908896654 ], [ 74.505195625694626, 34.019138363899977 ], [ 74.51550292967535, 34.014915536907878 ], [ 74.515831033674743, 34.014694217908293 ], [ 74.527526920652875, 34.006443044923714 ], [ 74.536224322636613, 34.004665310927038 ], [ 74.548332229613962, 34.011333419914571 ], [ 74.548835725613031, 34.011360257914525 ], [ 74.56208046758826, 34.011917051913485 ], [ 74.57691961356052, 34.00958252391785 ], [ 74.583724936547796, 34.010723138915715 ], [ 74.601669352514236, 34.013778701909999 ], [ 74.603416468510972, 34.013831999909904 ], [ 74.606391895505411, 34.013942753909696 ], [ 74.610725476497308, 34.014083936909429 ], [ 74.612274142494414, 34.014888698907924 ], [ 74.631362953458719, 34.024696286889586 ], [ 74.635635298450737, 34.025943686887253 ], [ 74.660698021403874, 34.033306181873492 ], [ 74.674003621379001, 34.035583442869232 ] ] } },
{ "type": "Feature", "properties": { "MED_DESCRI": "Without Median", "RTT_DESCRI": "Secondary Route", "F_CODE_DES": "Road", "ISO": "IND", "ISOCOUNTRY": "INDIA" }, "geometry": { "type": "LineString", "coordinates": [ [ 78.166114845849663, 34.03213891787567 ], [ 78.147026034885357, 34.017250064903507 ], [ 78.142585668893659, 34.005416963925633 ], [ 78.143554671891849, 34.00305559793005 ], [ 78.144721935889663, 34.000194515935398 ] ] } },
{ "type": "Feature", "properties": { "MED_DESCRI": "Without Median", "RTT_DESCRI": "Secondary Route", "F_CODE_DES": "Road", "ISO": "IND", "ISOCOUNTRY": "INDIA" }, "geometry": { "type": "LineString", "coordinates": [ [ 75.32866673415495, 34.02113722789624 ], [ 75.319579992171938, 34.027862603883669 ], [ 75.31922145917261, 34.028137220883153 ], [ 75.305915859197484, 34.043777537853913 ], [ 75.2913588902247, 34.064361527815421 ], [ 75.275947641253524, 34.078723826788568 ], [ 75.256668129289565, 34.106887850735909 ], [ 75.244583091312165, 34.112472611725472 ], [ 75.242362908316309, 34.113498692723553 ], [ 75.234252918331478, 34.116111806718664 ], [ 75.226501461345975, 34.118637035713945 ], [ 75.214302078368775, 34.119361850712586 ], [ 75.204055821387939, 34.116054539718775 ], [ 75.167114259457009, 34.087196318772726 ], [ 75.161834733466875, 34.066249826811891 ], [ 75.153167760483086, 34.060501013822645 ], [ 75.120918312543381, 34.056945734829291 ], [ 75.120361329544423, 34.056888656829393 ], [ 75.105056676573042, 34.051471727839527 ], [ 75.081169155617701, 34.039390469862113 ], [ 75.067192038643839, 34.0381661278644 ], [ 75.062751861652131, 34.036388393867725 ], [ 75.058639599659827, 34.034721413870841 ], [ 75.028442313716283, 34.032833114874371 ], [ 75.020942604730308, 34.026668501885901 ], [ 75.0081633697542, 34.00369271692886 ], [ 75.000000081769471, 33.997055036941269 ], [ 74.997558579774037, 33.995056172945006 ], [ 74.977249206812004, 33.986831648960383 ], [ 74.969833413825867, 33.979862273973417 ], [ 74.961135822842138, 33.97169501698869 ] ] } },
{ "type": "Feature", "properties": { "MED_DESCRI": "Without Median", "RTT_DESCRI": "Primary Route", "F_CODE_DES": "Road", "ISO": "IND", "ISOCOUNTRY": "INDIA" }, "geometry": { "type": "LineString", "coordinates": [ [ 74.884223973985939, 34.04419333785313 ], [ 74.89805593896007, 34.04216763585692 ], [ 74.905609134945948, 34.037555657865546 ], [ 74.921524068916199, 34.021415624895724 ], [ 74.923026996913393, 34.009777004917481 ], [ 74.928611757902942, 33.9951667379448 ], [ 74.929580760901132, 33.993694238947555 ], [ 74.937385515886547, 33.98186113796968 ], [ 74.942085189877758, 33.97844307297607 ], [ 74.95703130984981, 33.974224025983958 ], [ 74.961135822842138, 33.97169501698869 ] ] } },
{ "type": "Feature", "properties": { "MED_DESCRI": "Without Median", "RTT_DESCRI": "Secondary Route", "F_CODE_DES": "Road", "ISO": "IND", "ISOCOUNTRY": "INDIA" }, "geometry": { "type": "LineString", "coordinates": [ [ 74.674003621379001, 34.035583442869232 ], [ 74.677253665372916, 34.01699831690398 ], [ 74.680389364367059, 34.015583084906631 ], [ 74.693473834342598, 34.017501812903042 ], [ 74.703109810324577, 34.021026662896446 ], [ 74.703529390323794, 34.020999824896499 ], [ 74.712554896306912, 34.020195062898004 ], [ 74.720222437292577, 34.017639215902783 ], [ 74.733024541268648, 34.009418471918153 ], [ 74.747024527242459, 33.990222875954046 ], [ 74.760475090217312, 33.98497396796386 ], [ 74.768112202203042, 33.981998351969423 ], [ 74.771972716195819, 33.97877892597544 ], [ 74.776802044186795, 33.969776099992274 ], [ 74.77977747118122, 33.964279224002553 ], [ 74.795280385152239, 33.954055836021666 ], [ 74.805580129132977, 33.947277162034339 ] ] } },
{ "type": "Feature", "properties": { "MED_DESCRI": "Without Median", "RTT_DESCRI": "Primary Route", "F_CODE_DES": "Road", "ISO": "IND", "ISOCOUNTRY": "INDIA" }, "geometry": { "type": "LineString", "coordinates": [ [ 74.961135822842138, 33.97169501698869 ], [ 74.972419689821038, 33.964721673001726 ], [ 74.986221225795234, 33.960887997008896 ], [ 74.991111789786089, 33.958168098013978 ], [ 75.000000081769471, 33.944557263039428 ], [ 75.016113276739347, 33.931751190063373 ], [ 75.019973790732124, 33.914276061096047 ] ] } },
{ "type": "Feature", "properties": { "MED_DESCRI": "Without Median", "RTT_DESCRI": "Secondary Route", "F_CODE_DES": "Road", "ISO": "IND", "ISOCOUNTRY": "INDIA" }, "geometry": { "type": "LineString", "coordinates": [ [ 76.902725259211863, 33.920723040083992 ], [ 76.911193782196037, 33.931137129064517 ], [ 76.929557778161694, 33.942417216043431 ], [ 76.933364805154582, 33.948307023032413 ], [ 76.93291479615543, 33.956306448017457 ], [ 76.926612780167204, 33.965721104999858 ], [ 76.914527931189795, 33.978221942976482 ], [ 76.907806335202366, 33.985168448963492 ], [ 76.874664240264337, 34.019474027899349 ], [ 76.867836048277098, 34.026554156886114 ], [ 76.856552181298198, 34.040805890859467 ], [ 76.850669934309195, 34.056888656829393 ], [ 76.84317022532322, 34.062778463818383 ], [ 76.839195177330652, 34.073944016797505 ], [ 76.837585464333671, 34.07841500078915 ], [ 76.830108624347645, 34.083637259779387 ], [ 76.802169888399888, 34.090110698767283 ], [ 76.798080495407532, 34.093833998760317 ], [ 76.792388949418168, 34.106693180736272 ], [ 76.791419946419978, 34.113887843722821 ], [ 76.789497438423581, 34.127944907696538 ], [ 76.789802484423006, 34.130165090692387 ], [ 76.79166413441952, 34.14316564466808 ], [ 76.797164979409246, 34.15280540065006 ], [ 76.815109206375695, 34.167056945623408 ], [ 76.825691316355901, 34.170696329616604 ], [ 76.835281365337977, 34.17174905961464 ], [ 76.874420241264787, 34.162944872631101 ], [ 76.885139376244751, 34.163581802629906 ], [ 76.890274128235149, 34.166442884624558 ], [ 76.893081723229898, 34.167972650621699 ], [ 76.89316563922975, 34.168025948621597 ], [ 76.897110069222364, 34.176444953605859 ], [ 76.895530785225318, 34.180053719599108 ], [ 76.888862676237792, 34.185527726588873 ], [ 76.879417401255452, 34.187751689584715 ], [ 76.876274142261323, 34.188499373583319 ], [ 76.872970611267505, 34.193195267574538 ], [ 76.873054527267342, 34.195415450570387 ], [ 76.873222359267032, 34.198944080563791 ], [ 76.873336704266819, 34.201694408558645 ], [ 76.877197218259596, 34.207942937546967 ] ] } },
{ "type": "Feature", "properties": { "MED_DESCRI": "Without Median", "RTT_DESCRI": "Secondary Route", "F_CODE_DES": "Road", "ISO": "IND", "ISOCOUNTRY": "INDIA" }, "geometry": { "type": "LineString", "coordinates": [ [ 76.489334064984803, 34.087917353771381 ], [ 76.513442904939723, 34.081111841784107 ], [ 76.528526238911525, 34.073471138798389 ], [ 76.563278235846553, 34.041416171858323 ], [ 76.589996409796598, 34.023223787892341 ], [ 76.608108468762723, 34.012859405911719 ], [ 76.609413135760292, 34.012084883913168 ], [ 76.619667141741118, 34.007999459920804 ], [ 76.630302360721231, 34.003776632928705 ], [ 76.640030001703039, 33.997501454940434 ], [ 76.646499660690949, 33.990890423952798 ], [ 76.653304983678225, 33.968887421993934 ], [ 76.658607567668312, 33.958084182014133 ], [ 76.668723981649393, 33.950248809028786 ], [ 76.678558407631002, 33.947193057034497 ], [ 76.7168579345594, 33.944168112040153 ], [ 76.718917845555538, 33.94400028004047 ], [ 76.73041528253404, 33.940944717046179 ], [ 76.75191497749384, 33.935222553056882 ], [ 76.781059344439356, 33.920696202084038 ], [ 76.79753107240856, 33.912471678099422 ], [ 76.818336570369652, 33.904583007114169 ], [ 76.835914704336787, 33.90527720411287 ], [ 76.856750442297837, 33.90333182711651 ], [ 76.858581474294411, 33.903167775116813 ], [ 76.87394717426568, 33.909053802105809 ], [ 76.888389609238672, 33.92108157308332 ], [ 76.902725259211863, 33.920723040083992 ] ] } },
{ "type": "Feature", "properties": { "MED_DESCRI": "Without Median", "RTT_DESCRI": "Secondary Route", "F_CODE_DES": "Road", "ISO": "IND", "ISOCOUNTRY": "INDIA" }, "geometry": { "type": "LineString", "coordinates": [ [ 75.277191072251199, 33.86589054918651 ], [ 75.280998288244078, 33.893360187135151 ], [ 75.289497429228177, 33.919082709087057 ], [ 75.294586254218672, 33.931751190063373 ], [ 75.3042526592006, 33.947444994034029 ], [ 75.320335425170526, 33.973526048985264 ], [ 75.324668817162419, 33.984333068965057 ], [ 75.326835702158377, 33.989723159954977 ], [ 75.32866673415495, 34.02113722789624 ] ] } },
{ "type": "Feature", "properties": { "MED_DESCRI": "Without Median", "RTT_DESCRI": "Secondary Route", "F_CODE_DES": "Road", "ISO": "IND", "ISOCOUNTRY": "INDIA" }, "geometry": { "type": "LineString", "coordinates": [ [ 75.277191072251199, 33.86589054918651 ], [ 75.271835379261205, 33.868999410180699 ], [ 75.258247413286611, 33.880779213158675 ], [ 75.24886318530416, 33.88891604114346 ], [ 75.24052431631975, 33.907775973108201 ], [ 75.191474847411456, 33.936637785054238 ], [ 75.167335578456601, 33.938804670050182 ], [ 75.164192130462467, 33.938556702050647 ], [ 75.140502870506765, 33.936668403054178 ], [ 75.127891467530347, 33.932693544061607 ], [ 75.063613890650529, 33.912498516099369 ], [ 75.046386729682737, 33.910888614102376 ], [ 75.042030279690877, 33.911445597101334 ], [ 75.019973790732124, 33.914276061096047 ] ] } },
{ "type": "Feature", "properties": { "MED_DESCRI": "Without Median", "RTT_DESCRI": "Secondary Route", "F_CODE_DES": "Road", "ISO": "IND", "ISOCOUNTRY": "INDIA" }, "geometry": { "type": "LineString", "coordinates": [ [ 75.562309289718101, 34.0639992148161 ], [ 75.552635135736182, 34.033889813872399 ], [ 75.535613984768005, 34.014194501909223 ], [ 75.526947011784216, 33.993331925948233 ], [ 75.512916596810442, 33.970333082991232 ], [ 75.514030373808367, 33.958888944012628 ], [ 75.520080641797051, 33.948806739031482 ], [ 75.524696399788425, 33.941055282045973 ], [ 75.527557292783072, 33.932250906062436 ], [ 75.528030359782193, 33.928695627069082 ], [ 75.53199765877477, 33.897777495126896 ], [ 75.543807890752689, 33.864166302189737 ], [ 75.544975343750508, 33.854362494208068 ] ] } },
{ "type": "Feature", "properties": { "MED_DESCRI": "Without Median", "RTT_DESCRI": "Primary Route", "F_CODE_DES": "Road", "ISO": "IND", "ISOCOUNTRY": "INDIA" }, "geometry": { "type": "LineString", "coordinates": [ [ 75.07269288363355, 33.839248731236324 ], [ 75.07189171263505, 33.84144585623222 ], [ 75.069526755639473, 33.848026269219915 ], [ 75.052917435670523, 33.870334695178201 ], [ 75.038475000697531, 33.88150024815733 ], [ 75.037361223699619, 33.882362277155714 ], [ 75.031555143710463, 33.889861986141696 ], [ 75.021247839729739, 33.908584515106689 ], [ 75.019973790732124, 33.914276061096047 ] ] } },
{ "type": "Feature", "properties": { "MED_DESCRI": "Without Median", "RTT_DESCRI": "Primary Route", "F_CODE_DES": "Road", "ISO": "IND", "ISOCOUNTRY": "INDIA" }, "geometry": { "type": "LineString", "coordinates": [ [ 75.07269288363355, 33.839248731236324 ], [ 75.073082034632819, 33.835220385243858 ], [ 75.073364211632295, 33.83213798424962 ], [ 75.073692315631689, 33.828639972256163 ], [ 75.073722933631629, 33.82830430825679 ], [ 75.073944063631217, 33.825889644261302 ] ] } },
{ "type": "Feature", "properties": { "MED_DESCRI": "Without Median", "RTT_DESCRI": "Secondary Route", "F_CODE_DES": "Road", "ISO": "IND", "ISOCOUNTRY": "INDIA" }, "geometry": { "type": "MultiLineString", "coordinates": [ [ [ 74.085916514478569, 34.037630501865408 ], [ 74.086135943478155, 34.039585139861749 ], [ 74.073135389502468, 34.07002642480483 ], [ 74.072219873504167, 34.07125095580254 ], [ 74.066223092515386, 34.079250380787585 ], [ 74.053192109539751, 34.085498720775902 ] ], [ [ 74.087638871475349, 33.777362760352034 ], [ 74.081527745486767, 33.824111910264627 ], [ 74.081526989486775, 33.824117958264615 ] ] ] } },
{ "type": "Feature", "properties": { "MED_DESCRI": "Without Median", "RTT_DESCRI": "Secondary Route", "F_CODE_DES": "Road", "ISO": "IND", "ISOCOUNTRY": "INDIA" }, "geometry": { "type": "MultiLineString", "coordinates": [ [ [ 74.263350281146813, 33.951469371026505 ], [ 74.263359164146792, 33.951473151026498 ], [ 74.26716619113968, 33.953083053023484 ], [ 74.298416207081246, 33.971054117989887 ], [ 74.335670564011593, 33.992443058949895 ], [ 74.355361906974778, 34.016166716905538 ], [ 74.367614776951868, 34.03710942886638 ], [ 74.386253389917016, 34.0511092258402 ], [ 74.401611340888294, 34.051277246839888 ] ], [ [ 74.14366905537058, 33.773029368360142 ], [ 74.158996577341924, 33.791915949324824 ], [ 74.163864083332825, 33.802082070305822 ], [ 74.169555062322189, 33.839690613235497 ] ] ] } },
{ "type": "Feature", "properties": { "MED_DESCRI": "Without Median", "RTT_DESCRI": "Secondary Route", "F_CODE_DES": "Road", "ISO": "IND", "ISOCOUNTRY": "INDIA" }, "geometry": { "type": "LineString", "coordinates": [ [ 74.14366905537058, 33.773029368360142 ], [ 74.140724246376095, 33.774887049356664 ], [ 74.128219628399464, 33.776195496354219 ], [ 74.1019439034486, 33.774360684357653 ] ] } },
{ "type": "Feature", "properties": { "MED_DESCRI": "Without Median", "RTT_DESCRI": "Secondary Route", "F_CODE_DES": "Road", "ISO": "IND", "ISOCOUNTRY": "INDIA" }, "geometry": { "type": "LineString", "coordinates": [ [ 78.144721935889663, 34.000194515935398 ], [ 78.139831560898799, 33.998722016938153 ], [ 78.133026048911532, 33.996665885942001 ], [ 78.110054043954477, 33.992805560949215 ], [ 78.102775653968095, 33.989387495955604 ], [ 78.079940863010791, 33.969223085993306 ], [ 78.054389953058561, 33.941890662044415 ], [ 78.039497320086397, 33.929748546067117 ], [ 78.028777996106442, 33.926418366073342 ], [ 78.028114228107682, 33.926223696073706 ], [ 78.012336697137187, 33.926055864074023 ], [ 78.003639295153448, 33.925971948074178 ], [ 77.971664464213234, 33.914470731095683 ], [ 77.958610612237635, 33.905139990113128 ], [ 77.950302172253174, 33.893638584134635 ], [ 77.949279871255087, 33.889751421141902 ], [ 77.937942517276284, 33.846473634222818 ], [ 77.935249267281321, 33.83619316824204 ], [ 77.932609504286262, 33.826137612260844 ], [ 77.919082585311543, 33.809192628292521 ], [ 77.911087129326503, 33.790611282327269 ], [ 77.903305054341047, 33.780498459346177 ], [ 77.88169101438146, 33.77275078236066 ] ] } },
{ "type": "Feature", "properties": { "MED_DESCRI": "Without Median", "RTT_DESCRI": "Secondary Route", "F_CODE_DES": "Road", "ISO": "IND", "ISOCOUNTRY": "INDIA" }, "geometry": { "type": "LineString", "coordinates": [ [ 77.88169101438146, 33.77275078236066 ], [ 77.875305082393396, 33.778472946349964 ], [ 77.854225156432818, 33.797389956314589 ], [ 77.836608844465758, 33.81658177227871 ], [ 77.808082507519089, 33.858833289199708 ], [ 77.79027549455239, 33.871833843175402 ], [ 77.777664091575957, 33.881053830158159 ], [ 77.777084428577041, 33.881721567156916 ], [ 77.759696995609559, 33.901359612120196 ], [ 77.746917760633451, 33.923305536079162 ], [ 77.743278565640253, 33.929527227067531 ], [ 77.717834440687824, 33.968193035995235 ], [ 77.712303166698177, 33.978668171975649 ], [ 77.699111911722838, 34.003639229928957 ], [ 77.692497289735201, 34.01324836791099 ], [ 77.677276552763658, 34.035278396869799 ], [ 77.664947515786707, 34.057388372828463 ], [ 77.647277905819749, 34.069667891805501 ], [ 77.646308902821559, 34.070861804803272 ], [ 77.641998379829616, 34.076137550793405 ], [ 77.633750986845044, 34.081832876782755 ], [ 77.63141626984941, 34.08241650878167 ], [ 77.617553686875326, 34.085918489775118 ], [ 77.609336911890694, 34.090915649765776 ], [ 77.599693375908728, 34.102527620744063 ] ] } },
{ "type": "Feature", "properties": { "MED_DESCRI": "Without Median", "RTT_DESCRI": "Secondary Route", "F_CODE_DES": "Road", "ISO": "IND", "ISOCOUNTRY": "INDIA" }, "geometry": { "type": "LineString", "coordinates": [ [ 74.178497408305461, 33.758640231387041 ], [ 74.203025828259598, 33.770500170364869 ], [ 74.224388120219658, 33.78699873633402 ], [ 74.239524752191357, 33.792278262324146 ], [ 74.25641624915977, 33.798168258313133 ], [ 74.260276763152561, 33.8052481982999 ], [ 74.266113272141638, 33.816001920279795 ], [ 74.274475010126011, 33.821109834270239 ], [ 74.298446636081195, 33.823944078264944 ], [ 74.299163891079843, 33.824306580264263 ], [ 74.308746380061933, 33.828723888256008 ], [ 74.318306000044061, 33.838973925236843 ], [ 74.331192020019969, 33.867553749183401 ], [ 74.338447541006403, 33.872833275173534 ], [ 74.350196914984423, 33.877223934165322 ], [ 74.351196346982562, 33.881416332157485 ], [ 74.348587012987437, 33.888557508144132 ], [ 74.346862765990664, 33.893333349135204 ], [ 74.3505858769837, 33.897945327126578 ], [ 74.383331260922475, 33.915306111094118 ], [ 74.385582061918271, 33.916500024091889 ], [ 74.39167031890689, 33.919723419085862 ], [ 74.401168891889128, 33.927638928071062 ], [ 74.401748743888035, 33.928695627069082 ], [ 74.407837000876654, 33.939777453048364 ], [ 74.416137691861138, 33.967861151995855 ], [ 74.422607350849034, 33.972610532986977 ], [ 74.43433385582712, 33.977222510978351 ], [ 74.436386017823281, 33.982166372969111 ], [ 74.436500551823059, 33.993667589947606 ], [ 74.442642295811581, 33.999332486937014 ], [ 74.456558176785563, 34.007278424922156 ], [ 74.461807273775747, 34.013942753909696 ], [ 74.4639739697717, 34.016723699904496 ] ] } },
{ "type": "Feature", "properties": { "MED_DESCRI": "Without Median", "RTT_DESCRI": "Secondary Route", "F_CODE_DES": "Road", "ISO": "IND", "ISOCOUNTRY": "INDIA" }, "geometry": { "type": "LineString", "coordinates": [ [ 74.178497408305461, 33.758640231387041 ], [ 74.17755883430722, 33.758915037386529 ], [ 74.156196542347161, 33.765056592375046 ], [ 74.14366905537058, 33.773029368360142 ] ] } },
{ "type": "Feature", "properties": { "MED_DESCRI": "Unknown", "RTT_DESCRI": "Unknown", "F_CODE_DES": "Road", "ISO": "IND", "ISOCOUNTRY": "INDIA" }, "geometry": { "type": "LineString", "coordinates": [ [ 75.200111391395311, 33.746665947409433 ], [ 75.20275115439037, 33.753776505396139 ], [ 75.208969065378753, 33.77030568936523 ], [ 75.216331560364978, 33.774833751356766 ], [ 75.232307352335113, 33.777999879350844 ], [ 75.238807629322963, 33.782917092341656 ], [ 75.245391822310651, 33.794082645320778 ], [ 75.251586864299071, 33.813694041284108 ], [ 75.255111714292482, 33.824916861263127 ], [ 75.270553581263599, 33.850112829216016 ], [ 75.275917023253569, 33.858859938199657 ], [ 75.277191072251199, 33.86589054918651 ] ] } },
{ "type": "Feature", "properties": { "MED_DESCRI": "Unknown", "RTT_DESCRI": "Unknown", "F_CODE_DES": "Road", "ISO": "IND", "ISOCOUNTRY": "INDIA" }, "geometry": { "type": "LineString", "coordinates": [ [ 75.200111391395311, 33.746665947409433 ], [ 75.202362003391102, 33.746665947409433 ] ] } },
{ "type": "Feature", "properties": { "MED_DESCRI": "Without Median", "RTT_DESCRI": "Primary Route", "F_CODE_DES": "Road", "ISO": "IND", "ISOCOUNTRY": "INDIA" }, "geometry": { "type": "LineString", "coordinates": [ [ 75.119331279546344, 33.745971750410732 ], [ 75.120002796545094, 33.748306278406368 ], [ 75.110252286563323, 33.770748138364404 ], [ 75.094612158592568, 33.798389388312721 ], [ 75.086830083607126, 33.804695184300932 ], [ 75.086441121607848, 33.805000230300365 ], [ 75.080223021619474, 33.810028008290963 ], [ 75.07453147563011, 33.819583848273098 ], [ 75.074302596630545, 33.821918565268732 ], [ 75.074111895630892, 33.82350162926577 ], [ 75.073944063631217, 33.825889644261302 ] ] } },
{ "type": "Feature", "properties": { "MED_DESCRI": "Without Median", "RTT_DESCRI": "Secondary Route", "F_CODE_DES": "Road", "ISO": "IND", "ISOCOUNTRY": "INDIA" }, "geometry": { "type": "LineString", "coordinates": [ [ 74.174224874313452, 33.744251283413945 ], [ 74.175193877311642, 33.749389626404337 ], [ 74.176498355309207, 33.756221787391567 ], [ 74.178497408305461, 33.758640231387041 ] ] } },
{ "type": "Feature", "properties": { "MED_DESCRI": "Without Median", "RTT_DESCRI": "Secondary Route", "F_CODE_DES": "Road", "ISO": "IND", "ISOCOUNTRY": "INDIA" }, "geometry": { "type": "LineString", "coordinates": [ [ 74.056915220532787, 33.749389626404337 ], [ 74.064552332518517, 33.750110661402992 ], [ 74.09330754846475, 33.7579154163884 ], [ 74.118614270417424, 33.760639284383309 ], [ 74.13060764339501, 33.758861550386627 ], [ 74.161392152337442, 33.746582031409588 ], [ 74.166000350328829, 33.744750999413014 ], [ 74.174224874313452, 33.744251283413945 ] ] } },
{ "type": "Feature", "properties": { "MED_DESCRI": "Without Median", "RTT_DESCRI": "Secondary Route", "F_CODE_DES": "Road", "ISO": "IND", "ISOCOUNTRY": "INDIA" }, "geometry": { "type": "LineString", "coordinates": [ [ 75.119331279546344, 33.745971750410732 ], [ 75.126503073532945, 33.743999535414417 ], [ 75.149948145489105, 33.737525907426523 ], [ 75.158470155473168, 33.737525907426523 ], [ 75.172607355446743, 33.739417986422986 ], [ 75.192779514409025, 33.746692596409382 ], [ 75.200111391395311, 33.746665947409433 ] ] } },
{ "type": "Feature", "properties": { "MED_DESCRI": "Without Median", "RTT_DESCRI": "Secondary Route", "F_CODE_DES": "Road", "ISO": "IND", "ISOCOUNTRY": "INDIA" }, "geometry": { "type": "LineString", "coordinates": [ [ 75.544975343750508, 33.854362494208068 ], [ 75.536697332765982, 33.853973343208793 ], [ 75.503669771827731, 33.852470415211606 ], [ 75.478996199873876, 33.858806640199759 ], [ 75.469947824890795, 33.858360222200595 ], [ 75.458305424912552, 33.852027966212432 ], [ 75.43736271295171, 33.843944625227543 ], [ 75.42594144297307, 33.839553777235757 ], [ 75.410919156001157, 33.830749590252218 ], [ 75.396141057028785, 33.815277105281147 ], [ 75.355003317105698, 33.784442889338798 ], [ 75.352638171110129, 33.778946013349078 ], [ 75.341163603131577, 33.752109525399256 ], [ 75.338386626136767, 33.745666515411301 ], [ 75.330497766151524, 33.741527604419041 ], [ 75.329666166153075, 33.741084966419869 ], [ 75.263168406277416, 33.734138460432852 ], [ 75.254837097292992, 33.735305724430674 ], [ 75.237640365325149, 33.740833218420335 ], [ 75.221885703354602, 33.741832650418466 ], [ 75.204780636386587, 33.746665947409433 ], [ 75.202362003391102, 33.746665947409433 ] ] } },
{ "type": "Feature", "properties": { "MED_DESCRI": "Without Median", "RTT_DESCRI": "Secondary Route", "F_CODE_DES": "Road", "ISO": "IND", "ISOCOUNTRY": "INDIA" }, "geometry": { "type": "LineString", "coordinates": [ [ 74.056915220532787, 33.749389626404337 ], [ 74.032447847578538, 33.746471466409794 ], [ 74.013610784613761, 33.741832650418466 ], [ 73.999999949639204, 33.737972325425687 ], [ 73.989944393658007, 33.737026191427454 ], [ 73.974998462685946, 33.733196295434617 ] ] } },
{ "type": "Feature", "properties": { "MED_DESCRI": "Without Median", "RTT_DESCRI": "Secondary Route", "F_CODE_DES": "Road", "ISO": "IND", "ISOCOUNTRY": "INDIA" }, "geometry": { "type": "LineString", "coordinates": [ [ 73.966599869701653, 33.740373003421197 ], [ 73.966636724701587, 33.740333502421272 ], [ 73.974998462685946, 33.733196295434617 ] ] } },
{ "type": "Feature", "properties": { "MED_DESCRI": "Without Median", "RTT_DESCRI": "Primary Route", "F_CODE_DES": "Road", "ISO": "IND", "ISOCOUNTRY": "INDIA" }, "geometry": { "type": "LineString", "coordinates": [ [ 75.119331279546344, 33.745971750410732 ], [ 75.11783591154915, 33.740612088420754 ], [ 75.111663738560679, 33.733501341434049 ], [ 75.107330346568787, 33.728500401443398 ] ] } },
{ "type": "Feature", "properties": { "MED_DESCRI": "Without Median", "RTT_DESCRI": "Secondary Route", "F_CODE_DES": "Road", "ISO": "IND", "ISOCOUNTRY": "INDIA" }, "geometry": { "type": "LineString", "coordinates": [ [ 74.884223973985939, 34.04419333785313 ], [ 74.885971089982675, 34.037529008865597 ], [ 74.887252887980281, 34.032611795874786 ], [ 74.903221119950416, 34.004833142926728 ], [ 74.904274038948444, 34.002998330930154 ], [ 74.905029282947041, 33.996833717941684 ], [ 74.89933017695769, 33.978832223975338 ], [ 74.901496872953643, 33.972499778987185 ], [ 74.9291687409019, 33.943943013040574 ], [ 74.931747456897085, 33.935585055056201 ], [ 74.930969154898534, 33.932056425062804 ], [ 74.930748024898946, 33.930999726064776 ], [ 74.927329959905336, 33.915359409094016 ], [ 74.91805270592269, 33.893695851134524 ], [ 74.890335099974507, 33.845054622225469 ], [ 74.888221701978466, 33.839416563236014 ], [ 74.884002654986347, 33.828140256257093 ], [ 74.874778699003599, 33.819805167272683 ], [ 74.870636008011346, 33.817359885277256 ], [ 74.866638091018814, 33.814998708281671 ], [ 74.862220783027084, 33.804863016300622 ], [ 74.862388615026759, 33.795387312318333 ], [ 74.862442102026662, 33.792220995324257 ], [ 74.854553242041419, 33.780750207345704 ], [ 74.842666654063635, 33.768138804369286 ], [ 74.838500905071427, 33.758472399387358 ], [ 74.838302644071803, 33.756443106391153 ], [ 74.836830145074558, 33.74185948841842 ], [ 74.832168649083272, 33.727973847444382 ] ] } },
{ "type": "Feature", "properties": { "MED_DESCRI": "Without Median", "RTT_DESCRI": "Secondary Route", "F_CODE_DES": "Road", "ISO": "IND", "ISOCOUNTRY": "INDIA" }, "geometry": { "type": "LineString", "coordinates": [ [ 78.166114845849663, 34.03213891787567 ], [ 78.167251680847542, 34.031944247876034 ], [ 78.190109340804796, 34.027831985883722 ], [ 78.197502075790979, 34.028972600881595 ], [ 78.21817017075233, 34.042610084856094 ], [ 78.235580472719775, 34.061889596820045 ], [ 78.242385795707051, 34.063220912817556 ], [ 78.248863203694938, 34.060195967823212 ], [ 78.285247782626911, 34.032112079875724 ], [ 78.299697966599894, 34.020942746896608 ], [ 78.319389309563078, 34.010471390916187 ], [ 78.335220327533477, 34.006526960923559 ], [ 78.353469789499357, 34.004695928926985 ], [ 78.36444086147884, 33.99858480293841 ], [ 78.380165094449438, 33.983138966967289 ], [ 78.389724714431566, 33.977443640977938 ], [ 78.410308893393079, 33.970611479990716 ], [ 78.412170354389602, 33.970001198991852 ], [ 78.412864740388301, 33.969776099992274 ], [ 78.432502785351588, 33.95260998602437 ], [ 78.436859046343443, 33.945915228036888 ], [ 78.44022362433715, 33.940776885046496 ], [ 78.463386519293834, 33.905223906112973 ], [ 78.478721601265164, 33.892307268137124 ], [ 78.506469636213282, 33.873779220171762 ], [ 78.508857651208828, 33.872196156174724 ], [ 78.56813806809798, 33.836277084241885 ], [ 78.579917871075963, 33.813610125284264 ], [ 78.58736428206204, 33.805526784299374 ], [ 78.601524351035565, 33.800834670308149 ], [ 78.609359724020905, 33.796196043316826 ], [ 78.613609389012964, 33.79041680132763 ], [ 78.616302450007922, 33.786750768334485 ], [ 78.628387487985336, 33.762248997380297 ], [ 78.641334554961119, 33.746444628409847 ], [ 78.654746939936047, 33.730083465440437 ], [ 78.660583448925138, 33.712554849473214 ], [ 78.661277834923837, 33.699054768498449 ] ] } },
{ "type": "Feature", "properties": { "MED_DESCRI": "Without Median", "RTT_DESCRI": "Secondary Route", "F_CODE_DES": "Road", "ISO": "IND", "ISOCOUNTRY": "INDIA" }, "geometry": { "type": "LineString", "coordinates": [ [ 73.999999949639204, 33.663307119565289 ], [ 73.986396863664638, 33.662834430566178 ] ] } },
{ "type": "Feature", "properties": { "MED_DESCRI": "Without Median", "RTT_DESCRI": "Secondary Route", "F_CODE_DES": "Road", "ISO": "IND", "ISOCOUNTRY": "INDIA" }, "geometry": { "type": "LineString", "coordinates": [ [ 73.974998462685946, 33.733196295434617 ], [ 73.962890555708597, 33.725112954449727 ], [ 73.9613341407115, 33.72039041145856 ], [ 73.961525030711144, 33.713054565472277 ], [ 73.961525219711149, 33.713049273472286 ] ] } },
{ "type": "Feature", "properties": { "MED_DESCRI": "Without Median", "RTT_DESCRI": "Secondary Route", "F_CODE_DES": "Road", "ISO": "IND", "ISOCOUNTRY": "INDIA" }, "geometry": { "type": "LineString", "coordinates": [ [ 74.832168649083272, 33.727973847444382 ], [ 74.831306431084883, 33.725444838449107 ], [ 74.835998545076109, 33.718360929462357 ], [ 74.859107953032904, 33.704498346488272 ], [ 74.867362906017462, 33.694389303507172 ], [ 74.872558516007757, 33.68802642951907 ], [ 74.881942743990209, 33.682334883529712 ], [ 74.882942175988333, 33.681720822530863 ], [ 74.923362660912758, 33.667446219557554 ], [ 74.934165900892566, 33.666416169559476 ], [ 74.950553901861923, 33.667556784557348 ], [ 74.951248098860617, 33.666751833558848 ], [ 74.951530464860099, 33.666416169559476 ], [ 74.957305926849301, 33.659694762572045 ] ] } },
{ "type": "Feature", "properties": { "MED_DESCRI": "Without Median", "RTT_DESCRI": "Secondary Route", "F_CODE_DES": "Road", "ISO": "IND", "ISOCOUNTRY": "INDIA" }, "geometry": { "type": "LineString", "coordinates": [ [ 78.661277834923837, 33.699054768498449 ], [ 78.664192214918387, 33.699665049497312 ], [ 78.677024747894393, 33.702388728492217 ], [ 78.677108852894236, 33.702415377492166 ], [ 78.686500640876673, 33.70055391649565 ], [ 78.696502709857981, 33.696445434503332 ], [ 78.706085198840057, 33.681057054532104 ], [ 78.709237151834159, 33.679367016535267 ] ] } },
{ "type": "Feature", "properties": { "MED_DESCRI": "Without Median", "RTT_DESCRI": "Secondary Route", "F_CODE_DES": "Road", "ISO": "IND", "ISOCOUNTRY": "INDIA" }, "geometry": { "type": "LineString", "coordinates": [ [ 74.957305926849301, 33.659694762572045 ], [ 74.966056815832928, 33.662445090566905 ], [ 74.983802781799753, 33.663665841564622 ], [ 74.990943957786399, 33.660388959570746 ], [ 74.995475799777921, 33.655750332579423 ], [ 75.000000081769471, 33.651111516588095 ], [ 75.001998945765735, 33.649055574591941 ], [ 75.007919370754664, 33.647083359595626 ], [ 75.019775340732494, 33.649807038590531 ], [ 75.024391098723868, 33.653972598582747 ], [ 75.031639059710315, 33.666053856560154 ], [ 75.037498437699355, 33.675804177541927 ], [ 75.053581203669282, 33.687500064520059 ], [ 75.063056907651571, 33.699974064496736 ], [ 75.065780586646483, 33.702751230491543 ], [ 75.08086392061827, 33.71816625946272 ], [ 75.086891130607, 33.72191620845571 ], [ 75.095001309591837, 33.726970635446257 ], [ 75.107330346568787, 33.728500401443398 ] ] } },
{ "type": "Feature", "properties": { "MED_DESCRI": "Without Median", "RTT_DESCRI": "Secondary Route", "F_CODE_DES": "Road", "ISO": "IND", "ISOCOUNTRY": "INDIA" }, "geometry": { "type": "LineString", "coordinates": [ [ 74.416557271860356, 33.620388054645538 ], [ 74.42114260085178, 33.621749799642991 ], [ 74.423499997847372, 33.621639234643197 ], [ 74.438499415819322, 33.620971686644445 ], [ 74.451057520795842, 33.631362906625021 ], [ 74.474197357752587, 33.630474039626684 ], [ 74.478942958743716, 33.63280478762232 ], [ 74.493614272716272, 33.65047080658929 ], [ 74.502357412699936, 33.650970522588359 ], [ 74.51349631667911, 33.636249501615879 ], [ 74.522888104661547, 33.632667573622577 ], [ 74.530357384647573, 33.63172143962435 ], [ 74.539253236630941, 33.632362338623153 ], [ 74.548110910614383, 33.632999457621956 ], [ 74.564414995583903, 33.638111151612399 ], [ 74.58699803854168, 33.65047080658929 ], [ 74.602165288513319, 33.656192781578596 ], [ 74.644638124433897, 33.660720843570125 ], [ 74.662803670399938, 33.679721769534602 ], [ 74.669586124387251, 33.684581715525511 ], [ 74.680168234367471, 33.692222607511226 ], [ 74.687919691352974, 33.694946286506138 ], [ 74.745803776244742, 33.699222600498139 ], [ 74.771697910196337, 33.70505532948723 ], [ 74.807723956128967, 33.720470358458414 ], [ 74.810470504123842, 33.721637811456226 ], [ 74.815002535115369, 33.723583188452594 ], [ 74.818168663109446, 33.724945122450045 ], [ 74.832168649083272, 33.727973847444382 ] ] } },
{ "type": "Feature", "properties": { "MED_DESCRI": "Without Median", "RTT_DESCRI": "Secondary Route", "F_CODE_DES": "Road", "ISO": "IND", "ISOCOUNTRY": "INDIA" }, "geometry": { "type": "LineString", "coordinates": [ [ 74.805580129132977, 33.947277162034339 ], [ 74.797142035148752, 33.934249959058697 ], [ 74.78919212816362, 33.910110501103837 ], [ 74.766136207206728, 33.885833829149227 ], [ 74.759246779219609, 33.866138517186052 ], [ 74.75594324822579, 33.862720452192441 ], [ 74.745330898245626, 33.857749941201732 ], [ 74.729110729275959, 33.842750523229782 ], [ 74.701889059326859, 33.817554555276892 ], [ 74.685836722356868, 33.812278809286752 ], [ 74.670082060386335, 33.799861887309973 ], [ 74.64372260843561, 33.776279412354064 ], [ 74.623779328472907, 33.754527969394729 ], [ 74.622390745475499, 33.753028821397535 ], [ 74.612998957493062, 33.7427787844167 ], [ 74.603584300510661, 33.736946055427609 ], [ 74.589195163537568, 33.734943411431352 ], [ 74.582359222550352, 33.731334645438096 ], [ 74.561302165589723, 33.71352763247139 ], [ 74.543220535623533, 33.709945704478088 ], [ 74.535003571638896, 33.70969395647856 ], [ 74.523941023659575, 33.713390418471647 ], [ 74.513526934679049, 33.719665596459919 ], [ 74.500473082703451, 33.717971778463081 ], [ 74.496719353710475, 33.716667111465519 ], [ 74.483138947735867, 33.711887301474462 ], [ 74.448913504799862, 33.69422147150749 ], [ 74.44019323381616, 33.687026997520938 ], [ 74.423248249847845, 33.647861472594172 ], [ 74.416831888859846, 33.627029325633124 ], [ 74.416557271860356, 33.620388054645538 ] ] } },
{ "type": "Feature", "properties": { "MED_DESCRI": "Without Median", "RTT_DESCRI": "Secondary Route", "F_CODE_DES": "Road", "ISO": "IND", "ISOCOUNTRY": "INDIA" }, "geometry": { "type": "LineString", "coordinates": [ [ 76.379058802190983, 34.047611213846743 ], [ 76.38185883718576, 34.040695136859675 ], [ 76.384612945180606, 34.033859195872459 ], [ 76.385833696178324, 34.023109442892554 ], [ 76.383163504183315, 34.008304505920236 ], [ 76.382003800185487, 34.006248563924082 ], [ 76.373779276200864, 33.991611458951446 ], [ 76.36313630822076, 33.981029537971231 ], [ 76.336524919270516, 33.961971345006866 ], [ 76.328025778286403, 33.952415505024732 ], [ 76.324302667293367, 33.940387734047221 ], [ 76.323913516294098, 33.939166983049503 ], [ 76.327918993286602, 33.919582425086126 ], [ 76.334274307274725, 33.910221066103624 ], [ 76.346305858252222, 33.898582446125388 ], [ 76.358749429228965, 33.875694357168186 ], [ 76.36949918220887, 33.866748798184908 ], [ 76.403305045145657, 33.853748244209214 ], [ 76.412780749127933, 33.847667736220586 ], [ 76.423057624108722, 33.841056894232949 ], [ 76.433586058089034, 33.830860155252012 ], [ 76.436225821084108, 33.82830430825679 ], [ 76.467361492025887, 33.77844610835001 ], [ 76.487747220987771, 33.745777080411095 ], [ 76.49253081097882, 33.742221801417742 ], [ 76.508750979948502, 33.730140732440333 ], [ 76.536613548896398, 33.714553902469476 ], [ 76.576637322821568, 33.701305380494247 ], [ 76.618247940743771, 33.674499510544365 ], [ 76.659668046666326, 33.647804205594277 ], [ 76.687499997614282, 33.636306768615775 ], [ 76.713218739566202, 33.613723725657998 ] ] } },
{ "type": "Feature", "properties": { "MED_DESCRI": "Without Median", "RTT_DESCRI": "Secondary Route", "F_CODE_DES": "Road", "ISO": "IND", "ISOCOUNTRY": "INDIA" }, "geometry": { "type": "LineString", "coordinates": [ [ 74.174224874313452, 33.744251283413945 ], [ 74.192527823279235, 33.743194584415924 ], [ 74.201385497262663, 33.741527604419041 ], [ 74.214637799237892, 33.739029024423708 ], [ 74.222747789222723, 33.734470344432232 ], [ 74.241417020187825, 33.713111832472173 ], [ 74.257026719158631, 33.686443365522031 ], [ 74.261802749149709, 33.678276108537304 ], [ 74.261886665149547, 33.67113871255065 ], [ 74.255447435161585, 33.661250988569137 ], [ 74.254775918162835, 33.660221127571063 ], [ 74.254386956163572, 33.659637495572156 ], [ 74.255722052161076, 33.647777556594328 ], [ 74.268333455137494, 33.629470827628559 ], [ 74.275108349124821, 33.62413781463853 ], [ 74.301277100075893, 33.610805565663455 ], [ 74.317192034046144, 33.607887216668914 ], [ 74.367805477951507, 33.613029528659297 ], [ 74.369613640948131, 33.613029528659297 ], [ 74.392501918905324, 33.613140093659091 ], [ 74.400222757890901, 33.615470841654734 ], [ 74.416557271860356, 33.620388054645538 ] ] } },
{ "type": "Feature", "properties": { "MED_DESCRI": "Without Median", "RTT_DESCRI": "Secondary Route", "F_CODE_DES": "Road", "ISO": "IND", "ISOCOUNTRY": "INDIA" }, "geometry": { "type": "LineString", "coordinates": [ [ 78.661277834923837, 33.699054768498449 ], [ 78.655387838934843, 33.688136994518864 ], [ 78.656112653933491, 33.675529560542437 ], [ 78.664108298918549, 33.649807038590531 ], [ 78.664695710917442, 33.640640349607672 ], [ 78.663085997920462, 33.636890400614682 ], [ 78.655166708935269, 33.618446268649173 ], [ 78.654556238936408, 33.617027256651824 ], [ 78.657669068930588, 33.606555900671403 ], [ 78.65988925192643, 33.604137456675922 ], [ 78.664169345918424, 33.599471991684645 ] ] } },
{ "type": "Feature", "properties": { "MED_DESCRI": "Without Median", "RTT_DESCRI": "Secondary Route", "F_CODE_DES": "Road", "ISO": "IND", "ISOCOUNTRY": "INDIA" }, "geometry": { "type": "LineString", "coordinates": [ [ 78.144721935889663, 34.000194515935398 ], [ 78.147468483884523, 33.993167873948536 ], [ 78.16097253385928, 33.979557038973986 ], [ 78.170608509841259, 33.972473129987229 ], [ 78.20674890077369, 33.956500929017096 ], [ 78.23119359372798, 33.950973435027429 ], [ 78.240753213710107, 33.94594565703683 ], [ 78.250968852691003, 33.937526652052576 ], [ 78.255500883682529, 33.924304968077294 ], [ 78.258140646677603, 33.91661077809168 ], [ 78.26505275466468, 33.906139422111259 ], [ 78.265441905663948, 33.905555790112352 ], [ 78.275306760645506, 33.899166078124296 ], [ 78.279335106637973, 33.897693579127051 ], [ 78.29455565460951, 33.892112787137485 ], [ 78.300224331598912, 33.888137739144916 ], [ 78.304695126590559, 33.871971057175145 ], [ 78.308471724583498, 33.866806065184804 ], [ 78.319137561563551, 33.860889420195868 ], [ 78.341445987521837, 33.852306363211909 ], [ 78.353027340500191, 33.851470983213474 ], [ 78.360580536486069, 33.846832356222144 ], [ 78.377502462454416, 33.836498214241466 ], [ 78.396614142418684, 33.803054853303998 ], [ 78.420608448373827, 33.770862672364188 ], [ 78.432304335351958, 33.758998953386374 ], [ 78.448364232321936, 33.746639298409484 ], [ 78.459693837300748, 33.737915058425791 ], [ 78.489860505244337, 33.693279306509254 ], [ 78.516723642194108, 33.671001498550908 ], [ 78.523750284180977, 33.663192774565502 ], [ 78.535278339159419, 33.650360052589498 ], [ 78.539718705151117, 33.647888121594121 ], [ 78.561279258110801, 33.635860350616611 ], [ 78.591056775055137, 33.623054466640554 ], [ 78.603111195032596, 33.615081879655463 ], [ 78.617752080005218, 33.611778348661637 ], [ 78.641502386960809, 33.597331944688648 ], [ 78.642692519958587, 33.596611098689998 ], [ 78.644607467955012, 33.595443645692178 ], [ 78.650108312944724, 33.595359729692333 ], [ 78.658996604928106, 33.599693310684231 ], [ 78.664169345918424, 33.599471991684645 ] ] } },
{ "type": "Feature", "properties": { "MED_DESCRI": "Without Median", "RTT_DESCRI": "Secondary Route", "F_CODE_DES": "Road", "ISO": "IND", "ISOCOUNTRY": "INDIA" }, "geometry": { "type": "LineString", "coordinates": [ [ 78.082168606006618, 33.591026337700434 ], [ 78.083915722003354, 33.596584260690044 ], [ 78.077667193015031, 33.621612585643248 ], [ 78.069999652029367, 33.628276914630788 ], [ 78.047607499071233, 33.639331902610117 ], [ 78.016502446129394, 33.648998307592045 ], [ 78.01125334913921, 33.656387262578228 ], [ 78.010559152140516, 33.659500092572408 ], [ 78.007194574146794, 33.674640693544099 ], [ 78.001724158157032, 33.682193700529979 ], [ 77.994941704169705, 33.691471143512629 ], [ 77.980972336195833, 33.704139624488946 ], [ 77.964279100227046, 33.72933200144184 ], [ 77.959472641236033, 33.732833793435297 ], [ 77.946693406259925, 33.742137885417897 ], [ 77.933998087283655, 33.756195138391618 ], [ 77.926445080297782, 33.759887631384714 ], [ 77.897415247352058, 33.764915409375313 ], [ 77.890472332365036, 33.766139940373023 ], [ 77.88169101438146, 33.77275078236066 ] ] } },
{ "type": "Feature", "properties": { "MED_DESCRI": "Without Median", "RTT_DESCRI": "Primary Route", "F_CODE_DES": "Road", "ISO": "IND", "ISOCOUNTRY": "INDIA" }, "geometry": { "type": "LineString", "coordinates": [ [ 75.107330346568787, 33.728500401443398 ], [ 75.105751062571741, 33.726638751446878 ], [ 75.107498178568477, 33.711277020475599 ], [ 75.107780544567945, 33.708721173480377 ], [ 75.109252854565199, 33.695804535504529 ], [ 75.12110901354302, 33.663166125565553 ], [ 75.121864257541617, 33.661109994569401 ], [ 75.137413098512539, 33.63391497362025 ], [ 75.151496811486211, 33.615165795655301 ], [ 75.15450285648059, 33.611751510661684 ], [ 75.184280373424912, 33.577861731725051 ], [ 75.191024838412304, 33.567611694744215 ], [ 75.191413800411581, 33.567001413745359 ], [ 75.209167515378383, 33.553695624770235 ] ] } },
{ "type": "Feature", "properties": { "MED_DESCRI": "Without Median", "RTT_DESCRI": "Secondary Route", "F_CODE_DES": "Road", "ISO": "IND", "ISOCOUNTRY": "INDIA" }, "geometry": { "type": "LineString", "coordinates": [ [ 76.877197218259596, 34.207942937546967 ], [ 76.896057150224337, 34.209915152543275 ], [ 76.91011043419806, 34.205417708551686 ], [ 77.011970472007604, 34.156444595643251 ], [ 77.020721360991246, 34.152221768651145 ], [ 77.047943030940345, 34.143833192666833 ], [ 77.07191465689553, 34.133945468685319 ], [ 77.12063602180443, 34.105445780738606 ], [ 77.125167863795966, 34.102195736744683 ], [ 77.135833700776018, 34.094528195759018 ], [ 77.141639780765161, 34.092998429761884 ], [ 77.161834808727406, 34.087665605771853 ], [ 77.166168200719298, 34.084140755778442 ], [ 77.169639563712806, 34.075779017794076 ], [ 77.177055356698943, 34.070999207803013 ], [ 77.209663337637977, 34.060584929822483 ], [ 77.215164182627689, 34.058834033825761 ], [ 77.220413279617873, 34.053527858835679 ], [ 77.216941916624364, 34.035720845868973 ], [ 77.21152498763449, 34.023361190892082 ], [ 77.213974049629911, 34.018859777900502 ], [ 77.224502483610237, 34.014499736908654 ], [ 77.24802391156625, 34.004695928926985 ], [ 77.26386267853664, 33.991500893951653 ], [ 77.268890456527231, 33.988834292956639 ], [ 77.295829760476863, 33.974498831983446 ], [ 77.307357815455319, 33.964805589001571 ], [ 77.315444936440187, 33.953582769022553 ], [ 77.318336447434788, 33.949585041030026 ], [ 77.340141377394019, 33.936279252054902 ], [ 77.34644320438224, 33.932445576062072 ], [ 77.352607817370711, 33.931415526064001 ], [ 77.361419753354227, 33.929973645066696 ], [ 77.374557521329663, 33.925834734074435 ], [ 77.402114855278143, 33.903167775116813 ], [ 77.440696748206008, 33.884971611150839 ], [ 77.469108551152885, 33.874473606170469 ], [ 77.475418127141083, 33.872165727174782 ], [ 77.48933419711507, 33.862751070192381 ], [ 77.532722549033934, 33.8173332362773 ], [ 77.537971457024128, 33.811832391287588 ], [ 77.544998099010982, 33.808639614293554 ], [ 77.570114119964032, 33.806026500298444 ], [ 77.579414431946631, 33.801055989307734 ], [ 77.582191408941441, 33.798778539311996 ], [ 77.614501903881035, 33.772445736361227 ], [ 77.630554240851026, 33.759361266385696 ], [ 77.641220077831079, 33.751609809400186 ], [ 77.648445169817563, 33.746387550409956 ], [ 77.668197559780637, 33.735332562430621 ], [ 77.685890227747549, 33.720306306458717 ], [ 77.69255833673509, 33.713333151471758 ], [ 77.704635625712513, 33.700721748495333 ], [ 77.722419769679249, 33.690277041514868 ], [ 77.728416361668039, 33.684501579525666 ], [ 77.729446411666117, 33.681556770531166 ], [ 77.73538970565501, 33.664306551563421 ], [ 77.746887142633511, 33.641303928606433 ], [ 77.747474743632409, 33.640140444608605 ], [ 77.768081602593881, 33.620582535645177 ], [ 77.771720797587079, 33.615581595654525 ], [ 77.774780329581361, 33.611362548662413 ], [ 77.776557874578032, 33.608917266666985 ], [ 77.789665213553519, 33.603832221676491 ], [ 77.823417589490418, 33.596611098689998 ], [ 77.828582770480764, 33.591026337700434 ], [ 77.834220829470212, 33.575389800729674 ], [ 77.849197378442213, 33.552696192772103 ], [ 77.86508169441251, 33.546443883783795 ], [ 77.870361409402648, 33.544387752787642 ], [ 77.885276722374755, 33.540554076794805 ], [ 77.892112663361971, 33.538806960798077 ], [ 77.900001523347228, 33.536804127801815 ], [ 77.943336577266194, 33.528694137816984 ], [ 77.956665046241284, 33.523803762826127 ], [ 77.970611545215206, 33.524223342825344 ], [ 77.98838812918197, 33.530944749812775 ], [ 78.017997814126602, 33.556751187764526 ], [ 78.021919186119277, 33.560138634758189 ], [ 78.067306591034409, 33.581417010718404 ], [ 78.078140260014152, 33.584472573712688 ], [ 78.080780023009211, 33.586612620708692 ], [ 78.082168606006618, 33.591026337700434 ] ] } },
{ "type": "Feature", "properties": { "MED_DESCRI": "Without Median", "RTT_DESCRI": "Secondary Route", "F_CODE_DES": "Road", "ISO": "IND", "ISOCOUNTRY": "INDIA" }, "geometry": { "type": "LineString", "coordinates": [ [ 78.082168606006618, 33.591026337700434 ], [ 78.083999638003192, 33.590526621701372 ], [ 78.117141732941235, 33.581695596717886 ], [ 78.139114305900151, 33.573139188733883 ], [ 78.150390612879065, 33.565418160748315 ], [ 78.161361684858548, 33.551277180774761 ], [ 78.166000311849871, 33.538112574799371 ], [ 78.165473946850867, 33.524333907825138 ], [ 78.163307250854913, 33.514610235843314 ], [ 78.162445032856525, 33.510723072850581 ], [ 78.160140933860831, 33.506500245858476 ], [ 78.155830410868887, 33.498611385873232 ], [ 78.14275368989334, 33.481334706905535 ] ] } },
{ "type": "Feature", "properties": { "MED_DESCRI": "Without Median", "RTT_DESCRI": "Secondary Route", "F_CODE_DES": "Road", "ISO": "IND", "ISOCOUNTRY": "INDIA" }, "geometry": { "type": "LineString", "coordinates": [ [ 75.209167515378383, 33.553695624770235 ], [ 75.211608828373812, 33.557750619762658 ], [ 75.213111945371011, 33.56677631474578 ], [ 75.213859629369608, 33.571193622737518 ], [ 75.216888354363945, 33.574554420731239 ], [ 75.223251417352046, 33.573970788732325 ], [ 75.243415827314351, 33.5649452827492 ], [ 75.248916672304063, 33.564556131749931 ], [ 75.253364598295747, 33.567306459744785 ], [ 75.266693067270822, 33.583168095715131 ], [ 75.275863725253672, 33.588943557704333 ], [ 75.290084841227085, 33.589473702703337 ], [ 75.301666194205424, 33.585029556711653 ], [ 75.320198022170786, 33.575084754730241 ], [ 75.323112402165336, 33.573528339733151 ], [ 75.354225204107166, 33.568248813743025 ], [ 75.360496602095438, 33.5649452827492 ], [ 75.363357495090085, 33.563446134752006 ], [ 75.380142207058697, 33.525722490822538 ], [ 75.390502998039324, 33.511806420848558 ], [ 75.40953057300375, 33.491889978885794 ], [ 75.412803674997633, 33.487251351894471 ], [ 75.429725600965995, 33.463306374939243 ], [ 75.438446060949687, 33.456165387952595 ], [ 75.453163112922169, 33.449806293964485 ], [ 75.466079750898018, 33.434165976993725 ], [ 75.476196353879104, 33.426887587007336 ] ] } },
{ "type": "Feature", "properties": { "MED_DESCRI": "Without Median", "RTT_DESCRI": "Secondary Route", "F_CODE_DES": "Road", "ISO": "IND", "ISOCOUNTRY": "INDIA" }, "geometry": { "type": "LineString", "coordinates": [ [ 76.924613916170941, 33.38227848409074 ], [ 76.926139902168089, 33.388973242078222 ], [ 76.92530830216964, 33.396415684064308 ], [ 76.925025936170172, 33.399028798059426 ], [ 76.903442325210534, 33.433082628995749 ], [ 76.895721486224971, 33.45388793795685 ], [ 76.894416819227402, 33.462554910940646 ], [ 76.896942048222684, 33.470695518925424 ], [ 76.922027640175784, 33.494335260881222 ], [ 76.928413383163843, 33.500362470869952 ], [ 76.943725596135209, 33.506000529859413 ], [ 76.963363641098496, 33.506973312857596 ], [ 76.97105405108411, 33.511390620849333 ], [ 77.00788882801524, 33.553890294769872 ], [ 77.016113351999863, 33.573696171732841 ], [ 77.017333913997575, 33.579807297721416 ], [ 77.021057213990616, 33.598445910686564 ], [ 77.018722496994982, 33.616249143653278 ], [ 77.011192359009058, 33.633415257621181 ], [ 76.996749924036067, 33.647693640594483 ], [ 76.993530309042086, 33.650859768588568 ], [ 76.985389701057315, 33.664333389563375 ], [ 76.958251947108053, 33.6883316645185 ], [ 76.94383238113501, 33.701057412494706 ], [ 76.951614456120453, 33.709610040478715 ], [ 76.959724446105298, 33.726222951447653 ], [ 76.96241769610026, 33.742389633417424 ], [ 76.959220950106243, 33.755359569393178 ], [ 76.949943507123578, 33.77308266636004 ], [ 76.94969175912405, 33.773582382359102 ], [ 76.941917433138585, 33.794860758319324 ], [ 76.934280321152869, 33.799945803309811 ], [ 76.923942588172196, 33.806777964297041 ], [ 76.918975857181479, 33.816917436278082 ], [ 76.921196040177335, 33.821834649268887 ], [ 76.935836736149966, 33.829971288253674 ], [ 76.937278806147262, 33.831275955251236 ], [ 76.943420361135779, 33.836917794240684 ], [ 76.94496921613289, 33.84363939022812 ], [ 76.939697250142743, 33.854667729207499 ], [ 76.93800362114591, 33.856498761204072 ], [ 76.919502222180498, 33.876609873166473 ], [ 76.914802548189286, 33.892528587136709 ], [ 76.911666849195157, 33.903167775116813 ], [ 76.911193782196037, 33.904109940115056 ], [ 76.902725259211863, 33.920723040083992 ] ] } },
{ "type": "Feature", "properties": { "MED_DESCRI": "Without Median", "RTT_DESCRI": "Secondary Route", "F_CODE_DES": "Road", "ISO": "IND", "ISOCOUNTRY": "INDIA" }, "geometry": { "type": "LineString", "coordinates": [ [ 76.713218739566202, 33.613723725657998 ], [ 76.726997406540434, 33.602779302678464 ], [ 76.746696498503596, 33.580944132719289 ], [ 76.762168794474675, 33.563804667751334 ], [ 76.783500657434786, 33.545387184785774 ], [ 76.792358331418228, 33.540359406795169 ], [ 76.795944228411528, 33.538307244799007 ], [ 76.793662998415783, 33.525749139822487 ], [ 76.793441679416205, 33.52444466182493 ], [ 76.794975225413339, 33.516918114839001 ], [ 76.796218845411005, 33.515972169840772 ], [ 76.816719108372681, 33.500331852870012 ], [ 76.823692263359646, 33.493473042882833 ], [ 76.825447128356359, 33.49174879588606 ], [ 76.84022522732873, 33.486831582895256 ], [ 76.855308561300532, 33.48625191989634 ], [ 76.867584300277571, 33.477333009913018 ], [ 76.873191741267092, 33.469970703926776 ], [ 76.885002162245002, 33.430053715001414 ], [ 76.886108379242941, 33.428196034004884 ], [ 76.9016419112139, 33.401805964054233 ], [ 76.924613916170941, 33.38227848409074 ] ] } },
{ "type": "Feature", "properties": { "MED_DESCRI": "Without Median", "RTT_DESCRI": "Secondary Route", "F_CODE_DES": "Road", "ISO": "IND", "ISOCOUNTRY": "INDIA" }, "geometry": { "type": "LineString", "coordinates": [ [ 78.664169345918424, 33.599471991684645 ], [ 78.696609494857782, 33.588664971704851 ], [ 78.6998062408518, 33.587139174707708 ], [ 78.717193673819295, 33.578804085723291 ], [ 78.72341914480765, 33.573001785734135 ], [ 78.73007969379519, 33.562137687754451 ], [ 78.733276439789222, 33.560554434757414 ], [ 78.735359219785323, 33.559501704759377 ], [ 78.754836992748906, 33.560833020756888 ], [ 78.764251649731307, 33.56150056875564 ], [ 78.7642535397313, 33.561500757755645 ] ] } },
{ "type": "Feature", "properties": { "MED_DESCRI": "Without Median", "RTT_DESCRI": "Secondary Route", "F_CODE_DES": "Road", "ISO": "IND", "ISOCOUNTRY": "INDIA" }, "geometry": { "type": "LineString", "coordinates": [ [ 78.029525680105053, 33.353000683145481 ], [ 78.029113849105812, 33.356666527138628 ], [ 78.016975324128509, 33.379249570096405 ], [ 78.014999329132209, 33.393417388069913 ], [ 78.024887053113716, 33.45700076795103 ], [ 78.031974742100473, 33.464332644937322 ], [ 78.042442318080901, 33.468555471929427 ], [ 78.056442304054727, 33.474224148918829 ], [ 78.086830101997904, 33.499637655871311 ], [ 78.10033415197266, 33.504138879862893 ], [ 78.141639723895423, 33.511054956849961 ], [ 78.145278918888621, 33.509082741853653 ], [ 78.145584153888052, 33.501998832866896 ], [ 78.145584153888052, 33.501750864867361 ], [ 78.137969910902285, 33.486862200895196 ], [ 78.138275145901716, 33.484443756899722 ], [ 78.138389679901508, 33.483444135901586 ], [ 78.14275368989334, 33.481334706905535 ] ] } },
{ "type": "Feature", "properties": { "MED_DESCRI": "Without Median", "RTT_DESCRI": "Secondary Route", "F_CODE_DES": "Road", "ISO": "IND", "ISOCOUNTRY": "INDIA" }, "geometry": { "type": "LineString", "coordinates": [ [ 75.544975343750508, 33.854362494208068 ], [ 75.56253060871768, 33.8338622312464 ], [ 75.573860213696506, 33.80297093730416 ], [ 75.590080193666168, 33.779888178347313 ], [ 75.599220233649078, 33.767501874370474 ], [ 75.621170126608035, 33.747360144408134 ], [ 75.62866964659402, 33.740470905421013 ], [ 75.635887178580532, 33.731414781437948 ], [ 75.6447754705639, 33.714637818469313 ], [ 75.651557924551227, 33.708305373481153 ], [ 75.679473791499035, 33.70969395647856 ], [ 75.687751802483547, 33.705501558486397 ], [ 75.698585471463289, 33.693389871509048 ], [ 75.709808291442314, 33.680862384532468 ], [ 75.711723239438726, 33.677055357539587 ], [ 75.706359797448755, 33.671276115550391 ], [ 75.706253012448954, 33.670223196552357 ], [ 75.705863861449686, 33.665916453560413 ], [ 75.703720034453696, 33.642444543604299 ], [ 75.706108049449227, 33.628112862631099 ], [ 75.713943422434582, 33.610553817663927 ], [ 75.71808630242684, 33.606414717671669 ], [ 75.743858342378644, 33.594581616693787 ], [ 75.770530778328776, 33.58577724071025 ], [ 75.779808032311436, 33.578640033723595 ], [ 75.780586334309973, 33.573917301732429 ], [ 75.780746417309672, 33.572944707734244 ], [ 75.774665909321044, 33.518917167835262 ], [ 75.776168837318238, 33.50522222786087 ], [ 75.779220620312529, 33.496860489876504 ], [ 75.790252739291901, 33.487751067893534 ], [ 75.814109831247293, 33.479499894908962 ], [ 75.820220957235875, 33.474277446918727 ], [ 75.820358360235616, 33.468334152929842 ], [ 75.814003046247493, 33.453472137957625 ], [ 75.802223243269523, 33.425888155009204 ], [ 75.802024793269894, 33.416915947025977 ], [ 75.812385584250521, 33.39744573406238 ], [ 75.818725589238667, 33.364723219123562 ], [ 75.81877907623857, 33.364471471124034 ], [ 75.811080917252966, 33.349166818152653 ] ] } },
{ "type": "Feature", "properties": { "MED_DESCRI": "Without Median", "RTT_DESCRI": "Secondary Route", "F_CODE_DES": "Road", "ISO": "IND", "ISOCOUNTRY": "INDIA" }, "geometry": { "type": "LineString", "coordinates": [ [ 75.476196353879104, 33.426887587007336 ], [ 75.491249069850966, 33.419612977020932 ], [ 75.501304625832162, 33.416694628026391 ], [ 75.528251678781771, 33.414832978029871 ], [ 75.549804671741484, 33.415916515027845 ], [ 75.561058109720435, 33.419250475021613 ], [ 75.568580687706373, 33.424694053011436 ], [ 75.574836776694667, 33.436721823988947 ], [ 75.579528890685907, 33.43994521898292 ], [ 75.58724972967147, 33.439388235983962 ], [ 75.600196796647253, 33.430637347000321 ], [ 75.605857913636669, 33.431415648998865 ], [ 75.605972258636456, 33.431446077998814 ], [ 75.615913469617865, 33.432804042996274 ], [ 75.625358555600215, 33.422943157014707 ], [ 75.639892655573036, 33.411251050036569 ], [ 75.656471168542041, 33.404972092048311 ], [ 75.661834799532016, 33.404083225049973 ], [ 75.68111412249597, 33.400917097055896 ], [ 75.691055333477379, 33.392417956071782 ], [ 75.700141886460386, 33.384639661086325 ], [ 75.714614939433332, 33.372249577109493 ], [ 75.716774075429285, 33.371723212110474 ], [ 75.727806005408667, 33.36899953311557 ], [ 75.730194020404198, 33.368415901116663 ], [ 75.735305714394642, 33.361526473129544 ], [ 75.741668777382742, 33.352916767145643 ], [ 75.74919135536868, 33.350749882149692 ], [ 75.759780836348881, 33.355640446140548 ], [ 75.763168283342537, 33.358333507135512 ], [ 75.762695405343422, 33.368862130115829 ], [ 75.764968886339176, 33.37127679411131 ], [ 75.770942609328003, 33.372028258109907 ], [ 75.794281085284368, 33.355026196141694 ], [ 75.808608986257582, 33.348667102153584 ], [ 75.811080917252966, 33.349166818152653 ] ] } },
{ "type": "Feature", "properties": { "MED_DESCRI": "Without Median", "RTT_DESCRI": "Secondary Route", "F_CODE_DES": "Road", "ISO": "IND", "ISOCOUNTRY": "INDIA" }, "geometry": { "type": "LineString", "coordinates": [ [ 74.867553796017106, 33.333915652181169 ], [ 74.867225692017726, 33.340805080168288 ], [ 74.858665504033723, 33.348362056154158 ], [ 74.859054655033006, 33.353889550143819 ], [ 74.875251766002719, 33.366748732119781 ], [ 74.921974266915356, 33.384529096086531 ], [ 74.94188692887812, 33.395305687066383 ], [ 74.947639521867373, 33.402278842053349 ], [ 74.948501550865757, 33.408779119041192 ], [ 74.945419338871517, 33.414806329029922 ], [ 74.942337126877277, 33.420833539018652 ], [ 74.943580557874952, 33.425499004009929 ], [ 74.951026968861029, 33.43188852699798 ], [ 74.966079684832891, 33.438915168984849 ], [ 74.979331986808106, 33.44769289596843 ], [ 74.989417971789251, 33.458831799947603 ], [ 75.000000081769471, 33.47627631091499 ], [ 75.001525878766614, 33.478778859910314 ], [ 75.000000081769471, 33.483611967901275 ], [ 74.977691655811185, 33.514137357844199 ], [ 74.963447481837818, 33.53366842880768 ], [ 74.959335408845504, 33.547443315781926 ], [ 74.957946825848097, 33.575164701730095 ], [ 74.949913002863113, 33.586193040709475 ], [ 74.933303871894168, 33.598361994686719 ], [ 74.917968789922838, 33.622112301642318 ], [ 74.917274403924139, 33.624889467637125 ], [ 74.915916438926686, 33.630474039626684 ], [ 74.927833644904396, 33.635971104616402 ], [ 74.951057397860978, 33.65772254757573 ], [ 74.957305926849301, 33.659694762572045 ] ] } },
{ "type": "Feature", "properties": { "MED_DESCRI": "Without Median", "RTT_DESCRI": "Secondary Route", "F_CODE_DES": "Road", "ISO": "IND", "ISOCOUNTRY": "INDIA" }, "geometry": { "type": "LineString", "coordinates": [ [ 74.416557271860356, 33.620388054645538 ], [ 74.41886137085605, 33.616001175653743 ], [ 74.427413998840052, 33.599834493683971 ], [ 74.444526625808052, 33.579723381721571 ], [ 74.450996473795968, 33.568389807742761 ], [ 74.473808206753304, 33.558498303761255 ], [ 74.503196761698362, 33.522804330827995 ], [ 74.503387462698001, 33.52133183183075 ], [ 74.503890958697056, 33.517555233837811 ], [ 74.501808178700955, 33.515529720841599 ], [ 74.486946163728746, 33.501140583868498 ], [ 74.486892676728843, 33.495166860879671 ], [ 74.496139501711554, 33.460777365943969 ], [ 74.500053313704242, 33.453445488957676 ], [ 74.516914381672706, 33.445251393972995 ], [ 74.525001502657588, 33.443889648975542 ], [ 74.540496856628621, 33.448249878967395 ], [ 74.546447710617485, 33.446082993971444 ], [ 74.549720812611369, 33.437637339987234 ], [ 74.549941942610957, 33.437084136988268 ], [ 74.548194826614221, 33.428722399003902 ], [ 74.529220549649708, 33.410137084038652 ], [ 74.507141191690991, 33.392970970070749 ], [ 74.502471946699714, 33.383499235088458 ], [ 74.502471946699714, 33.377056036100505 ], [ 74.504997175694996, 33.370082881113547 ], [ 74.50978095468605, 33.365081752122897 ], [ 74.513725195678674, 33.363944917125018 ], [ 74.517669625671303, 33.364223503124499 ], [ 74.553360007604567, 33.366859486119573 ], [ 74.576835697560668, 33.368610382116294 ], [ 74.640335161441953, 33.368415901116663 ], [ 74.64255515543779, 33.371082313111678 ], [ 74.644805956433586, 33.380165086094692 ], [ 74.647972084427664, 33.381748150091731 ], [ 74.653053349418173, 33.379749286095468 ], [ 74.668052767390122, 33.367279066118783 ], [ 74.678024218371476, 33.365806567121538 ], [ 74.68575280635703, 33.365860054121441 ], [ 74.714942911302444, 33.366111802120969 ], [ 74.767669753203862, 33.357193081137645 ], [ 74.772331249195148, 33.356887846138214 ], [ 74.80891427812675, 33.354499831142682 ], [ 74.82197569010232, 33.351028468149174 ], [ 74.833610530080577, 33.347946256154934 ], [ 74.842475953063996, 33.3456115391593 ], [ 74.860496536030297, 33.336055699177166 ], [ 74.867553796017106, 33.333915652181169 ] ] } },
{ "type": "Feature", "properties": { "MED_DESCRI": "Without Median", "RTT_DESCRI": "Secondary Route", "F_CODE_DES": "Road", "ISO": "IND", "ISOCOUNTRY": "INDIA" }, "geometry": { "type": "LineString", "coordinates": [ [ 78.873748799526567, 33.318832318209367 ], [ 78.865585322541833, 33.332138107184491 ], [ 78.858611978554876, 33.343528759163192 ], [ 78.845275949579815, 33.359279641133746 ], [ 78.836051993597053, 33.366416848120402 ], [ 78.797302268669512, 33.426612781007847 ], [ 78.796638500670753, 33.427665700005882 ], [ 78.78128054969946, 33.445446063972632 ], [ 78.774276776712554, 33.458362512948483 ], [ 78.769638149721231, 33.466972407932388 ], [ 78.760170005738928, 33.480278007907508 ], [ 78.749557466758773, 33.495166860879671 ], [ 78.736419698783337, 33.520084431833084 ], [ 78.724975559804733, 33.529804323814908 ], [ 78.72033693281341, 33.533748564807532 ], [ 78.704025287843905, 33.547554069781718 ], [ 78.674163854899746, 33.588359925705426 ], [ 78.664169345918424, 33.599471991684645 ] ] } },
{ "type": "Feature", "properties": { "MED_DESCRI": "Without Median", "RTT_DESCRI": "Secondary Route", "F_CODE_DES": "Road", "ISO": "IND", "ISOCOUNTRY": "INDIA" }, "geometry": { "type": "LineString", "coordinates": [ [ 76.713218739566202, 33.613723725657998 ], [ 76.709503188573137, 33.605110239674104 ], [ 76.707664407576587, 33.600860574682052 ], [ 76.713333084565988, 33.592414920697841 ], [ 76.716667233559747, 33.587444220707134 ], [ 76.647918672688292, 33.522220698829088 ], [ 76.638221649706423, 33.516361320840041 ], [ 76.623054588734774, 33.507221280857131 ], [ 76.611694365756023, 33.495723654878631 ], [ 76.597084098783341, 33.46986013892699 ], [ 76.58116916481309, 33.456806097951393 ], [ 76.554306027863319, 33.444221532974922 ], [ 76.542030288886281, 33.434528289993047 ], [ 76.541778540886739, 33.434444373993202 ], [ 76.53294373590326, 33.431331543999022 ], [ 76.530807468907255, 33.430583860000425 ], [ 76.521942045923836, 33.427471219006243 ], [ 76.486442553990216, 33.408306052042079 ], [ 76.479972895002305, 33.406665721045144 ], [ 76.456748953045732, 33.415306045028991 ], [ 76.428276103098966, 33.420276556019694 ], [ 76.412666404128146, 33.424888534011075 ], [ 76.401222265149542, 33.424167688012417 ], [ 76.395553588160155, 33.420860377018606 ], [ 76.382469118184616, 33.413249914032832 ], [ 76.372970545202378, 33.412387885034441 ], [ 76.341613744260997, 33.415138213029302 ], [ 76.332221956278559, 33.414722413030077 ], [ 76.32961281128344, 33.414611848030283 ], [ 76.318725655303794, 33.409557421039736 ], [ 76.297889728342753, 33.392806918071059 ], [ 76.272720409389819, 33.380222353094588 ], [ 76.264442398405293, 33.374553676105187 ], [ 76.256225623420661, 33.368915617115725 ], [ 76.246055533439673, 33.36524958412258 ], [ 76.231163089467515, 33.36297232312684 ], [ 76.222442629483822, 33.358470910135253 ], [ 76.206024199514516, 33.345779371158983 ], [ 76.195442278534301, 33.33200070418475 ], [ 76.175193763572167, 33.286083154270599 ], [ 76.174552864573357, 33.283695139275068 ], [ 76.172775319576687, 33.277027219287532 ], [ 76.174362163573718, 33.273666421293818 ], [ 76.178695744565616, 33.272335105296307 ], [ 76.185501067552892, 33.270248356300208 ], [ 76.191444361541784, 33.262973746313811 ] ] } },
{ "type": "Feature", "properties": { "MED_DESCRI": "Without Median", "RTT_DESCRI": "Secondary Route", "F_CODE_DES": "Road", "ISO": "IND", "ISOCOUNTRY": "INDIA" }, "geometry": { "type": "LineString", "coordinates": [ [ 75.811080917252966, 33.349166818152653 ], [ 75.821082986234259, 33.347137525156448 ], [ 75.829971278217641, 33.353053981145386 ], [ 75.838027970202575, 33.351165682148917 ], [ 75.846359279186998, 33.353168515145171 ], [ 75.854858420171112, 33.35288992914569 ], [ 75.878692643126541, 33.344165878162002 ], [ 75.889610228106136, 33.336418201176485 ], [ 75.908164925071432, 33.34097291216797 ], [ 75.921836807045878, 33.340694515168494 ], [ 75.950302096992658, 33.333583768181789 ], [ 75.960472186973632, 33.331054759186515 ], [ 75.980613727935975, 33.320056849207077 ], [ 75.990280132917903, 33.314777323216951 ], [ 76.002166720895673, 33.312583978221049 ], [ 76.014335674872925, 33.314529355217417 ], [ 76.039443946825983, 33.323249815201109 ], [ 76.044136060817209, 33.322555618202408 ], [ 76.054031344798702, 33.313136992220016 ], [ 76.083747814743148, 33.30202870624079 ], [ 76.087387009736332, 33.300693421243281 ], [ 76.103996329705282, 33.28858192326593 ], [ 76.120163011675061, 33.271415620298029 ], [ 76.13502502664727, 33.261081667317349 ], [ 76.151916523615682, 33.257720869323634 ], [ 76.175529427571533, 33.259723702319889 ], [ 76.178413378566148, 33.260307334318796 ], [ 76.191444361541784, 33.262973746313811 ] ] } },
{ "type": "Feature", "properties": { "MED_DESCRI": "Without Median", "RTT_DESCRI": "Secondary Route", "F_CODE_DES": "Road", "ISO": "IND", "ISOCOUNTRY": "INDIA" }, "geometry": { "type": "LineString", "coordinates": [ [ 74.049696176546291, 33.264014380311863 ], [ 74.049613961546441, 33.263416384312983 ], [ 74.042640617559485, 33.243667585349904 ] ] } },
{ "type": "Feature", "properties": { "MED_DESCRI": "Without Median", "RTT_DESCRI": "Secondary Route", "F_CODE_DES": "Road", "ISO": "IND", "ISOCOUNTRY": "INDIA" }, "geometry": { "type": "LineString", "coordinates": [ [ 78.903053249471782, 33.201084184429526 ], [ 78.899475101478473, 33.20802691041655 ], [ 78.897720425481751, 33.211418137410206 ], [ 78.890418977495401, 33.220554397393123 ], [ 78.888916049498206, 33.222442696389592 ], [ 78.888694730498628, 33.247196215343308 ], [ 78.882225071510717, 33.261749215316101 ], [ 78.881164592512704, 33.269748640301145 ], [ 78.881248508512556, 33.270084304300518 ], [ 78.88519293850517, 33.288639001265821 ], [ 78.874725362524742, 33.309276667227238 ], [ 78.873748799526567, 33.318832318209367 ] ] } },
{ "type": "Feature", "properties": { "MED_DESCRI": "Without Median", "RTT_DESCRI": "Secondary Route", "F_CODE_DES": "Road", "ISO": "IND", "ISOCOUNTRY": "INDIA" }, "geometry": { "type": "LineString", "coordinates": [ [ 78.14275368989334, 33.481334706905535 ], [ 78.167640642846806, 33.470275938926207 ], [ 78.182441799819131, 33.456001335952898 ], [ 78.205444422776125, 33.438804603985055 ], [ 78.223304733742737, 33.425472166009982 ], [ 78.259277292675478, 33.402973228052048 ], [ 78.277358922641668, 33.391639654073238 ], [ 78.285003594627369, 33.384971545085705 ], [ 78.296775837605367, 33.370609246112558 ], [ 78.312110919576682, 33.362525905127676 ], [ 78.342224100520383, 33.361026757130475 ], [ 78.356941152492865, 33.361667656129278 ], [ 78.357223518492333, 33.361583740129433 ], [ 78.371582037465487, 33.357223510137587 ], [ 78.383468625443271, 33.346668238157321 ], [ 78.387390186435937, 33.343193095163819 ], [ 78.395301726421138, 33.329193109189994 ], [ 78.403999317404882, 33.323001847201574 ], [ 78.408554028396367, 33.310276099225369 ], [ 78.407913129397556, 33.298332244247696 ], [ 78.416053737382342, 33.291889234259749 ], [ 78.431358390353722, 33.284027023274447 ], [ 78.461944638296544, 33.276084865289299 ], [ 78.47152712727862, 33.27605443628935 ], [ 78.478584198265423, 33.27605443628935 ], [ 78.485031177253376, 33.274528450292209 ], [ 78.5206909411867, 33.266109445307947 ], [ 78.533889756162026, 33.255443608327887 ], [ 78.551750256128628, 33.251750926334793 ], [ 78.56816868609792, 33.242053903352925 ], [ 78.579696741076376, 33.217582750398677 ], [ 78.581085135073778, 33.215778367402052 ], [ 78.583663851068948, 33.212417569408338 ], [ 78.600524919037426, 33.208389223415871 ], [ 78.614196801011872, 33.205139179421948 ], [ 78.627281270987396, 33.20647049541946 ], [ 78.63755795696818, 33.20752719441748 ], [ 78.650474594944029, 33.204166396423766 ], [ 78.652358924940515, 33.202640599426616 ], [ 78.659751848926689, 33.196582771437946 ] ] } },
{ "type": "Feature", "properties": { "MED_DESCRI": "Without Median", "RTT_DESCRI": "Secondary Route", "F_CODE_DES": "Road", "ISO": "IND", "ISOCOUNTRY": "INDIA" }, "geometry": { "type": "LineString", "coordinates": [ [ 74.011410635617878, 33.24063791535557 ], [ 74.011413659617872, 33.240638671355569 ], [ 74.020835876600245, 33.242973388351203 ], [ 74.039558405565245, 33.244609750348147 ], [ 74.042640617559485, 33.243667585349904 ] ] } },
{ "type": "Feature", "properties": { "MED_DESCRI": "Without Median", "RTT_DESCRI": "Primary Route", "F_CODE_DES": "Road", "ISO": "IND", "ISOCOUNTRY": "INDIA" }, "geometry": { "type": "LineString", "coordinates": [ [ 75.209167515378383, 33.553695624770235 ], [ 75.210220245376405, 33.550777464775692 ], [ 75.207748503381026, 33.543415158789458 ], [ 75.207557613381383, 33.542835306790543 ], [ 75.202110255391574, 33.542304972791534 ], [ 75.195640596403678, 33.54447166878748 ], [ 75.194664033405502, 33.535472811804311 ], [ 75.207420399381647, 33.533637999807738 ], [ 75.213722226369867, 33.530277201814023 ], [ 75.214164675369034, 33.524333907825138 ], [ 75.205886853384513, 33.521362260830692 ], [ 75.200752290394121, 33.513526887845345 ], [ 75.185752872422157, 33.512721936846845 ], [ 75.184135410425185, 33.508499109854739 ], [ 75.199752858395982, 33.505195578860921 ], [ 75.204307569387467, 33.502918317865173 ], [ 75.198608463398116, 33.49869530187307 ], [ 75.183471642426426, 33.495834408878423 ], [ 75.182250891428708, 33.494834976880291 ], [ 75.180137682432658, 33.493110729883512 ], [ 75.187889139418161, 33.488471913892191 ], [ 75.193359366407932, 33.481193523905795 ], [ 75.19689177640133, 33.462055194941577 ], [ 75.202804641390273, 33.42977909800193 ], [ 75.207221949382017, 33.422222122016059 ], [ 75.208808982379054, 33.415637929028371 ], [ 75.202972473389963, 33.395584084065867 ], [ 75.203414922389129, 33.376415326101707 ], [ 75.203475969389018, 33.37469485910492 ], [ 75.198776295397806, 33.369888400113908 ], [ 75.196357662402335, 33.367416469118531 ], [ 75.187942437418059, 33.363082888126634 ], [ 75.18286136142757, 33.358196293135769 ], [ 75.182472210428287, 33.352443700146523 ], [ 75.195526062403886, 33.339942862169899 ], [ 75.200195307395148, 33.335472067178259 ], [ 75.202163742391477, 33.331001272186619 ], [ 75.201919554391935, 33.32997122218854 ], [ 75.199691811396093, 33.320526136206205 ], [ 75.187332156419203, 33.306999217231493 ], [ 75.184333860424815, 33.299945737244684 ], [ 75.178749099435251, 33.294361165255125 ], [ 75.175552353441233, 33.286140421270495 ], [ 75.17633065543977, 33.272415241296159 ], [ 75.177276600438006, 33.270443026299844 ], [ 75.179252595434306, 33.266361193307475 ], [ 75.227058444344934, 33.245056168347311 ], [ 75.229919526339572, 33.240695938355465 ], [ 75.239112864322394, 33.226638874381749 ], [ 75.242553798315953, 33.223804441387045 ], [ 75.255142143292417, 33.213470488406365 ], [ 75.290641824226043, 33.192779524445058 ], [ 75.300086910208378, 33.187248250455397 ] ] } },
{ "type": "Feature", "properties": { "MED_DESCRI": "Without Median", "RTT_DESCRI": "Secondary Route", "F_CODE_DES": "Road", "ISO": "IND", "ISOCOUNTRY": "INDIA" }, "geometry": { "type": "LineString", "coordinates": [ [ 74.844612031060009, 33.18219382346485 ], [ 74.834892328078183, 33.183223684462924 ], [ 74.826469354093931, 33.185943583457835 ], [ 74.821662895102918, 33.197860789435552 ], [ 74.824890070096885, 33.218723365396549 ], [ 74.834915197078132, 33.229862269375722 ], [ 74.840751706067223, 33.252223993333907 ], [ 74.844139153060894, 33.257720869323634 ], [ 74.861442481028533, 33.269943310300782 ], [ 74.861251780028894, 33.272304487296367 ], [ 74.861053519029255, 33.274749769291795 ], [ 74.854499755041516, 33.281501794279166 ], [ 74.853996259042461, 33.282417310277452 ], [ 74.849052397051707, 33.291305602260834 ], [ 74.850051829049832, 33.302833468239285 ], [ 74.855331355039965, 33.315303877215968 ], [ 74.864364610023074, 33.325248679197372 ], [ 74.867553796017106, 33.333915652181169 ] ] } },
{ "type": "Feature", "properties": { "MED_DESCRI": "Without Median", "RTT_DESCRI": "Secondary Route", "F_CODE_DES": "Road", "ISO": "IND", "ISOCOUNTRY": "INDIA" }, "geometry": { "type": "LineString", "coordinates": [ [ 74.844612031060009, 33.18219382346485 ], [ 74.845336846058643, 33.192306457445937 ], [ 74.849555893050763, 33.194168107442458 ], [ 74.878913829995867, 33.195835087439342 ], [ 74.886779820981161, 33.19994356943166 ], [ 74.894775465966205, 33.212333653408493 ], [ 74.900611785955292, 33.214721668404032 ], [ 74.923194828913068, 33.215778367402052 ], [ 74.935524054890024, 33.204971347422259 ], [ 74.943473772875151, 33.204498280423145 ], [ 74.957252439849398, 33.189250894451654 ], [ 74.95964045484493, 33.186584482456638 ], [ 74.972946243820047, 33.177444442473728 ], [ 74.980003314806851, 33.177612274473411 ], [ 74.995307967778245, 33.194751739441365 ], [ 75.000000081769471, 33.197250319436698 ], [ 75.001586925766503, 33.198112537435087 ], [ 75.007362387755705, 33.197723386435811 ], [ 75.013664214743926, 33.193721689443294 ], [ 75.016334595738925, 33.187667830454615 ], [ 75.010887237749117, 33.170360533486971 ], [ 75.010719216749422, 33.16208271150245 ], [ 75.046890225681793, 33.161140357504209 ], [ 75.061302231654849, 33.160751395504938 ], [ 75.065170305647612, 33.158832478508529 ], [ 75.089141931602796, 33.146888812530861 ], [ 75.103057812576779, 33.143276266537612 ], [ 75.115806618552938, 33.144195562535891 ], [ 75.13739022951259, 33.150890320523374 ], [ 75.145614564497208, 33.15041725352426 ], [ 75.155387943478928, 33.147277774530131 ], [ 75.160636851469121, 33.139278349545087 ], [ 75.162635715465385, 33.120555820580094 ], [ 75.162940950464815, 33.119945539581238 ], [ 75.166496229458161, 33.112720447594747 ], [ 75.192802383408974, 33.111389131597235 ], [ 75.205085682386013, 33.10747153960456 ], [ 75.214500339368414, 33.102222442614369 ], [ 75.232833906334136, 33.086917789642989 ], [ 75.235557585329033, 33.079692886656495 ], [ 75.23355872133277, 33.059612203694044 ], [ 75.237831066324787, 33.05363848070521 ], [ 75.254806479293052, 33.041694625727544 ], [ 75.257164065288634, 33.037555714735284 ], [ 75.258888312285421, 33.034557418740889 ], [ 75.259223976284787, 33.028194355752788 ] ] } },
{ "type": "Feature", "properties": { "MED_DESCRI": "Without Median", "RTT_DESCRI": "Secondary Route", "F_CODE_DES": "Road", "ISO": "IND", "ISOCOUNTRY": "INDIA" }, "geometry": { "type": "LineString", "coordinates": [ [ 74.251503005168956, 33.173694682480736 ], [ 74.254501301163359, 33.196998571437163 ], [ 74.25738525215796, 33.201305314429113 ], [ 74.265640205142532, 33.203887999424282 ], [ 74.271614117131364, 33.213664969406004 ], [ 74.27285773712903, 33.221332510391669 ], [ 74.256637568159363, 33.231582547372504 ], [ 74.253364655165484, 33.240806503355259 ], [ 74.253860402164548, 33.247749418342273 ], [ 74.259475781154052, 33.255443608327887 ], [ 74.269691420134947, 33.261276337316986 ], [ 74.273002700128757, 33.263168416313448 ], [ 74.285415653105559, 33.268081660304262 ], [ 74.288001929100716, 33.270942742298907 ], [ 74.293136681091113, 33.276584581288361 ], [ 74.303024216072629, 33.304084837236942 ], [ 74.309776241060007, 33.308166481229314 ], [ 74.312110958055641, 33.319110904208848 ], [ 74.317749017045102, 33.32338721820085 ], [ 74.318748449043227, 33.346195171158207 ], [ 74.316886988046704, 33.367362982118628 ], [ 74.316192602048005, 33.375446323103517 ], [ 74.313529970052983, 33.381027304093081 ], [ 74.308280873062799, 33.382946032089492 ], [ 74.307586676064105, 33.383194000089027 ], [ 74.305114745068721, 33.383556313088349 ], [ 74.280670241114422, 33.387279424081392 ], [ 74.266357460141194, 33.391223854074013 ], [ 74.259056012154844, 33.396305119064515 ], [ 74.253891020164502, 33.405387892047536 ], [ 74.253082289166002, 33.41752622802484 ], [ 74.258056580156705, 33.475749945915972 ], [ 74.258857751155205, 33.479694375908601 ], [ 74.26264190914813, 33.498554307873334 ], [ 74.262390161148602, 33.499694733871202 ], [ 74.260391297152339, 33.508529727854686 ], [ 74.24500272818112, 33.524360745825085 ], [ 74.231475809206401, 33.546749118783225 ], [ 74.224555952219347, 33.553665195770293 ], [ 74.204139794257514, 33.567111978745153 ], [ 74.198501546268062, 33.568832445741933 ], [ 74.187309344288991, 33.568138059743234 ], [ 74.183609102295904, 33.572750037734608 ], [ 74.183441081296223, 33.573249753733677 ], [ 74.178581324305313, 33.58922195470381 ], [ 74.173751807314332, 33.590972850700538 ], [ 74.16958624732213, 33.582443280716483 ], [ 74.157142676345387, 33.598445910686564 ], [ 74.144920424368237, 33.606193587672081 ], [ 74.139892646377646, 33.613693296658056 ], [ 74.13161463539312, 33.626056731634939 ], [ 74.114028941426, 33.632057103623723 ], [ 74.105247434442418, 33.638195067612244 ], [ 74.086524905477432, 33.64052959560788 ], [ 74.078308130492786, 33.641555865605959 ], [ 74.06838997751133, 33.64461142860025 ], [ 74.064224228519123, 33.648250623593441 ], [ 74.064475976518651, 33.65447231458181 ], [ 74.072303789504019, 33.674278191544779 ], [ 74.07164002150526, 33.678276108537304 ], [ 74.06658181451472, 33.709777872478405 ], [ 74.061225932524735, 33.717250743464433 ], [ 74.06594091551591, 33.729057384442356 ], [ 74.064887996517882, 33.737499258426574 ], [ 74.057502821531685, 33.748554246405902 ], [ 74.056915220532787, 33.749389626404337 ] ] } },
{ "type": "Feature", "properties": { "MED_DESCRI": "Without Median", "RTT_DESCRI": "Secondary Route", "F_CODE_DES": "Road", "ISO": "IND", "ISOCOUNTRY": "INDIA" }, "geometry": { "type": "LineString", "coordinates": [ [ 78.659751848926689, 33.196582771437946 ], [ 78.660469103925351, 33.198890650433626 ], [ 78.666641276913808, 33.201557251428646 ], [ 78.676666214895064, 33.197639470435966 ], [ 78.685691909878187, 33.194110840442569 ], [ 78.688194269873506, 33.193138057444386 ], [ 78.699996941851438, 33.190555561449216 ], [ 78.703697183844525, 33.189750610450716 ], [ 78.724136399806312, 33.185276035459083 ], [ 78.754669160749216, 33.168998788489517 ], [ 78.788223275686477, 33.159000310508212 ], [ 78.795524534672836, 33.157749130510553 ], [ 78.798919730666483, 33.157165498511645 ], [ 78.805969241653301, 33.157806397510448 ], [ 78.823997573619593, 33.172637983482716 ], [ 78.831001346606499, 33.175335013477671 ], [ 78.851692121567808, 33.17599878147643 ], [ 78.868385357536596, 33.181888588465419 ], [ 78.877052330520399, 33.187862311454246 ], [ 78.888946478498156, 33.196083055438876 ], [ 78.890052884496086, 33.196220458438624 ], [ 78.900886553475829, 33.197498287436233 ], [ 78.90380868247037, 33.199611685432281 ], [ 78.903053249471782, 33.201084184429526 ] ] } },
{ "type": "Feature", "properties": { "MED_DESCRI": "Without Median", "RTT_DESCRI": "Secondary Route", "F_CODE_DES": "Road", "ISO": "IND", "ISOCOUNTRY": "INDIA" }, "geometry": { "type": "LineString", "coordinates": [ [ 74.22413637222013, 33.144805843534755 ], [ 74.227447463213934, 33.14783475752909 ], [ 74.250167909171452, 33.168693553490087 ], [ 74.251503005168956, 33.173694682480736 ] ] } },
{ "type": "Feature", "properties": { "MED_DESCRI": "Without Median", "RTT_DESCRI": "Secondary Route", "F_CODE_DES": "Road", "ISO": "IND", "ISOCOUNTRY": "INDIA" }, "geometry": { "type": "LineString", "coordinates": [ [ 75.476196353879104, 33.426887587007336 ], [ 75.494720432844474, 33.394306255068251 ], [ 75.49505609684384, 33.378692587097447 ], [ 75.492164585849252, 33.358333507135512 ], [ 75.489364550854489, 33.355445776140911 ], [ 75.47777563787615, 33.35302733214543 ], [ 75.476058950879363, 33.346942855156811 ], [ 75.481391963869385, 33.313415578219498 ], [ 75.481635962868936, 33.31188959222235 ], [ 75.486084077860625, 33.303390451238243 ], [ 75.500251706834135, 33.296527861251072 ], [ 75.510887114814238, 33.27433396929257 ], [ 75.53480525376952, 33.249610879338796 ], [ 75.547447274745892, 33.233249716369386 ], [ 75.550224251740687, 33.22513953738455 ], [ 75.54753119074573, 33.217193599399408 ], [ 75.540222182759393, 33.20997228741291 ], [ 75.522056636793366, 33.192028060446461 ], [ 75.515113910806335, 33.182250901464741 ], [ 75.515747060805154, 33.177471091473677 ], [ 75.525306680787281, 33.166000303495125 ], [ 75.538917515761838, 33.154998802515692 ], [ 75.545028641750406, 33.14383324953657 ] ] } },
{ "type": "Feature", "properties": { "MED_DESCRI": "Without Median", "RTT_DESCRI": "Secondary Route", "F_CODE_DES": "Road", "ISO": "IND", "ISOCOUNTRY": "INDIA" }, "geometry": { "type": "LineString", "coordinates": [ [ 74.042640617559485, 33.243667585349904 ], [ 74.050804094544219, 33.241195654354527 ], [ 74.077445912494397, 33.224723737385325 ], [ 74.125724828404131, 33.192165463446202 ], [ 74.144554142368932, 33.161861392502864 ], [ 74.149612349359472, 33.159778612506756 ], [ 74.162971436334487, 33.154277767517044 ], [ 74.170776380319893, 33.146278342532 ], [ 74.171669027318231, 33.13852688554649 ] ] } },
{ "type": "Feature", "properties": { "MED_DESCRI": "Without Median", "RTT_DESCRI": "Secondary Route", "F_CODE_DES": "Road", "ISO": "IND", "ISOCOUNTRY": "INDIA" }, "geometry": { "type": "LineString", "coordinates": [ [ 75.434669462956748, 33.137249056548882 ], [ 75.446914583933861, 33.141109381541668 ], [ 75.468109043894231, 33.160778044504887 ], [ 75.468414278893661, 33.16083153150479 ], [ 75.477584747876506, 33.162193276502244 ], [ 75.494331281845191, 33.149276827526393 ], [ 75.502891469829194, 33.148109374528573 ], [ 75.521247905794866, 33.15041725352426 ], [ 75.53836053276288, 33.14783475752909 ], [ 75.545028641750406, 33.14383324953657 ] ] } },
{ "type": "Feature", "properties": { "MED_DESCRI": "Without Median", "RTT_DESCRI": "Secondary Route", "F_CODE_DES": "Road", "ISO": "IND", "ISOCOUNTRY": "INDIA" }, "geometry": { "type": "LineString", "coordinates": [ [ 74.171669027318231, 33.13852688554649 ], [ 74.190277022283439, 33.136001656551215 ], [ 74.207885774250514, 33.137554102548314 ], [ 74.220886139226209, 33.141803767540367 ], [ 74.22413637222013, 33.144805843534755 ] ] } },
{ "type": "Feature", "properties": { "MED_DESCRI": "Without Median", "RTT_DESCRI": "Secondary Route", "F_CODE_DES": "Road", "ISO": "IND", "ISOCOUNTRY": "INDIA" }, "geometry": { "type": "LineString", "coordinates": [ [ 75.300086910208378, 33.187248250455397 ], [ 75.304473789200188, 33.185779531458145 ], [ 75.313415568183459, 33.182804104463706 ], [ 75.323722872164197, 33.176471659475546 ], [ 75.334274364144463, 33.174026566480116 ], [ 75.349357698116265, 33.176445010475597 ], [ 75.352447470110477, 33.175445578477465 ], [ 75.356277555103318, 33.160720777504999 ], [ 75.363525327089775, 33.154666918516313 ], [ 75.393058845034545, 33.143138863537871 ], [ 75.41747291998891, 33.137279485548824 ], [ 75.424468943975825, 33.136444105550389 ], [ 75.430969220963675, 33.135692641551792 ], [ 75.434669462956748, 33.137249056548882 ] ] } },
{ "type": "Feature", "properties": { "MED_DESCRI": "Without Median", "RTT_DESCRI": "Secondary Route", "F_CODE_DES": "Road", "ISO": "IND", "ISOCOUNTRY": "INDIA" }, "geometry": { "type": "LineString", "coordinates": [ [ 75.545028641750406, 33.14383324953657 ], [ 75.557281511727496, 33.141056083541763 ], [ 75.587333645671308, 33.134250571554489 ], [ 75.600555329646582, 33.12850194756524 ], [ 75.634552082583028, 33.122390821576666 ], [ 75.648307880557297, 33.124221853573239 ], [ 75.653198255548162, 33.126834778568352 ], [ 75.660140981535179, 33.130554109561402 ], [ 75.675331100506781, 33.143249428537665 ], [ 75.680664113496803, 33.144889759534593 ], [ 75.681968780494358, 33.144832681534702 ], [ 75.696807926466619, 33.144306127535685 ], [ 75.707473763446671, 33.147583009529562 ], [ 75.723114080417432, 33.146526310531534 ], [ 75.748527587369921, 33.141582448540781 ], [ 75.757469177353201, 33.138332404546858 ], [ 75.762580871343644, 33.139499668544673 ], [ 75.767112713335166, 33.144359614535588 ], [ 75.770446862328939, 33.147914893528942 ], [ 75.789169391293925, 33.153446167518595 ], [ 75.795135554282766, 33.16175082750307 ], [ 75.801444941270972, 33.176750245475027 ], [ 75.801025361271755, 33.179943022469054 ], [ 75.799804610274037, 33.188835094452429 ], [ 75.790168823292063, 33.213859639405641 ], [ 75.767196629335018, 33.253612576331314 ], [ 75.76047522234758, 33.271415620298029 ], [ 75.761444036345765, 33.278057080285606 ], [ 75.761779700345144, 33.280193347281617 ], [ 75.766609217336111, 33.293304466257098 ], [ 75.767250116334907, 33.298583992247231 ], [ 75.768165632333194, 33.306220915232949 ], [ 75.779724116311584, 33.320804533205681 ], [ 75.811080917252966, 33.349166818152653 ] ] } },
{ "type": "Feature", "properties": { "MED_DESCRI": "Without Median", "RTT_DESCRI": "Secondary Route", "F_CODE_DES": "Road", "ISO": "IND", "ISOCOUNTRY": "INDIA" }, "geometry": { "type": "LineString", "coordinates": [ [ 77.537025512025892, 33.119083321582849 ], [ 77.554138138993892, 33.128307277565604 ], [ 77.569252090965634, 33.142555231538964 ], [ 77.580253591945066, 33.15761191651081 ], [ 77.602111819904195, 33.173915812480324 ], [ 77.630249005851596, 33.205444414421372 ], [ 77.636085514840673, 33.211971340409171 ], [ 77.64383697182619, 33.215057332403404 ], [ 77.657974171799751, 33.220695580392857 ], [ 77.664444019787652, 33.228473686378315 ], [ 77.667526231781892, 33.238445326359674 ], [ 77.669029159779086, 33.251415262335421 ], [ 77.669281096778604, 33.253639225331263 ], [ 77.6982192647245, 33.294471730254919 ], [ 77.712112465698524, 33.305915869233516 ], [ 77.717804011687889, 33.310638412224691 ], [ 77.718475339686634, 33.311164777223702 ], [ 77.727668677669442, 33.342666541164803 ], [ 77.737304653651421, 33.352832851145799 ], [ 77.753723083620727, 33.364360717124242 ], [ 77.80464176252552, 33.38041683409422 ], [ 77.818557832499508, 33.386585227082691 ], [ 77.820556696495771, 33.38911064507797 ], [ 77.826858523483978, 33.397083232063061 ], [ 77.827163758483408, 33.397472383062336 ], [ 77.830474849477227, 33.401637943054546 ], [ 77.847885151444672, 33.415248778029095 ], [ 77.855941843429605, 33.41891481102224 ], [ 77.866859428409185, 33.419029156022027 ], [ 77.891746570362656, 33.412692931033874 ], [ 77.939918512272584, 33.37933348609625 ], [ 77.9618910852315, 33.364112938124705 ], [ 77.976219175204719, 33.360862705130785 ], [ 78.00308231215449, 33.358665391134892 ], [ 78.01728055912794, 33.355640446140548 ], [ 78.029525680105053, 33.353000683145481 ] ] } },
{ "type": "Feature", "properties": { "MED_DESCRI": "Without Median", "RTT_DESCRI": "Secondary Route", "F_CODE_DES": "Road", "ISO": "IND", "ISOCOUNTRY": "INDIA" }, "geometry": { "type": "LineString", "coordinates": [ [ 76.924613916170941, 33.38227848409074 ], [ 76.92572013316888, 33.381389617092402 ], [ 76.9252776841697, 33.374195143105858 ], [ 76.924140849171835, 33.356082895139721 ], [ 76.929580647161657, 33.346443139157742 ], [ 76.957107552110187, 33.33786008217379 ], [ 76.965698169094125, 33.330612121187343 ], [ 76.968391419089087, 33.325779013196382 ], [ 76.977218664072581, 33.30994421522599 ], [ 76.984390269059176, 33.30358512123788 ], [ 77.005996749018777, 33.29069513226198 ], [ 77.02024848299213, 33.282222829277821 ], [ 77.033920364966576, 33.271720855297453 ], [ 77.056030340925233, 33.251220781335782 ], [ 77.069053574900877, 33.242305840352451 ], [ 77.092834499856409, 33.231723730372238 ], [ 77.109664949824946, 33.228000619379202 ], [ 77.122528100800892, 33.22733307138045 ], [ 77.129333423788168, 33.229057318377222 ], [ 77.134086584779283, 33.23027806937494 ], [ 77.137306199773263, 33.232082452371571 ], [ 77.149475153750515, 33.238861126358891 ], [ 77.159385746731985, 33.247501450342739 ], [ 77.174835173703102, 33.265026097309971 ], [ 77.203941362648678, 33.303028138238922 ], [ 77.222274740614395, 33.323665615200333 ], [ 77.223831155611492, 33.324584911198613 ], [ 77.230468835599069, 33.328555990191191 ], [ 77.243804864574145, 33.329944573188591 ], [ 77.247833210566611, 33.336498337176337 ], [ 77.252113304558605, 33.34905625315286 ], [ 77.260612445542719, 33.358528177135149 ], [ 77.261413616541219, 33.358833223134575 ], [ 77.267059235530667, 33.361057375130422 ], [ 77.272529651520429, 33.360805438130889 ], [ 77.273941103517799, 33.354415915142837 ], [ 77.273864747517933, 33.354194596143252 ], [ 77.265945458532741, 33.32958226018927 ], [ 77.267280554530245, 33.319305385208487 ], [ 77.285530016496125, 33.302806819239329 ], [ 77.290191701487416, 33.298557343247275 ], [ 77.313613904443613, 33.273029302295008 ], [ 77.326637327419263, 33.262027801315575 ], [ 77.329002473414846, 33.260028748319314 ], [ 77.337303164399316, 33.257804785323472 ], [ 77.365058948347425, 33.259445116320407 ], [ 77.370887708336525, 33.262054450315532 ], [ 77.384002607312013, 33.267917608304565 ], [ 77.408668430265891, 33.264610297310753 ], [ 77.411193848261163, 33.264278413311374 ], [ 77.418418940247662, 33.267055579306181 ], [ 77.431335389223506, 33.267055579306181 ], [ 77.432052644222168, 33.267055579306181 ], [ 77.445114056197738, 33.257194504324616 ], [ 77.452697681183565, 33.246887200343885 ], [ 77.455055267179162, 33.238029526360449 ], [ 77.451805034185227, 33.228500335378264 ], [ 77.444809010198313, 33.208084177416438 ], [ 77.443611128200558, 33.198638902434098 ], [ 77.446441592195256, 33.174640627478972 ], [ 77.448417587191571, 33.169918084487797 ], [ 77.452003484184857, 33.161304409503906 ], [ 77.457664412174282, 33.156917530512111 ], [ 77.47047426515033, 33.151390036522443 ], [ 77.477363504137443, 33.144279478535736 ], [ 77.485031045123108, 33.132167791558381 ], [ 77.491996829110093, 33.12850194756524 ], [ 77.51652524906423, 33.128639161564983 ], [ 77.537025512025892, 33.119083321582849 ] ] } },
{ "type": "Feature", "properties": { "MED_DESCRI": "Without Median", "RTT_DESCRI": "Secondary Route", "F_CODE_DES": "Road", "ISO": "IND", "ISOCOUNTRY": "INDIA" }, "geometry": { "type": "LineString", "coordinates": [ [ 75.545028641750406, 33.14383324953657 ], [ 75.549667268741729, 33.138332404546858 ], [ 75.56755819770828, 33.117195211586377 ], [ 75.57499685969438, 33.104946121609281 ], [ 75.578498840687828, 33.094081834629591 ] ] } },
{ "type": "Feature", "properties": { "MED_DESCRI": "Without Median", "RTT_DESCRI": "Secondary Route", "F_CODE_DES": "Road", "ISO": "IND", "ISOCOUNTRY": "INDIA" }, "geometry": { "type": "LineString", "coordinates": [ [ 75.578498840687828, 33.094081834629591 ], [ 75.582557615680244, 33.090610471636083 ], [ 75.584052983677438, 33.086692879643408 ] ] } },
{ "type": "Feature", "properties": { "MED_DESCRI": "Without Median", "RTT_DESCRI": "Secondary Route", "F_CODE_DES": "Road", "ISO": "IND", "ISOCOUNTRY": "INDIA" }, "geometry": { "type": "LineString", "coordinates": [ [ 75.578498840687828, 33.094081834629591 ], [ 75.579887423685236, 33.090026839637176 ], [ 75.584052983677438, 33.086692879643408 ] ] } },
{ "type": "Feature", "properties": { "MED_DESCRI": "Without Median", "RTT_DESCRI": "Secondary Route", "F_CODE_DES": "Road", "ISO": "IND", "ISOCOUNTRY": "INDIA" }, "geometry": { "type": "LineString", "coordinates": [ [ 74.251503005168956, 33.173694682480736 ], [ 74.269691420134947, 33.171859681484172 ], [ 74.270637554133188, 33.17177954548432 ], [ 74.27905277911745, 33.16933445248889 ], [ 74.279472359116667, 33.164749123497465 ], [ 74.272804250129127, 33.159751963506807 ], [ 74.272781381129178, 33.153778051517975 ], [ 74.292274463092724, 33.143028298538077 ], [ 74.353805491977681, 33.123138505575263 ], [ 74.362831186960804, 33.117942895584981 ], [ 74.369583211948182, 33.114082381592198 ], [ 74.387107858915414, 33.104026825611001 ], [ 74.398780876893596, 33.101749375615256 ], [ 74.411804110869241, 33.092887921631828 ], [ 74.427886876839167, 33.089721604637745 ], [ 74.496948232710039, 33.067001347680225 ], [ 74.497917235708229, 33.066806866680594 ], [ 74.508026089689324, 33.064918567684124 ], [ 74.511444154682934, 33.065166535683659 ], [ 74.533470214641753, 33.066890782680431 ], [ 74.547721948615106, 33.062915734687863 ], [ 74.573249800567382, 33.064193752685476 ], [ 74.588752714538387, 33.056804608699295 ] ] } },
{ "type": "Feature", "properties": { "MED_DESCRI": "Without Median", "RTT_DESCRI": "Primary Route", "F_CODE_DES": "Road", "ISO": "IND", "ISOCOUNTRY": "INDIA" }, "geometry": { "type": "LineString", "coordinates": [ [ 75.282302766241642, 33.041305474728269 ], [ 75.292419369222713, 33.052417729707493 ], [ 75.294944787218, 33.057887956697265 ], [ 75.297081054214004, 33.062557201688534 ], [ 75.292778091222047, 33.069194881676125 ], [ 75.297195399213791, 33.075862801663661 ], [ 75.305999775197336, 33.081832933652493 ], [ 75.30719765719509, 33.082137979651925 ], [ 75.318031326174832, 33.084999061646577 ], [ 75.320663529169906, 33.089973541637278 ], [ 75.320831361169596, 33.095027968627825 ], [ 75.32555390416077, 33.097332067623519 ], [ 75.319808871171503, 33.108749368602169 ], [ 75.320304807170587, 33.116584741587516 ], [ 75.317970279174943, 33.118305208584303 ], [ 75.311141898187714, 33.118862191583261 ], [ 75.310447701189005, 33.12799826256618 ], [ 75.307830807193909, 33.129943828562538 ], [ 75.300224313208133, 33.128971045564363 ], [ 75.298385532211569, 33.128749915564775 ], [ 75.298530495211295, 33.130664863561194 ], [ 75.299026431210365, 33.136917172549502 ], [ 75.299224881209994, 33.139362265544932 ], [ 75.305221473198785, 33.157360168511282 ], [ 75.29738610021343, 33.170723035486297 ], [ 75.302886945203156, 33.177444442473728 ], [ 75.300086910208378, 33.187248250455397 ] ] } },
{ "type": "Feature", "properties": { "MED_DESCRI": "Without Median", "RTT_DESCRI": "Secondary Route", "F_CODE_DES": "Road", "ISO": "IND", "ISOCOUNTRY": "INDIA" }, "geometry": { "type": "LineString", "coordinates": [ [ 74.22413637222013, 33.144805843534755 ], [ 74.257446299157849, 33.126609868568778 ], [ 74.261611859150065, 33.113334697593594 ], [ 74.265052793143624, 33.108028333603521 ], [ 74.266113272141638, 33.096137965625751 ], [ 74.268386753137392, 33.091915138633645 ], [ 74.281753589112398, 33.085834441645012 ], [ 74.323112459035073, 33.071388226672028 ], [ 74.329780568022599, 33.069915727674775 ], [ 74.344253620995545, 33.066722950680749 ], [ 74.358055156969741, 33.066387097681378 ], [ 74.365837042955192, 33.066192616681739 ], [ 74.389053424911779, 33.056362159700122 ], [ 74.410110481872408, 33.055557208701622 ], [ 74.445808423805659, 33.043251040724634 ], [ 74.463691792772224, 33.041110993728637 ], [ 74.472999664754823, 33.042137074726718 ], [ 74.558776936594441, 33.051612778709 ], [ 74.571334852570956, 33.05444343170371 ], [ 74.587135252541415, 33.05444343170371 ], [ 74.588752714538387, 33.056804608699295 ] ] } },
{ "type": "Feature", "properties": { "MED_DESCRI": "Without Median", "RTT_DESCRI": "Secondary Route", "F_CODE_DES": "Road", "ISO": "IND", "ISOCOUNTRY": "INDIA" }, "geometry": { "type": "LineString", "coordinates": [ [ 77.537025512025892, 33.119083321582849 ], [ 77.543891882013057, 33.114639364591156 ], [ 77.568916237966263, 33.080860150654317 ], [ 77.584526125937074, 33.067611628679089 ], [ 77.591392495924239, 33.049026502713836 ], [ 77.601165685905968, 33.032249539745202 ] ] } },
{ "type": "Feature", "properties": { "MED_DESCRI": "Without Median", "RTT_DESCRI": "Secondary Route", "F_CODE_DES": "Road", "ISO": "IND", "ISOCOUNTRY": "INDIA" }, "geometry": { "type": "LineString", "coordinates": [ [ 75.282302766241642, 33.041305474728269 ], [ 75.319641039171827, 33.038249911733985 ], [ 75.365692212085719, 33.030803689747906 ], [ 75.375968898066503, 33.03180690174603 ], [ 75.388275066043491, 33.03816599573414 ], [ 75.398109492025114, 33.056362159700122 ], [ 75.411109857000795, 33.065193184683608 ], [ 75.421218899981895, 33.072029125670824 ], [ 75.427169753970773, 33.079917985656074 ], [ 75.432724085960388, 33.097194664623771 ], [ 75.437027048952345, 33.12014002058087 ], [ 75.435447764955299, 33.131721562559214 ], [ 75.434669462956748, 33.137249056548882 ] ] } },
{ "type": "Feature", "properties": { "MED_DESCRI": "Without Median", "RTT_DESCRI": "Primary Route", "F_CODE_DES": "Road", "ISO": "IND", "ISOCOUNTRY": "INDIA" }, "geometry": { "type": "LineString", "coordinates": [ [ 75.259223976284787, 33.028194355752788 ], [ 75.266220000271701, 33.031276756747026 ], [ 75.28044130524512, 33.041442877728016 ], [ 75.282302766241642, 33.041305474728269 ] ] } },
{ "type": "Feature", "properties": { "MED_DESCRI": "Without Median", "RTT_DESCRI": "Secondary Route", "F_CODE_DES": "Road", "ISO": "IND", "ISOCOUNTRY": "INDIA" }, "geometry": { "type": "LineString", "coordinates": [ [ 78.029525680105053, 33.353000683145481 ], [ 78.032028229100362, 33.352638181146162 ], [ 78.043998733077984, 33.333946270181109 ], [ 78.047302264071817, 33.320526136206205 ], [ 78.045997597074248, 33.305557336234187 ], [ 78.041221567083184, 33.289390654264416 ], [ 78.033416812097769, 33.279750898282444 ], [ 78.029029933105974, 33.27433396929257 ], [ 78.031112713102075, 33.270500104299735 ], [ 78.035468974093931, 33.270637507299483 ], [ 78.039832984085777, 33.270748072299277 ], [ 78.064613341039447, 33.278362315285037 ], [ 78.071029702027445, 33.278945947283944 ], [ 78.07983407801099, 33.27972406028249 ], [ 78.152778627874596, 33.277443019286757 ], [ 78.172836252837101, 33.27433396929257 ], [ 78.185333310813732, 33.268722559303065 ], [ 78.193778964797943, 33.261833131315946 ], [ 78.206947350773319, 33.247138948343419 ], [ 78.22513576573931, 33.226749439381543 ], [ 78.235168452720544, 33.215526619402524 ], [ 78.240753213710107, 33.205112530421992 ], [ 78.244804428702537, 33.185501134458661 ], [ 78.250557021691776, 33.136360189550544 ], [ 78.251945415689178, 33.130695292561136 ], [ 78.256057677681497, 33.114055543592251 ], [ 78.265029885664717, 33.093192967631254 ], [ 78.275558508645034, 33.08133321765343 ], [ 78.279525807637611, 33.063331534687087 ], [ 78.279998685636727, 33.044082640723076 ], [ 78.276222276643793, 33.02952964075029 ], [ 78.277419969641556, 33.019695214768674 ] ] } },
{ "type": "Feature", "properties": { "MED_DESCRI": "Without Median", "RTT_DESCRI": "Secondary Route", "F_CODE_DES": "Road", "ISO": "IND", "ISOCOUNTRY": "INDIA" }, "geometry": { "type": "LineString", "coordinates": [ [ 74.171669027318231, 33.13852688554649 ], [ 74.170417847320564, 33.112834981594531 ] ] } },
{ "type": "Feature", "properties": { "MED_DESCRI": "Without Median", "RTT_DESCRI": "Secondary Route", "F_CODE_DES": "Road", "ISO": "IND", "ISOCOUNTRY": "INDIA" }, "geometry": { "type": "LineString", "coordinates": [ [ 75.584052983677438, 33.086692879643408 ], [ 75.608695937631367, 33.064388233685115 ], [ 75.616943330615939, 33.058471588696179 ], [ 75.62391667460291, 33.053443999705578 ], [ 75.64366906456597, 33.044109289723032 ], [ 75.647781326558288, 33.03972241073123 ], [ 75.652336037549773, 33.025470676757877 ], [ 75.66286466053009, 33.014999320777456 ], [ 75.687446567484116, 32.99997325380555 ], [ 75.698997491462521, 32.992916182818746 ], [ 75.710357714441287, 32.982444826838325 ], [ 75.716613803429581, 32.974723798852764 ], [ 75.71778106742741, 32.971222006859307 ], [ 75.718559180425956, 32.968887289863673 ] ] } },
{ "type": "Feature", "properties": { "MED_DESCRI": "Without Median", "RTT_DESCRI": "Secondary Route", "F_CODE_DES": "Road", "ISO": "IND", "ISOCOUNTRY": "INDIA" }, "geometry": { "type": "LineString", "coordinates": [ [ 74.912498562933067, 32.946472078905586 ], [ 74.913475125931242, 32.948333728902107 ], [ 74.909774694938164, 32.960750650878886 ], [ 74.909919657937891, 32.965583758869855 ], [ 74.919250398920454, 32.978527045845652 ], [ 74.936668449887875, 32.995582594813762 ], [ 74.940635748880467, 33.004055086797919 ], [ 74.94125358987931, 33.013279042780674 ], [ 74.934524622891885, 33.026001010756886 ], [ 74.927413875905188, 33.02627940775637 ], [ 74.919441288920098, 33.030666286748165 ], [ 74.911857663934271, 33.029998738749413 ], [ 74.896530141962927, 33.020637568766915 ], [ 74.8905564189741, 33.020526814767123 ], [ 74.877746565998052, 33.027389593754293 ], [ 74.86902610601436, 33.027137845754758 ], [ 74.854385410041729, 33.019638136768783 ], [ 74.837829577072682, 33.018917101770136 ], [ 74.816001967113493, 33.032833171744116 ], [ 74.801696746140237, 33.057971872697109 ], [ 74.803749097136404, 33.062694604688282 ], [ 74.81903069210783, 33.072582328669789 ], [ 74.819274880107372, 33.072750160669479 ], [ 74.825500540095732, 33.076805155661894 ], [ 74.827392619092194, 33.087249673642368 ], [ 74.826278653094278, 33.121166290578955 ], [ 74.823806722098908, 33.131362840559888 ], [ 74.828308135090481, 33.136444105550389 ], [ 74.826889123093139, 33.140499100542804 ], [ 74.820915211104307, 33.146831545530965 ], [ 74.819747947106492, 33.151111639522966 ], [ 74.82294469310051, 33.15863799750889 ], [ 74.826164308094491, 33.159526864507228 ], [ 74.835670441076715, 33.156612484512678 ], [ 74.839363123069816, 33.160861960504732 ], [ 74.8476638140543, 33.17038718248692 ], [ 74.846389765056685, 33.175304395477731 ], [ 74.844612031060009, 33.18219382346485 ] ] } },
{ "type": "Feature", "properties": { "MED_DESCRI": "Without Median", "RTT_DESCRI": "Primary Route", "F_CODE_DES": "Road", "ISO": "IND", "ISOCOUNTRY": "INDIA" }, "geometry": { "type": "LineString", "coordinates": [ [ 75.126724203532532, 32.924751253946198 ], [ 75.144416871499445, 32.932640113931448 ], [ 75.14588937049669, 32.934165910928591 ], [ 75.155029221479609, 32.943553918911043 ], [ 75.167114259457009, 32.966945692867306 ], [ 75.185691825422268, 32.987251285829338 ], [ 75.207389781381707, 33.002639854800563 ], [ 75.209052981378591, 33.005722066794803 ], [ 75.22100061635625, 33.009803710787175 ], [ 75.226890612345244, 33.012638143781871 ], [ 75.259223976284787, 33.028194355752788 ] ] } },
{ "type": "Feature", "properties": { "MED_DESCRI": "Without Median", "RTT_DESCRI": "Secondary Route", "F_CODE_DES": "Road", "ISO": "IND", "ISOCOUNTRY": "INDIA" }, "geometry": { "type": "LineString", "coordinates": [ [ 79.209968647897924, 32.917720831959343 ], [ 79.211166340895687, 32.924167621947291 ], [ 79.208419792900827, 32.935112044926825 ], [ 79.194305461927215, 32.944751800908804 ], [ 79.186691218941448, 32.949943630899092 ], [ 79.18550108594367, 32.950748392897587 ], [ 79.184890804944814, 32.951167972896805 ], [ 79.163833558984194, 32.984443690834588 ], [ 79.135307222037525, 33.022556296763327 ], [ 79.095138485112628, 33.076168036663091 ], [ 79.078277606144155, 33.094833298628188 ], [ 79.045219427205964, 33.122390821576666 ], [ 79.00738521827671, 33.153915454517723 ], [ 78.949638347384678, 33.207027478418418 ], [ 78.940223690402277, 33.211887424409326 ], [ 78.933860816414182, 33.215168086403196 ], [ 78.926055872428776, 33.217445347398936 ], [ 78.92510992743054, 33.217723933398418 ], [ 78.920639132438893, 33.219001762396026 ], [ 78.914085368451154, 33.219333646395405 ], [ 78.907302914463827, 33.218028979397843 ], [ 78.90638739846554, 33.21169275440969 ], [ 78.905303861467573, 33.204250312423611 ], [ 78.903053249471782, 33.201084184429526 ] ] } },
{ "type": "Feature", "properties": { "MED_DESCRI": "Without Median", "RTT_DESCRI": "Secondary Route", "F_CODE_DES": "Road", "ISO": "IND", "ISOCOUNTRY": "INDIA" }, "geometry": { "type": "LineString", "coordinates": [ [ 74.740364167254924, 32.8952789720013 ], [ 74.744720428246779, 32.898277267995695 ], [ 74.749832122237223, 32.899028731994292 ], [ 74.751083302234875, 32.898303916995644 ], [ 74.758972162220132, 32.893833122004004 ], [ 74.797943206147266, 32.896305052999388 ], [ 74.810142589124453, 32.906860324979647 ], [ 74.822113093102075, 32.906860324979647 ], [ 74.839416421069714, 32.911529569970916 ], [ 74.854331923041826, 32.919029278956899 ], [ 74.862167296027181, 32.913055366968067 ], [ 74.873725969005562, 32.911415035971132 ], [ 74.874694783003761, 32.911945369970141 ], [ 74.877891528997779, 32.913722914966819 ], [ 74.888557365977832, 32.912944801968273 ], [ 74.891586279972174, 32.91611092996235 ], [ 74.900413524955667, 32.917751260959285 ], [ 74.9056930509458, 32.923110922949263 ], [ 74.907585129942262, 32.937221473922882 ], [ 74.912498562933067, 32.946472078905586 ] ] } },
{ "type": "Feature", "properties": { "MED_DESCRI": "Without Median", "RTT_DESCRI": "Secondary Route", "F_CODE_DES": "Road", "ISO": "IND", "ISOCOUNTRY": "INDIA" }, "geometry": { "type": "LineString", "coordinates": [ [ 74.733696058267384, 32.891693075008007 ], [ 74.740364167254924, 32.8952789720013 ] ] } },
{ "type": "Feature", "properties": { "MED_DESCRI": "Without Median", "RTT_DESCRI": "Secondary Route", "F_CODE_DES": "Road", "ISO": "IND", "ISOCOUNTRY": "INDIA" }, "geometry": { "type": "LineString", "coordinates": [ [ 74.588752714538387, 33.056804608699295 ], [ 74.613670285491807, 33.043834672723541 ], [ 74.647361803428808, 33.022167145764058 ], [ 74.654998726414533, 33.015472387776576 ], [ 74.665473862394947, 32.997722641809759 ], [ 74.668693477388928, 32.994915046815009 ], [ 74.67497262437719, 32.994834910815158 ], [ 74.683723513360817, 32.977889926846842 ], [ 74.691665671345973, 32.972057386857749 ], [ 74.695915147338027, 32.968944556863569 ], [ 74.703193726324415, 32.966388709868347 ], [ 74.713554328305051, 32.956417069886989 ], [ 74.72797389427808, 32.93658454392407 ], [ 74.732192941270199, 32.921665261951965 ], [ 74.733696058267384, 32.891693075008007 ] ] } },
{ "type": "Feature", "properties": { "MED_DESCRI": "Without Median", "RTT_DESCRI": "Primary Route", "F_CODE_DES": "Road", "ISO": "IND", "ISOCOUNTRY": "INDIA" }, "geometry": { "type": "LineString", "coordinates": [ [ 74.951385501860358, 32.889667562011795 ], [ 74.96355445583761, 32.896945951998184 ], [ 74.968559175828261, 32.926639552942667 ], [ 74.968475259828409, 32.937889021921634 ], [ 74.963081388838489, 32.951137543896863 ], [ 74.963531586837661, 32.955749521888237 ], [ 74.9715270428227, 32.957805652884396 ], [ 74.978614731809458, 32.950862926897372 ], [ 74.993919384780838, 32.919082576956797 ], [ 74.99610894977674, 32.916667912961309 ], [ 75.000000081769471, 32.912387818969314 ], [ 75.002860974764118, 32.909248339975186 ], [ 75.037940886698522, 32.895362888001145 ], [ 75.048721257678366, 32.894832554002136 ], [ 75.064445490648978, 32.89405444100359 ], [ 75.073524483631999, 32.903057077986759 ], [ 75.089248716602597, 32.903915326985157 ], [ 75.102470400577872, 32.91230390296947 ], [ 75.111030588561874, 32.917751260959285 ], [ 75.125137359535501, 32.924057056947497 ], [ 75.126724203532532, 32.924751253946198 ] ] } },
{ "type": "Feature", "properties": { "MED_DESCRI": "Without Median", "RTT_DESCRI": "Secondary Route", "F_CODE_DES": "Road", "ISO": "IND", "ISOCOUNTRY": "INDIA" }, "geometry": { "type": "LineString", "coordinates": [ [ 74.951385501860358, 32.889667562011795 ], [ 74.940864627880032, 32.898445099995385 ], [ 74.931137175898229, 32.914665268965052 ], [ 74.915862951926783, 32.945945713906568 ], [ 74.912498562933067, 32.946472078905586 ] ] } },
{ "type": "Feature", "properties": { "MED_DESCRI": "Without Median", "RTT_DESCRI": "Primary Route", "F_CODE_DES": "Road", "ISO": "IND", "ISOCOUNTRY": "INDIA" }, "geometry": { "type": "LineString", "coordinates": [ [ 74.960945121842485, 32.883140636023995 ], [ 74.951385501860358, 32.889667562011795 ] ] } },
{ "type": "Feature", "properties": { "MED_DESCRI": "Without Median", "RTT_DESCRI": "Secondary Route", "F_CODE_DES": "Road", "ISO": "IND", "ISOCOUNTRY": "INDIA" }, "geometry": { "type": "LineString", "coordinates": [ [ 79.351352932633574, 33.011708641783613 ], [ 79.345054696645349, 33.019001017769973 ], [ 79.339721683655327, 33.035640766738865 ], [ 79.334167540665703, 33.040138210730454 ], [ 79.321197415689966, 33.039306610732012 ], [ 79.314331045702801, 33.038860381732846 ], [ 79.300636294728406, 33.042720706725625 ], [ 79.286552392754743, 33.040859245729109 ], [ 79.285697923756331, 33.041168260728526 ], [ 79.240447921840939, 33.05675131069939 ], [ 79.195304893925339, 33.065055781683867 ], [ 79.184196418946115, 33.071166907672442 ], [ 79.175971894961492, 33.075694969663971 ], [ 79.158386200994372, 33.081749017652655 ], [ 79.154136725002317, 33.087249673642368 ], [ 79.151558009007147, 33.090583822636134 ], [ 79.145111030019194, 33.098915131620558 ], [ 79.131332363044962, 33.104610457609908 ], [ 79.11608119707347, 33.115081813590329 ], [ 79.092803957116999, 33.119445823582168 ], [ 79.075752188148883, 33.125972749569968 ], [ 79.057662998182707, 33.138195001547111 ], [ 79.031417891231769, 33.160331815505721 ], [ 79.024719164244303, 33.165973654495176 ], [ 78.990860003307603, 33.204444793423242 ], [ 78.952720559378918, 33.23941810935785 ], [ 78.938056994406338, 33.25852960032212 ], [ 78.929725685421914, 33.269416756301766 ], [ 78.880973891513065, 33.318332602210305 ], [ 78.875663747522992, 33.318695104209624 ], [ 78.873748799526567, 33.318832318209367 ] ] } },
{ "type": "Feature", "properties": { "MED_DESCRI": "Without Median", "RTT_DESCRI": "Secondary Route", "F_CODE_DES": "Road", "ISO": "IND", "ISOCOUNTRY": "INDIA" }, "geometry": { "type": "LineString", "coordinates": [ [ 74.733696058267384, 32.891693075008007 ], [ 74.732971243268736, 32.886665297017409 ], [ 74.73119350927206, 32.874305642040518 ], [ 74.733749356267282, 32.866695368054749 ] ] } },
{ "type": "Feature", "properties": { "MED_DESCRI": "Without Median", "RTT_DESCRI": "Secondary Route", "F_CODE_DES": "Road", "ISO": "IND", "ISOCOUNTRY": "INDIA" }, "geometry": { "type": "LineString", "coordinates": [ [ 74.427860227839219, 32.868752822050901 ], [ 74.427864007839219, 32.868751499050902 ], [ 74.46152490777628, 32.856361415074069 ], [ 74.478363106744794, 32.850166373085649 ], [ 74.490776059721583, 32.8479461900898 ], [ 74.504081659696709, 32.848026326089652 ], [ 74.51383216967848, 32.851833353082533 ], [ 74.536308238636451, 32.872470830043952 ], [ 74.542663552624575, 32.874248564040627 ], [ 74.583137524548889, 32.87686148903574 ], [ 74.596801846523348, 32.877750356034078 ], [ 74.628196636464637, 32.879776058030288 ], [ 74.6516951954207, 32.888278979014395 ], [ 74.688613888351682, 32.889057092012933 ], [ 74.700470047329517, 32.8938903890039 ], [ 74.733696058267384, 32.891693075008007 ] ] } },
{ "type": "Feature", "properties": { "MED_DESCRI": "Without Median", "RTT_DESCRI": "Secondary Route", "F_CODE_DES": "Road", "ISO": "IND", "ISOCOUNTRY": "INDIA" }, "geometry": { "type": "LineString", "coordinates": [ [ 78.493446402237637, 32.818248809145331 ], [ 78.493751448237063, 32.818527206144807 ], [ 78.499885632225599, 32.824249181134107 ], [ 78.527610798173754, 32.868499751051374 ], [ 78.555526665121562, 32.932109779932439 ], [ 78.560279826112676, 32.942916799912233 ], [ 78.590637195055919, 32.990638732823008 ], [ 78.591499413054308, 32.997554809810076 ], [ 78.588668760059591, 33.000694288804205 ], [ 78.572639481089567, 33.0078621137908 ], [ 78.562637412108273, 33.014251636778859 ], [ 78.556335396120048, 33.023498461761569 ], [ 78.553749120124891, 33.036193780737833 ], [ 78.548248275135165, 33.063446068686872 ], [ 78.546752907137972, 33.070945777672854 ], [ 78.567306468099545, 33.112499317595159 ], [ 78.583862301068578, 33.137222218548935 ], [ 78.599777235038829, 33.14830404452821 ], [ 78.600891201036745, 33.149082157526756 ], [ 78.60808567502329, 33.161640073503278 ], [ 78.616668732007241, 33.167835304491696 ], [ 78.617919912004908, 33.168750820489983 ], [ 78.648971477946844, 33.182888020463551 ], [ 78.651474026942168, 33.184028635461416 ], [ 78.654663023936209, 33.185470516458722 ], [ 78.659751848926689, 33.196582771437946 ] ] } },
{ "type": "Feature", "properties": { "MED_DESCRI": "Without Median", "RTT_DESCRI": "Secondary Route", "F_CODE_DES": "Road", "ISO": "IND", "ISOCOUNTRY": "INDIA" }, "geometry": { "type": "LineString", "coordinates": [ [ 78.471137976279351, 32.816192678149172 ], [ 78.493446402237637, 32.818248809145331 ] ] } },
{ "type": "Feature", "properties": { "MED_DESCRI": "Without Median", "RTT_DESCRI": "Secondary Route", "F_CODE_DES": "Road", "ISO": "IND", "ISOCOUNTRY": "INDIA" }, "geometry": { "type": "LineString", "coordinates": [ [ 78.277419969641556, 33.019695214768674 ], [ 78.282974301631171, 33.015140503777197 ], [ 78.283607451629976, 33.014610358778185 ], [ 78.314697195571853, 33.004890466796361 ], [ 78.320556573560893, 33.001140517803371 ], [ 78.325195389552221, 32.986610386830534 ], [ 78.337501557529208, 32.970195736861228 ], [ 78.362274165482901, 32.926139836943598 ], [ 78.362586960482304, 32.924835169946043 ], [ 78.368446338471358, 32.899723117992991 ], [ 78.382415706445229, 32.87441639604031 ], [ 78.397224423417541, 32.856224012074328 ], [ 78.408996666395538, 32.846221943093028 ], [ 78.417526236379587, 32.842555910099883 ], [ 78.438331545340688, 32.8380546861083 ], [ 78.449501067319801, 32.834415491115102 ], [ 78.457275393305267, 32.831890073119823 ], [ 78.466163685288649, 32.826168098130523 ], [ 78.471137976279351, 32.816192678149172 ] ] } },
{ "type": "Feature", "properties": { "MED_DESCRI": "Without Median", "RTT_DESCRI": "Secondary Route", "F_CODE_DES": "Road", "ISO": "IND", "ISOCOUNTRY": "INDIA" }, "geometry": { "type": "LineString", "coordinates": [ [ 75.126724203532532, 32.924751253946198 ], [ 75.128830041528587, 32.919639559955755 ], [ 75.134864811517303, 32.91535946596376 ], [ 75.156913740476085, 32.88694388301689 ], [ 75.157806387474409, 32.886665297017409 ], [ 75.180862497431306, 32.879749220030341 ], [ 75.184524561424453, 32.874443045040259 ], [ 75.186668388420443, 32.867694800052881 ], [ 75.190612818413072, 32.855251229076146 ], [ 75.197609031399992, 32.845306427094741 ], [ 75.200920122393796, 32.844776093095732 ], [ 75.208885149378901, 32.850723356084607 ], [ 75.209999115376831, 32.85086057008435 ], [ 75.215637174366279, 32.851554956083056 ], [ 75.219413772359218, 32.850387503085237 ], [ 75.230941827337674, 32.846862842091831 ], [ 75.258499161286139, 32.834556485114838 ], [ 75.266166702271804, 32.829113096125013 ], [ 75.271140993262506, 32.825584466131616 ], [ 75.276969942251611, 32.824085318134415 ], [ 75.293029839221575, 32.823776303134991 ], [ 75.311416704187195, 32.813972495153322 ], [ 75.312362649185431, 32.810554430159719 ], [ 75.315139815180245, 32.800388309178722 ] ] } },
{ "type": "Feature", "properties": { "MED_DESCRI": "Without Median", "RTT_DESCRI": "Secondary Route", "F_CODE_DES": "Road", "ISO": "IND", "ISOCOUNTRY": "INDIA" }, "geometry": { "type": "LineString", "coordinates": [ [ 75.315139815180245, 32.800388309178722 ], [ 75.336891258139573, 32.785694126206195 ], [ 75.350219727114649, 32.785251677207022 ] ] } },
{ "type": "Feature", "properties": { "MED_DESCRI": "Without Median", "RTT_DESCRI": "Secondary Route", "F_CODE_DES": "Road", "ISO": "IND", "ISOCOUNTRY": "INDIA" }, "geometry": { "type": "LineString", "coordinates": [ [ 78.277419969641556, 33.019695214768674 ], [ 78.259414695675218, 33.006832063792729 ], [ 78.256141593681335, 33.000331786804878 ], [ 78.260581959673033, 32.977279645847986 ], [ 78.266166720662596, 32.959331449881539 ], [ 78.272193930651326, 32.923278754948953 ], [ 78.281501802633912, 32.907470794978508 ], [ 78.281555100633824, 32.904415042984219 ], [ 78.282165570632671, 32.855693867075317 ], [ 78.292503303613344, 32.826862295129224 ], [ 78.294303906609983, 32.814025793153228 ], [ 78.298530513602074, 32.804306090171401 ], [ 78.308891304582701, 32.788333889201262 ], [ 78.313697763573714, 32.784194978209001 ], [ 78.315360963570612, 32.782775966211652 ] ] } },
{ "type": "Feature", "properties": { "MED_DESCRI": "Without Median", "RTT_DESCRI": "Secondary Route", "F_CODE_DES": "Road", "ISO": "IND", "ISOCOUNTRY": "INDIA" }, "geometry": { "type": "LineString", "coordinates": [ [ 75.350219727114649, 32.785251677207022 ], [ 75.367385841082552, 32.784557291208323 ], [ 75.386779698046297, 32.779583000217627 ], [ 75.404220618013682, 32.771083859233514 ], [ 75.411277689000485, 32.771221073233257 ], [ 75.427719176969745, 32.787918089202037 ], [ 75.43411247995779, 32.800414958178671 ], [ 75.438224741950108, 32.82244498713748 ], [ 75.453247028922021, 32.827777811127511 ], [ 75.454109246920396, 32.828083046126942 ], [ 75.464691167900611, 32.842861145099313 ], [ 75.471862772887206, 32.845306427094741 ], [ 75.506469806822508, 32.847557039090532 ], [ 75.515724191805205, 32.851223072083677 ], [ 75.529113707780169, 32.865470837057039 ], [ 75.543830948752642, 32.876304695036779 ], [ 75.560218760722009, 32.882415821025354 ], [ 75.563613956715656, 32.891693075008007 ], [ 75.565002350713058, 32.895526940000842 ], [ 75.570526064702733, 32.898109435996012 ], [ 75.598419251650583, 32.899749766992947 ], [ 75.618774362612527, 32.904193912984631 ], [ 75.635780393580731, 32.909889238973989 ], [ 75.643280102566706, 32.91508484896427 ], [ 75.649581929554927, 32.914470598965423 ], [ 75.656333954542291, 32.911361737971234 ], [ 75.658996586537313, 32.91197201897009 ], [ 75.66905214251851, 32.939083123919403 ], [ 75.674804735507763, 32.946498916905533 ], [ 75.67880246350029, 32.949165328900548 ], [ 75.710388143441222, 32.97027587286108 ], [ 75.717498701427928, 32.969055121863363 ], [ 75.718559180425956, 32.968887289863673 ] ] } },
{ "type": "Feature", "properties": { "MED_DESCRI": "Without Median", "RTT_DESCRI": "Secondary Route", "F_CODE_DES": "Road", "ISO": "IND", "ISOCOUNTRY": "INDIA" }, "geometry": { "type": "LineString", "coordinates": [ [ 79.150360127009378, 32.769195560237044 ], [ 79.167472753977378, 32.804943020170207 ], [ 79.170082087972503, 32.810390378160022 ], [ 79.180808971952445, 32.824111967134364 ], [ 79.204635634907902, 32.886028367018596 ], [ 79.206138562905096, 32.889915530011329 ], [ 79.205108701907008, 32.897972032996265 ], [ 79.20439144690836, 32.903640709985666 ], [ 79.209556627898692, 32.913360601967497 ], [ 79.209968647897924, 32.917720831959343 ] ] } },
{ "type": "Feature", "properties": { "MED_DESCRI": "Without Median", "RTT_DESCRI": "Secondary Route", "F_CODE_DES": "Road", "ISO": "IND", "ISOCOUNTRY": "INDIA" }, "geometry": { "type": "LineString", "coordinates": [ [ 79.150360127009378, 32.769195560237044 ], [ 79.127609252051926, 32.768528012238292 ], [ 79.101753296100256, 32.762500802249562 ], [ 79.093887305114976, 32.762805848248995 ], [ 79.087524431126866, 32.766334478242392 ], [ 79.075996376148424, 32.780776913215391 ], [ 79.068557714162324, 32.785221059207082 ], [ 79.060974089176511, 32.784831908207813 ], [ 79.048194854200403, 32.77700050422245 ], [ 79.040306183215151, 32.777973098220635 ], [ 79.021079969251105, 32.788696202200583 ], [ 79.010528477270825, 32.79455558018963 ], [ 79.001831075287086, 32.813640611153943 ], [ 78.983917277320586, 32.840305298104091 ], [ 78.957862871369301, 32.867248571053715 ], [ 78.940170203402374, 32.892612371006287 ], [ 78.939414959403791, 32.893665290004321 ], [ 78.923385680433768, 32.911193905971544 ], [ 78.917304983445135, 32.923667905948221 ], [ 78.910079891458636, 32.946666748905223 ], [ 78.906669575465017, 32.969306869862891 ], [ 78.902389481473023, 32.975166247851938 ], [ 78.883415204508495, 32.991027883822277 ], [ 78.877471910519617, 33.003166219799581 ], [ 78.875862197522622, 33.006443101793458 ], [ 78.870887717531915, 33.034751899740527 ], [ 78.85441580056272, 33.065109268683763 ], [ 78.850364774570295, 33.090248158636761 ], [ 78.835945208597252, 33.104694373609753 ], [ 78.831779459605045, 33.108859933601963 ], [ 78.824806304618079, 33.117916057585028 ], [ 78.817581212631595, 33.127334683567419 ], [ 78.804748490655584, 33.136444105550389 ], [ 78.795471236672924, 33.137165140549037 ], [ 78.783637946695052, 33.132972742556881 ], [ 78.763999901731779, 33.136749340549819 ] ] } },
{ "type": "Feature", "properties": { "MED_DESCRI": "Without Median", "RTT_DESCRI": "Secondary Route", "F_CODE_DES": "Road", "ISO": "IND", "ISOCOUNTRY": "INDIA" }, "geometry": { "type": "LineString", "coordinates": [ [ 78.315360963570612, 32.782775966211652 ], [ 78.320693976560634, 32.779640267217516 ], [ 78.332832312537946, 32.772472442230921 ], [ 78.342224100520383, 32.768196128238912 ], [ 78.359024121488972, 32.760555236253204 ], [ 78.369361854469645, 32.760139436253979 ], [ 78.378471465452606, 32.763137732248374 ], [ 78.391639662427991, 32.773334471229305 ], [ 78.420997599373095, 32.778446165219748 ], [ 78.446418855325561, 32.79213713619415 ], [ 78.453163131312962, 32.795776331187348 ], [ 78.460525437299196, 32.802387173174985 ], [ 78.471137976279351, 32.816192678149172 ] ] } },
{ "type": "Feature", "properties": { "MED_DESCRI": "Without Median", "RTT_DESCRI": "Secondary Route", "F_CODE_DES": "Road", "ISO": "IND", "ISOCOUNTRY": "INDIA" }, "geometry": { "type": "LineString", "coordinates": [ [ 77.601165685905968, 33.032249539745202 ], [ 77.613861004882239, 33.028221193752735 ], [ 77.624221795862866, 33.027637561753828 ], [ 77.62947089285305, 33.031944304745771 ], [ 77.637558013837918, 33.057193759698563 ], [ 77.639579746834144, 33.089137972638838 ], [ 77.641693144830199, 33.096553765624975 ], [ 77.650474462813776, 33.106918336605595 ], [ 77.658973603797889, 33.111556963596918 ], [ 77.673973021769839, 33.112167433595779 ], [ 77.691055219737905, 33.112834981594531 ], [ 77.702026291717388, 33.111110734597752 ], [ 77.732780371659885, 33.087776227641385 ], [ 77.739112816648046, 33.085918357644857 ], [ 77.753997889620209, 33.088001326640963 ], [ 77.767585666594812, 33.094387069629022 ], [ 77.776138294578814, 33.10408409261089 ], [ 77.777778625575749, 33.122249638576925 ], [ 77.778503440574397, 33.122695867576091 ], [ 77.783195554565623, 33.125583598570692 ], [ 77.786003149560372, 33.127304065567479 ], [ 77.804527228525743, 33.132946093556924 ], [ 77.830612252476968, 33.13422392255454 ], [ 77.839859077459678, 33.128749915564775 ], [ 77.873695369396415, 33.096332635625387 ], [ 77.892890965360522, 33.080860150654317 ], [ 77.903083735341454, 33.076694401662103 ], [ 77.907554719333106, 33.074890207665476 ], [ 77.918975800311742, 33.062831818688025 ], [ 77.939163268274001, 33.055416025701888 ], [ 77.952720616248655, 33.037498447735388 ], [ 77.994888217169816, 32.992416466819684 ], [ 78.002197225156138, 32.985527038832565 ], [ 78.00878141814384, 32.979305347844196 ], [ 78.025833187111957, 32.967887857865541 ], [ 78.034111009096478, 32.958278719883509 ], [ 78.039276190086824, 32.944889014908547 ], [ 78.063583291041368, 32.92266847395009 ], [ 78.069946354029469, 32.92036059495441 ], [ 78.082885672005276, 32.915668480963177 ], [ 78.101470986970526, 32.89991759899263 ], [ 78.104919480964085, 32.898639769995022 ], [ 78.124916058926686, 32.891193359008945 ], [ 78.131027184915268, 32.887474028015895 ], [ 78.144973683889191, 32.858528111070015 ], [ 78.155113155870225, 32.849193590087474 ], [ 78.16683191184832, 32.841251432102318 ], [ 78.186721893811125, 32.819110838143715 ], [ 78.202194189782205, 32.8085289171635 ], [ 78.205390935776222, 32.806331603167614 ], [ 78.220443651748084, 32.789333321199393 ], [ 78.234642087721539, 32.779888235217051 ], [ 78.254776068683896, 32.771251691233203 ], [ 78.268524117658188, 32.759723636254755 ], [ 78.27894595563869, 32.756332409261098 ], [ 78.304641639590656, 32.7584151892572 ], [ 78.312583986575802, 32.762748770249097 ], [ 78.315170262570973, 32.766498530242089 ], [ 78.314582850572066, 32.773471874229053 ], [ 78.314140401572899, 32.77883153621903 ], [ 78.315360963570612, 32.782775966211652 ] ] } },
{ "type": "Feature", "properties": { "MED_DESCRI": "Without Median", "RTT_DESCRI": "Secondary Route", "F_CODE_DES": "Road", "ISO": "IND", "ISOCOUNTRY": "INDIA" }, "geometry": { "type": "LineString", "coordinates": [ [ 75.09911338258415, 32.754665429264215 ], [ 75.086891130607, 32.769695276236114 ], [ 75.037780803698823, 32.803722458172487 ], [ 75.019248975733476, 32.818389803145067 ], [ 75.008224416754089, 32.827110263128759 ], [ 75.000000081769471, 32.838138602108138 ], [ 74.998191918772847, 32.840557046103619 ], [ 74.996749848775551, 32.844387131096454 ], [ 74.990997255786297, 32.859443627068309 ], [ 74.983413630800484, 32.869361969049763 ], [ 74.960945121842485, 32.883140636023995 ] ] } },
{ "type": "Feature", "properties": { "MED_DESCRI": "Without Median", "RTT_DESCRI": "Secondary Route", "F_CODE_DES": "Road", "ISO": "IND", "ISOCOUNTRY": "INDIA" }, "geometry": { "type": "LineString", "coordinates": [ [ 75.315139815180245, 32.800388309178722 ], [ 75.268836894266812, 32.769695276236114 ], [ 75.263526939276744, 32.766834194241461 ], [ 75.253692702295126, 32.761528019251379 ], [ 75.243942192313355, 32.761249622251903 ], [ 75.22783655734348, 32.766109379242813 ], [ 75.198417573398473, 32.763832118247073 ], [ 75.183219894426898, 32.759803772254607 ], [ 75.164886516461166, 32.754917177263742 ], [ 75.150085359488841, 32.753944394265559 ], [ 75.142997670502098, 32.753501945266386 ], [ 75.122024529541321, 32.755027742263536 ], [ 75.10175314557921, 32.756500241260781 ], [ 75.09911338258415, 32.754665429264215 ] ] } },
{ "type": "Feature", "properties": { "MED_DESCRI": "Without Median", "RTT_DESCRI": "Primary Route", "F_CODE_DES": "Road", "ISO": "IND", "ISOCOUNTRY": "INDIA" }, "geometry": { "type": "LineString", "coordinates": [ [ 74.862419044026709, 32.747501384277605 ], [ 74.869636576013207, 32.7554741602627 ], [ 74.876052937001219, 32.767276832240633 ], [ 74.878417893996797, 32.771610224232532 ], [ 74.911582857934789, 32.798500010182252 ], [ 74.918975781920963, 32.811553862157844 ], [ 74.931808503896974, 32.820777818140598 ], [ 74.940002409881643, 32.837528321109282 ], [ 74.950805649861451, 32.846111378093234 ], [ 74.954307630854899, 32.84891519308799 ], [ 74.957168523849546, 32.85755532807184 ], [ 74.956695645850431, 32.877277289034964 ], [ 74.960945121842485, 32.883140636023995 ] ] } },
{ "type": "Feature", "properties": { "MED_DESCRI": "Without Median", "RTT_DESCRI": "Secondary Route", "F_CODE_DES": "Road", "ISO": "IND", "ISOCOUNTRY": "INDIA" }, "geometry": { "type": "LineString", "coordinates": [ [ 74.740364167254924, 32.8952789720013 ], [ 74.743057228249882, 32.892528455006449 ], [ 74.750747638235509, 32.884609166021249 ], [ 74.777359027185753, 32.87513724203896 ], [ 74.793556138155466, 32.873306210042387 ], [ 74.79880523514565, 32.868778148050851 ], [ 74.809944139124823, 32.848972271087881 ], [ 74.816085883113345, 32.830055261123256 ], [ 74.821281493103626, 32.804279252171447 ], [ 74.825637754095482, 32.782585076212008 ], [ 74.830413784086545, 32.773918103228219 ], [ 74.851524328047077, 32.758140572257716 ], [ 74.856857341037113, 32.752918313267479 ], [ 74.862419044026709, 32.747501384277605 ] ] } },
{ "type": "Feature", "properties": { "MED_DESCRI": "Without Median", "RTT_DESCRI": "Secondary Route", "F_CODE_DES": "Road", "ISO": "IND", "ISOCOUNTRY": "INDIA" }, "geometry": { "type": "LineString", "coordinates": [ [ 78.529167213170851, 32.74510958928208 ], [ 78.519058170189751, 32.773613057228786 ], [ 78.516746511194071, 32.792835302192849 ], [ 78.510971049204869, 32.802528356174726 ], [ 78.493446402237637, 32.818248809145331 ] ] } },
{ "type": "Feature", "properties": { "MED_DESCRI": "Without Median", "RTT_DESCRI": "Secondary Route", "F_CODE_DES": "Road", "ISO": "IND", "ISOCOUNTRY": "INDIA" }, "geometry": { "type": "LineString", "coordinates": [ [ 75.718559180425956, 32.968887289863673 ], [ 75.720748934421863, 32.962307065875976 ], [ 75.734054534396975, 32.943222034911663 ], [ 75.739524761386747, 32.939140390919292 ], [ 75.758193992351849, 32.936611192924019 ], [ 75.781112699308991, 32.923942522947712 ], [ 75.811721816251762, 32.899139485994084 ], [ 75.825416567226156, 32.888053880014809 ], [ 75.840415985198106, 32.875888895037555 ], [ 75.854225081172288, 32.868972818050487 ], [ 75.874832129133765, 32.865390701057187 ], [ 75.891555794102487, 32.843223647098633 ], [ 75.897277769091787, 32.838916715106684 ], [ 75.913253750061926, 32.835998555112141 ], [ 75.921997079045582, 32.81486136215166 ], [ 75.92858127203327, 32.808807314162983 ], [ 75.937637396016328, 32.800445576178618 ], [ 75.958808986976749, 32.776222202223906 ], [ 75.978225712940443, 32.7620010862505 ], [ 75.999389554900873, 32.757946091258077 ], [ 76.019638069863007, 32.747417468277767 ], [ 76.028198257847009, 32.745056102282177 ], [ 76.041725176821714, 32.745693221280987 ], [ 76.047363235811176, 32.748165152276364 ], [ 76.049888653806448, 32.749278929274283 ], [ 76.054946860796989, 32.755249061263122 ], [ 76.056136993794766, 32.773918103228219 ], [ 76.058807374789779, 32.779083284218558 ] ] } },
{ "type": "Feature", "properties": { "MED_DESCRI": "Without Median", "RTT_DESCRI": "Secondary Route", "F_CODE_DES": "Road", "ISO": "IND", "ISOCOUNTRY": "INDIA" }, "geometry": { "type": "LineString", "coordinates": [ [ 78.529167213170851, 32.74510958928208 ], [ 78.545776344139796, 32.746555250279378 ], [ 78.546333327138754, 32.746444685279585 ], [ 78.558891243115269, 32.744140586283891 ], [ 78.578666691078297, 32.736137381298853 ], [ 78.584335368067698, 32.737194080296881 ], [ 78.602111763034458, 32.755500809262649 ], [ 78.606109680026989, 32.757221276259436 ], [ 78.621612593997995, 32.756668073260471 ], [ 78.631164464980145, 32.762416886249717 ], [ 78.644386337955424, 32.780139983216586 ], [ 78.650360060944251, 32.782749128211705 ], [ 78.658279349929444, 32.786220491205214 ], [ 78.677749562893041, 32.787582425202665 ], [ 78.706832882838654, 32.793335018191911 ], [ 78.717781085818189, 32.798389445182458 ], [ 78.731025638793426, 32.808109337164289 ], [ 78.752418548753425, 32.817527774146676 ], [ 78.754386983749754, 32.819667821142673 ], [ 78.759750425739725, 32.825500550131771 ], [ 78.76611329972782, 32.838028037108344 ], [ 78.772834706715258, 32.842609397099778 ], [ 78.785224979692089, 32.851055051083989 ], [ 78.8131943336398, 32.867279000053657 ], [ 78.834113987600674, 32.875778141037763 ], [ 78.857528630556899, 32.882026670026079 ], [ 78.884002616507402, 32.894306189003125 ], [ 78.898002602481228, 32.89872368599486 ], [ 78.904472261469124, 32.898029299996161 ], [ 78.908607392461391, 32.897583070996994 ], [ 78.918586781442741, 32.891388029008581 ] ] } },
{ "type": "Feature", "properties": { "MED_DESCRI": "Without Median", "RTT_DESCRI": "Secondary Route", "F_CODE_DES": "Road", "ISO": "IND", "ISOCOUNTRY": "INDIA" }, "geometry": { "type": "LineString", "coordinates": [ [ 74.855888338038923, 32.728084658313911 ], [ 74.862419044026709, 32.747501384277605 ] ] } },
{ "type": "Feature", "properties": { "MED_DESCRI": "Without Median", "RTT_DESCRI": "Secondary Route", "F_CODE_DES": "Road", "ISO": "IND", "ISOCOUNTRY": "INDIA" }, "geometry": { "type": "LineString", "coordinates": [ [ 74.733749356267282, 32.866695368054749 ], [ 74.74732976224189, 32.833194740117385 ], [ 74.758857817220346, 32.811832448157325 ], [ 74.766471871206107, 32.799915242179608 ], [ 74.781608503177807, 32.776164935224017 ], [ 74.801109334141344, 32.755306328263018 ], [ 74.804802016134431, 32.751335060270442 ], [ 74.832443266082748, 32.731998470306593 ], [ 74.839363123069816, 32.729888852310538 ], [ 74.843864347061398, 32.728527107313084 ], [ 74.85097509404811, 32.72827913931355 ], [ 74.855888338038923, 32.728084658313911 ] ] } },
{ "type": "Feature", "properties": { "MED_DESCRI": "Without Median", "RTT_DESCRI": "Secondary Route", "F_CODE_DES": "Road", "ISO": "IND", "ISOCOUNTRY": "INDIA" }, "geometry": { "type": "LineString", "coordinates": [ [ 74.854278625041928, 32.722556975324245 ], [ 74.855888338038923, 32.728084658313911 ] ] } },
{ "type": "Feature", "properties": { "MED_DESCRI": "Without Median", "RTT_DESCRI": "Secondary Route", "F_CODE_DES": "Road", "ISO": "IND", "ISOCOUNTRY": "INDIA" }, "geometry": { "type": "LineString", "coordinates": [ [ 74.854278625041928, 32.722556975324245 ], [ 74.855003440040576, 32.722362494324614 ], [ 74.85683447203715, 32.721889427325493 ], [ 74.860610881030084, 32.720916833327315 ], [ 74.863777198024167, 32.720111882328823 ], [ 74.889030432976952, 32.713638254340921 ], [ 74.900443953955616, 32.708889062349805 ], [ 74.912330541933386, 32.703945200359044 ], [ 74.924392710910837, 32.695667189374525 ], [ 74.935836849889441, 32.678501075406622 ], [ 74.945335422871679, 32.664249341433269 ], [ 74.951080266860941, 32.659973216441266 ], [ 74.9544144158547, 32.652137843455911 ], [ 74.958526677847019, 32.64786152946391 ], [ 74.961364701841703, 32.644889882469464 ], [ 74.968139595829044, 32.63947295347959 ], [ 74.981193636804633, 32.629055084499072 ], [ 74.988723774790557, 32.62649923750385 ], [ 74.999275266770823, 32.626640231503586 ], [ 75.000000081769471, 32.626945466503017 ], [ 75.005836401758557, 32.629527962498187 ], [ 75.01766969173643, 32.640026156478562 ], [ 75.02788551971733, 32.649112709461569 ], [ 75.052780221670787, 32.660362178440536 ], [ 75.056777949663314, 32.657833169445261 ], [ 75.061195446655049, 32.64980690646027 ], [ 75.069557184639407, 32.647056578465417 ], [ 75.075302217628675, 32.64255516547383 ], [ 75.075416562628462, 32.63994602047871 ], [ 75.075553965628202, 32.636138993485829 ], [ 75.06947326863957, 32.623638155509198 ], [ 75.070251381638116, 32.615249579524885 ], [ 75.071029683636667, 32.606971757540364 ], [ 75.07453147563011, 32.603721524546437 ], [ 75.089279145602546, 32.60224921454919 ], [ 75.103302000576321, 32.597805068557498 ], [ 75.10346983257601, 32.597751581557603 ], [ 75.1157227025531, 32.589916208572248 ], [ 75.116386470551859, 32.58902734157391 ], [ 75.121086144543071, 32.582748383585653 ], [ 75.121170060542909, 32.582637818585859 ], [ 75.122802642539853, 32.571724013606264 ], [ 75.120750480543691, 32.562637271623252 ] ] } },
{ "type": "Feature", "properties": { "MED_DESCRI": "Unknown", "RTT_DESCRI": "Unknown", "F_CODE_DES": "Road", "ISO": "IND", "ISOCOUNTRY": "INDIA" }, "geometry": { "type": "LineString", "coordinates": [ [ 74.851447972047225, 32.70741656335256 ], [ 74.853447025043479, 32.710693445346429 ], [ 74.852943340044419, 32.718082400332612 ], [ 74.853385978043605, 32.719554899329864 ], [ 74.85372164204297, 32.720722163327679 ], [ 74.85405730604235, 32.721862778325544 ], [ 74.854278625041928, 32.722556975324245 ] ] } },
{ "type": "Feature", "properties": { "MED_DESCRI": "Without Median", "RTT_DESCRI": "Secondary Route", "F_CODE_DES": "Road", "ISO": "IND", "ISOCOUNTRY": "INDIA" }, "geometry": { "type": "LineString", "coordinates": [ [ 79.209968647897924, 32.917720831959343 ], [ 79.218246469882445, 32.917083712960533 ], [ 79.250808712821566, 32.914611781965156 ], [ 79.259025487806198, 32.911304470971338 ], [ 79.269447325786714, 32.898223969995797 ], [ 79.280891464765318, 32.893138925005303 ], [ 79.284805276758007, 32.891388029008581 ], [ 79.304168704721803, 32.871887198045037 ], [ 79.307136571716256, 32.868888902050642 ], [ 79.322250334687993, 32.850612602084816 ], [ 79.323890665684928, 32.849609390086691 ], [ 79.325553865681812, 32.848609958088559 ], [ 79.332641554668555, 32.837028416110215 ], [ 79.366279585605668, 32.799999158179453 ], [ 79.376472544586605, 32.788776338200435 ], [ 79.409301844525231, 32.755664861262346 ], [ 79.411193923521694, 32.748638219275485 ], [ 79.412582317519096, 32.743556954284983 ], [ 79.414665286515202, 32.73583214629943 ], [ 79.421333395502728, 32.728832153312517 ], [ 79.434585508477952, 32.719665464329651 ], [ 79.453498927442595, 32.701667750363306 ], [ 79.453720057442183, 32.701442651363728 ], [ 79.468559203414429, 32.692054832381281 ] ] } },
{ "type": "Feature", "properties": { "MED_DESCRI": "Unknown", "RTT_DESCRI": "Unknown", "F_CODE_DES": "Road", "ISO": "IND", "ISOCOUNTRY": "INDIA" }, "geometry": { "type": "LineString", "coordinates": [ [ 74.851447972047225, 32.70741656335256 ], [ 74.854888906040784, 32.706195812354842 ], [ 74.857139518036576, 32.700611051365279 ], [ 74.860641499030038, 32.692054832381281 ], [ 74.861473099028473, 32.691028562383195 ], [ 74.878974876995755, 32.669666270423143 ], [ 74.903198250950467, 32.651779121456585 ], [ 74.932807935895099, 32.621639291512935 ], [ 74.943557688875003, 32.6106948685334 ], [ 74.945083674872151, 32.60913845353631 ], [ 74.960975739842439, 32.596942850559117 ], [ 74.985969477795706, 32.582027348587005 ], [ 74.991775557784848, 32.576415938597492 ] ] } },
{ "type": "Feature", "properties": { "MED_DESCRI": "Without Median", "RTT_DESCRI": "Secondary Route", "F_CODE_DES": "Road", "ISO": "IND", "ISOCOUNTRY": "INDIA" }, "geometry": { "type": "LineString", "coordinates": [ [ 74.460758701777706, 32.793861005190927 ], [ 74.460777223777669, 32.793861383190929 ], [ 74.474136310752698, 32.794109351190464 ], [ 74.477218711746929, 32.793140348192274 ], [ 74.478805555743961, 32.781055499214872 ], [ 74.481002869739854, 32.775165503225885 ], [ 74.482525264737006, 32.771119580233446 ] ] } },
{ "type": "Feature", "properties": { "MED_DESCRI": "Without Median", "RTT_DESCRI": "Secondary Route", "F_CODE_DES": "Road", "ISO": "IND", "ISOCOUNTRY": "INDIA" }, "geometry": { "type": "LineString", "coordinates": [ [ 74.69622208333746, 32.839639451105334 ], [ 74.703277642324267, 32.846500340092504 ], [ 74.715637297301157, 32.85355382007932 ], [ 74.721191440290767, 32.856723728073391 ], [ 74.733749356267282, 32.866695368054749 ] ] } },
{ "type": "Feature", "properties": { "MED_DESCRI": "Without Median", "RTT_DESCRI": "Secondary Route", "F_CODE_DES": "Road", "ISO": "IND", "ISOCOUNTRY": "INDIA" }, "geometry": { "type": "LineString", "coordinates": [ [ 74.723251351286919, 32.606529308541191 ], [ 74.730194077273936, 32.60808175453829 ], [ 74.735168368264638, 32.613639866527897 ], [ 74.761222774215923, 32.629859846497567 ], [ 74.794113121154425, 32.645526812468276 ], [ 74.802864010138066, 32.648109497463444 ], [ 74.815803517113864, 32.66561127543072 ], [ 74.835830713076419, 32.684192621395979 ], [ 74.83841698907159, 32.686584416391504 ], [ 74.839302076069927, 32.687389367390004 ], [ 74.84410853506094, 32.695331525375153 ], [ 74.847000046055541, 32.700084686366267 ], [ 74.851447972047225, 32.70741656335256 ] ] } },
{ "type": "Feature", "properties": { "MED_DESCRI": "Without Median", "RTT_DESCRI": "Secondary Route", "F_CODE_DES": "Road", "ISO": "IND", "ISOCOUNTRY": "INDIA" }, "geometry": { "type": "LineString", "coordinates": [ [ 74.650473121422991, 32.627389049502185 ], [ 74.650474633422988, 32.62738791550219 ], [ 74.657417359410005, 32.622417404511481 ], [ 74.672859226381135, 32.616222362523068 ], [ 74.715667726301092, 32.610000671534699 ], [ 74.723251351286919, 32.606529308541191 ] ] } },
{ "type": "Feature", "properties": { "MED_DESCRI": "Without Median", "RTT_DESCRI": "Secondary Route", "F_CODE_DES": "Road", "ISO": "IND", "ISOCOUNTRY": "INDIA" }, "geometry": { "type": "LineString", "coordinates": [ [ 78.774413990712304, 32.620860989514391 ], [ 78.78124993169952, 32.616054530523378 ], [ 78.787223843688352, 32.615055098525247 ], [ 78.809608436646499, 32.617610945520468 ], [ 78.823913657619755, 32.627109518502706 ], [ 78.844444349581366, 32.633361827491022 ], [ 78.846694961577157, 32.634029375489774 ], [ 78.859138532553885, 32.63408286248967 ], [ 78.879585308515658, 32.629722632497824 ], [ 78.88830557949936, 32.629249565498711 ], [ 78.907218998463989, 32.628250133500579 ], [ 78.960914654363592, 32.606723789540823 ], [ 78.978302087331087, 32.604583742544825 ], [ 78.997497494295189, 32.60499954254405 ], [ 79.010444561270987, 32.60686119254057 ], [ 79.0310287402325, 32.606472041541295 ], [ 79.051025318195116, 32.606109539541976 ], [ 79.078781102143211, 32.601165677551215 ], [ 79.096107488110817, 32.600612663552255 ], [ 79.108474703087694, 32.603832278546236 ], [ 79.117225592071335, 32.609973833534752 ], [ 79.124778788057213, 32.619750992516465 ], [ 79.135803158036595, 32.621807123512625 ], [ 79.158637948993899, 32.618583728518651 ], [ 79.16808322397624, 32.619915044516162 ], [ 79.168830907974851, 32.620555943514965 ], [ 79.174942033963418, 32.625778202505202 ], [ 79.179000808955834, 32.635917674486244 ], [ 79.167915391976564, 32.654972087450616 ], [ 79.164863608982259, 32.666832026428438 ], [ 79.162582378986528, 32.690612762383978 ], [ 79.150390556009327, 32.740222994291216 ], [ 79.148498477012865, 32.747859917276941 ], [ 79.148803712012295, 32.76597216524307 ], [ 79.150360127009378, 32.769195560237044 ] ] } },
{ "type": "Feature", "properties": { "MED_DESCRI": "Without Median", "RTT_DESCRI": "Secondary Route", "F_CODE_DES": "Road", "ISO": "IND", "ISOCOUNTRY": "INDIA" }, "geometry": { "type": "LineString", "coordinates": [ [ 78.622364246996597, 32.606657828540946 ], [ 78.622360277996606, 32.606666522540934 ], [ 78.60544591202823, 32.644443464470299 ], [ 78.580947921074028, 32.663776463434154 ], [ 78.577468809080543, 32.669639621423187 ], [ 78.576141273083024, 32.677417727408645 ], [ 78.58036032007513, 32.688056915388756 ], [ 78.575386029084427, 32.695777943374317 ], [ 78.567749106098717, 32.707694960352036 ], [ 78.545806962139736, 32.722278578324769 ], [ 78.537223905155784, 32.728000553314068 ], [ 78.529167213170851, 32.74510958928208 ] ] } },
{ "type": "Feature", "properties": { "MED_DESCRI": "Without Median", "RTT_DESCRI": "Secondary Route", "F_CODE_DES": "Road", "ISO": "IND", "ISOCOUNTRY": "INDIA" }, "geometry": { "type": "LineString", "coordinates": [ [ 74.991775557784848, 32.576415938597492 ], [ 75.000000081769471, 32.574138677601752 ], [ 75.001525878766614, 32.573722877602528 ], [ 75.027420012718196, 32.56305685162247 ], [ 75.033447222706926, 32.560585109627091 ], [ 75.034225524705477, 32.560360010627512 ], [ 75.060890211655618, 32.552696249641841 ], [ 75.07382971863143, 32.553417284640496 ], [ 75.074027979631055, 32.55352784964029 ], [ 75.0790863756216, 32.556136994635409 ], [ 75.089721594601713, 32.561637839625128 ], [ 75.095253057591364, 32.562526706623466 ], [ 75.10041804958172, 32.5633620866219 ], [ 75.117141714550442, 32.562778454622993 ], [ 75.120750480543691, 32.562637271623252 ] ] } },
{ "type": "Feature", "properties": { "MED_DESCRI": "Without Median", "RTT_DESCRI": "Secondary Route", "F_CODE_DES": "Road", "ISO": "IND", "ISOCOUNTRY": "INDIA" }, "geometry": { "type": "LineString", "coordinates": [ [ 75.350219727114649, 32.785251677207022 ], [ 75.352386423110602, 32.781917528213256 ], [ 75.368141085081135, 32.772056642231696 ], [ 75.385803135048121, 32.763248486248166 ], [ 75.404640198012899, 32.747249636278077 ], [ 75.420722963982826, 32.723972396321599 ], [ 75.44094086094502, 32.707584395352242 ], [ 75.444641102938107, 32.701362515363876 ], [ 75.440750159945381, 32.693916293377796 ], [ 75.435363848955447, 32.683666256396961 ], [ 75.436607279953122, 32.677749611408025 ], [ 75.443580623940093, 32.667777971426673 ], [ 75.453002840922466, 32.635444607487123 ], [ 75.45996862490945, 32.625026738506605 ], [ 75.485107514862449, 32.618526461518755 ], [ 75.488639924855846, 32.616279629522957 ], [ 75.490165721852989, 32.615306846524774 ], [ 75.492775055848114, 32.613639866527897 ], [ 75.499862744834857, 32.602306292549088 ], [ 75.500694344833306, 32.598220868556723 ], [ 75.500808689833093, 32.593666157565238 ], [ 75.501388541832, 32.568779015611774 ] ] } },
{ "type": "Feature", "properties": { "MED_DESCRI": "Without Median", "RTT_DESCRI": "Secondary Route", "F_CODE_DES": "Road", "ISO": "IND", "ISOCOUNTRY": "INDIA" }, "geometry": { "type": "LineString", "coordinates": [ [ 75.09911338258415, 32.754665429264215 ], [ 75.095336973591216, 32.752029446269141 ], [ 75.093360978594902, 32.742279125287375 ], [ 75.095390271591114, 32.733444131303891 ], [ 75.107276859568884, 32.727416921315161 ], [ 75.110809269562282, 32.716609901335367 ], [ 75.11722563055028, 32.710971842345906 ], [ 75.145385685497629, 32.701057469364443 ], [ 75.165885948459305, 32.684944085394577 ], [ 75.189552339415059, 32.674110416414827 ], [ 75.196807860401492, 32.670776456421066 ], [ 75.264694203274559, 32.655612986449412 ], [ 75.28533168023597, 32.65233232445555 ], [ 75.306945720195557, 32.64891822846193 ], [ 75.322555608166368, 32.643081719472846 ], [ 75.331054749150482, 32.637943187482456 ], [ 75.349807707115417, 32.626609802503644 ], [ 75.367057737083172, 32.620639859514803 ], [ 75.389419650041361, 32.618831696518185 ], [ 75.40689081000869, 32.606082890542027 ], [ 75.412330607998513, 32.602111811549449 ], [ 75.426170321972634, 32.598472616556251 ], [ 75.455970707916919, 32.6020851625495 ], [ 75.463195799903417, 32.596416485560098 ], [ 75.491889968849762, 32.573890709602217 ], [ 75.494697563844511, 32.572387781605023 ], [ 75.501388541832, 32.568779015611774 ] ] } },
{ "type": "Feature", "properties": { "MED_DESCRI": "Without Median", "RTT_DESCRI": "Secondary Route", "F_CODE_DES": "Road", "ISO": "IND", "ISOCOUNTRY": "INDIA" }, "geometry": { "type": "LineString", "coordinates": [ [ 74.991775557784848, 32.576415938597492 ], [ 75.000000081769471, 32.567611751613953 ], [ 75.017280540737161, 32.549110352648547 ], [ 75.018638694734619, 32.547973706650673 ], [ 75.027275049718469, 32.540779043664124 ], [ 75.036781371700698, 32.532890372678878 ], [ 75.058418280660234, 32.514915527712482 ], [ 75.063468927650803, 32.511249494719337 ], [ 75.071029683636667, 32.505722000729669 ], [ 75.080886789618233, 32.501667005737254 ] ] } },
{ "type": "Feature", "properties": { "MED_DESCRI": "Without Median", "RTT_DESCRI": "Secondary Route", "F_CODE_DES": "Road", "ISO": "IND", "ISOCOUNTRY": "INDIA" }, "geometry": { "type": "LineString", "coordinates": [ [ 75.120750480543691, 32.562637271623252 ], [ 75.119972178545154, 32.56077959062673 ], [ 75.110778840562347, 32.538970880667506 ], [ 75.102249081578293, 32.518695905705414 ], [ 75.09114079559906, 32.508445679724581 ], [ 75.080886789618233, 32.501667005737254 ] ] } },
{ "type": "Feature", "properties": { "MED_DESCRI": "Without Median", "RTT_DESCRI": "Secondary Route", "F_CODE_DES": "Road", "ISO": "IND", "ISOCOUNTRY": "INDIA" }, "geometry": { "type": "LineString", "coordinates": [ [ 77.601165685905968, 33.032249539745202 ], [ 77.596473760914748, 33.021915397764523 ], [ 77.596275310915118, 33.009056026788571 ], [ 77.610168511889142, 32.938888642919764 ], [ 77.606498698896004, 32.932472281931759 ], [ 77.606414782896152, 32.932334878932018 ], [ 77.591720599923633, 32.914890367964638 ], [ 77.589637819927518, 32.913501784967231 ], [ 77.581474342942784, 32.908111504977306 ], [ 77.575752178953479, 32.90611264098105 ], [ 77.558998084984808, 32.900276131991959 ], [ 77.550582860000546, 32.894943308001928 ], [ 77.523277274051594, 32.869472534049557 ], [ 77.497718804099392, 32.836276952111618 ], [ 77.492164661109769, 32.83311082411754 ], [ 77.482391282128049, 32.833248227117281 ], [ 77.474830715142176, 32.836028984112083 ], [ 77.472724877146121, 32.836807286110627 ], [ 77.463584837163211, 32.835109688113803 ], [ 77.45369711318169, 32.826305312130266 ], [ 77.435524007215676, 32.792888600192747 ], [ 77.42500313323535, 32.764305185246187 ], [ 77.416610777251037, 32.758056656257871 ], [ 77.405830406271193, 32.756778638260265 ], [ 77.394889763291644, 32.758666937256734 ], [ 77.392501748296112, 32.759693207254813 ], [ 77.352752591370432, 32.776695269223026 ], [ 77.323082048425917, 32.784137711209105 ], [ 77.300056367468969, 32.783748560209837 ], [ 77.281829774503038, 32.779220498218301 ], [ 77.272834697519869, 32.769721925236063 ], [ 77.266586357531551, 32.75613792826146 ], [ 77.264999324534514, 32.7526932142679 ], [ 77.254608104553938, 32.746223366279999 ], [ 77.249778776562977, 32.743194641285662 ], [ 77.241332933578761, 32.733276299304208 ], [ 77.218475273621493, 32.687499932389798 ], [ 77.20891565363938, 32.678665127406312 ], [ 77.201164196653863, 32.676303950410727 ], [ 77.200111466655841, 32.668056557426148 ], [ 77.199058547657799, 32.659721468441731 ], [ 77.195663540664157, 32.651474075457152 ], [ 77.194969154665444, 32.649722990460425 ], [ 77.175331109702171, 32.631332345494812 ], [ 77.156219429737902, 32.618472974518859 ], [ 77.134498604778514, 32.589222011573547 ], [ 77.120162954805323, 32.578388153593806 ], [ 77.101943921839379, 32.5698890126097 ], [ 77.09049997186078, 32.566471136616087 ], [ 77.07824710188369, 32.562805103622942 ], [ 77.065246547908004, 32.562557135623408 ], [ 77.04486081894612, 32.569583966610267 ], [ 77.034225410966002, 32.571472076606739 ], [ 77.019363395993793, 32.570667314608244 ], [ 77.014915470002109, 32.568359435612557 ], [ 76.992530877043961, 32.556804731634159 ], [ 76.984138521059648, 32.554779029637949 ] ] } },
{ "type": "Feature", "properties": { "MED_DESCRI": "Without Median", "RTT_DESCRI": "Secondary Route", "F_CODE_DES": "Road", "ISO": "IND", "ISOCOUNTRY": "INDIA" }, "geometry": { "type": "LineString", "coordinates": [ [ 76.159584064601347, 32.777748188221054 ], [ 76.158081136604153, 32.775417251225413 ], [ 76.140861535636361, 32.748443549275848 ], [ 76.130332912656044, 32.739250211293033 ], [ 76.116363544682159, 32.732860499304984 ], [ 76.108253554697328, 32.723999045321548 ], [ 76.10344690670631, 32.706333215354583 ], [ 76.105277938702883, 32.690582333384029 ], [ 76.102859494707403, 32.685890219392803 ], [ 76.091140738729322, 32.673110984416702 ], [ 76.077751222754358, 32.647334975464894 ], [ 76.078109755753687, 32.641613000475594 ], [ 76.086860644737328, 32.63238904449284 ], [ 76.091972338727771, 32.62047202751512 ], [ 76.123252783669273, 32.576721173596923 ], [ 76.12882998465885, 32.561000909626316 ], [ 76.129058863658429, 32.560390439627454 ], [ 76.131500176653859, 32.553501200640341 ] ] } },
{ "type": "Feature", "properties": { "MED_DESCRI": "Without Median", "RTT_DESCRI": "Secondary Route", "F_CODE_DES": "Road", "ISO": "IND", "ISOCOUNTRY": "INDIA" }, "geometry": { "type": "LineString", "coordinates": [ [ 76.984138521059648, 32.554779029637949 ], [ 76.970611602084944, 32.551887518643355 ], [ 76.967636175090504, 32.551250399644545 ] ] } },
{ "type": "Feature", "properties": { "MED_DESCRI": "Without Median", "RTT_DESCRI": "Secondary Route", "F_CODE_DES": "Road", "ISO": "IND", "ISOCOUNTRY": "INDIA" }, "geometry": { "type": "LineString", "coordinates": [ [ 76.191444361541784, 33.262973746313811 ], [ 76.200332653525166, 33.252109459334122 ], [ 76.207946707510928, 33.231109669373389 ], [ 76.215248155497278, 33.223640389387356 ], [ 76.221496495485596, 33.219612043394882 ], [ 76.238586442453638, 33.208610542415457 ], [ 76.24405666944341, 33.19736107343649 ], [ 76.257751420417804, 33.16930383448895 ], [ 76.263694714406697, 33.161529508503484 ], [ 76.269195559396408, 33.160251679505876 ], [ 76.270332394394273, 33.159999931506341 ], [ 76.280082715376054, 33.160888609504681 ], [ 76.28969582235807, 33.164306674498292 ], [ 76.29569241434686, 33.164112004498655 ], [ 76.303359955332525, 33.155250550515227 ], [ 76.315193245310397, 33.131694724559267 ], [ 76.318168672304836, 33.129665431563062 ], [ 76.323165832295487, 33.126304633569347 ], [ 76.330802944281217, 33.125946100570019 ], [ 76.343696524257112, 33.129501379563365 ], [ 76.3510818882433, 33.128917747564458 ], [ 76.357246312231766, 33.126194068569554 ], [ 76.365859987215671, 33.11922072458259 ], [ 76.367530747212541, 33.112472479595205 ], [ 76.36949918220887, 33.104473054610168 ], [ 76.372360264203508, 33.103137958612663 ], [ 76.393638640163729, 33.093139669631356 ], [ 76.397697415156145, 33.084804580646939 ], [ 76.399055569153603, 33.073501624668076 ], [ 76.399917598151987, 33.066333799681473 ], [ 76.416831964120362, 33.04364019172391 ], [ 76.419502345115376, 33.035972650738245 ], [ 76.422752389109291, 33.013862674779581 ], [ 76.427497801100415, 32.998664806808002 ], [ 76.426193323102865, 32.993637028817396 ], [ 76.425529555104106, 32.991027883822277 ], [ 76.419052147116219, 32.981334640840402 ], [ 76.417579648118959, 32.969806585861953 ], [ 76.420524646113464, 32.95294570689348 ], [ 76.424804740105458, 32.949695662899558 ], [ 76.439636137077727, 32.947109197904396 ], [ 76.446281377065304, 32.940750103916287 ], [ 76.450111462058146, 32.92713926894173 ], [ 76.450584340057262, 32.922527290950356 ], [ 76.454414425050089, 32.883834833022703 ], [ 76.455001837048997, 32.878028942033559 ], [ 76.451751793055067, 32.869167299050126 ], [ 76.435081426086242, 32.861583674064306 ], [ 76.430496286094808, 32.856777215073294 ], [ 76.423385539108111, 32.83124917412102 ], [ 76.41461178112452, 32.810443865159925 ], [ 76.413223198127113, 32.801887457175923 ], [ 76.41510771712359, 32.793472232191654 ], [ 76.424888656105296, 32.780139983216586 ], [ 76.430725165094387, 32.774444657227228 ], [ 76.449996928058354, 32.755527458262598 ], [ 76.471305922018516, 32.739692660292206 ], [ 76.480697710000953, 32.73688884529745 ], [ 76.481552178999351, 32.736972761297295 ], [ 76.501441971962166, 32.739166295293195 ], [ 76.523025582921804, 32.745582656281194 ], [ 76.5322799679045, 32.749862750273195 ], [ 76.538253690893342, 32.757221276259436 ], [ 76.54289250688467, 32.762943251248736 ], [ 76.547607489875844, 32.765445800244059 ], [ 76.550140467871117, 32.765026031244844 ], [ 76.579109253816952, 32.760334106253616 ], [ 76.586692878802765, 32.760665801252998 ], [ 76.601829510774465, 32.766109379242813 ], [ 76.610275353758681, 32.765777495243434 ], [ 76.616447526747137, 32.762359619249828 ], [ 76.62400053373301, 32.753971043265508 ], [ 76.622642568735557, 32.744720438282805 ], [ 76.624191234732649, 32.736526532298129 ], [ 76.629470760722782, 32.729862203310589 ], [ 76.651107858682323, 32.721832349325602 ], [ 76.660774263664251, 32.714111321340042 ], [ 76.665611340655204, 32.710277645347205 ], [ 76.67925260462971, 32.694999641375773 ], [ 76.690086273609452, 32.685584984393373 ], [ 76.728919914536846, 32.656192838448334 ], [ 76.756111155485996, 32.654556287451392 ], [ 76.77994537844144, 32.648803694462146 ], [ 76.816253601373546, 32.639999318478608 ], [ 76.828025844351544, 32.635860407486348 ], [ 76.863777084284692, 32.623332920509768 ], [ 76.89627846922393, 32.603721524546437 ], [ 76.915107783188716, 32.598609830555993 ], [ 76.936691205148364, 32.592693374567062 ], [ 76.946807808129449, 32.581165319588614 ], [ 76.958114544108312, 32.562583973623354 ], [ 76.967636175090504, 32.551250399644545 ] ] } },
{ "type": "Feature", "properties": { "MED_DESCRI": "Without Median", "RTT_DESCRI": "Secondary Route", "F_CODE_DES": "Road", "ISO": "IND", "ISOCOUNTRY": "INDIA" }, "geometry": { "type": "LineString", "coordinates": [ [ 74.652230065419701, 32.560589834627081 ], [ 74.670082060386335, 32.570804528607987 ], [ 74.687446624353868, 32.583415931584405 ], [ 74.713058392305967, 32.602027895549604 ], [ 74.723251351286919, 32.606529308541191 ] ] } },
{ "type": "Feature", "properties": { "MED_DESCRI": "Without Median", "RTT_DESCRI": "Secondary Route", "F_CODE_DES": "Road", "ISO": "IND", "ISOCOUNTRY": "INDIA" }, "geometry": { "type": "LineString", "coordinates": [ [ 79.468559203414429, 32.692054832381281 ], [ 79.499969491355699, 32.668998722424391 ], [ 79.538696347283292, 32.63458257848874 ], [ 79.552861141256813, 32.61917057351755 ] ] } },
{ "type": "Feature", "properties": { "MED_DESCRI": "Without Median", "RTT_DESCRI": "Secondary Route", "F_CODE_DES": "Road", "ISO": "IND", "ISOCOUNTRY": "INDIA" }, "geometry": { "type": "LineString", "coordinates": [ [ 77.90255737034245, 32.445445931842372 ], [ 77.940971431270626, 32.431221035868973 ], [ 77.95094307125197, 32.43130495186881 ], [ 77.958442780237959, 32.439556124853382 ], [ 77.96511070022548, 32.460361433814484 ], [ 77.961250375232709, 32.500583657739277 ], [ 77.963668819228189, 32.507083934727127 ], [ 77.965805086224194, 32.509166714723229 ], [ 77.973808291209224, 32.517028736708532 ], [ 77.976669373203876, 32.518333403706094 ], [ 77.989219729180405, 32.524055567695392 ], [ 77.992637605174025, 32.525611793692484 ], [ 78.007141087146906, 32.527862594688273 ], [ 78.04869084706921, 32.529777542684698 ], [ 78.060165415047763, 32.533554140677637 ], [ 78.078140260014152, 32.544193328657741 ], [ 78.088668882994469, 32.55041501964611 ], [ 78.100196748972905, 32.551887518643355 ], [ 78.121498182933081, 32.55458454863831 ], [ 78.148528962882537, 32.555362661636856 ], [ 78.161308197858645, 32.553638414640083 ], [ 78.174446154834087, 32.558776946630474 ], [ 78.176475447830285, 32.559581708628968 ], [ 78.213470496761119, 32.581695464587625 ], [ 78.219085686750617, 32.583694517583886 ], [ 78.238197366714886, 32.582084615586894 ], [ 78.247863771696814, 32.581275884588408 ], [ 78.259086591675825, 32.582027348587005 ], [ 78.259719930674649, 32.582054186586952 ], [ 78.28266906663174, 32.590026773572042 ], [ 78.299919096599481, 32.598751013555734 ], [ 78.316192563569061, 32.612026184530912 ], [ 78.330665616541992, 32.630279615496782 ], [ 78.35583493549494, 32.644943180469369 ], [ 78.35813903449062, 32.646804830465882 ], [ 78.370002753468441, 32.65633383244807 ], [ 78.376724160455879, 32.665443443431037 ], [ 78.380668590448508, 32.673557213415862 ], [ 78.383499054443206, 32.679359513405018 ], [ 78.388999899432932, 32.684333804395713 ], [ 78.397247292417504, 32.68866738538761 ], [ 78.424194345367127, 32.692359878380707 ], [ 78.472747878276337, 32.717723867333284 ], [ 78.481857300259307, 32.722499897324354 ], [ 78.506469636213282, 32.739166295293195 ], [ 78.52363593918119, 32.74464030228296 ], [ 78.529167213170851, 32.74510958928208 ] ] } },
{ "type": "Feature", "properties": { "MED_DESCRI": "Without Median", "RTT_DESCRI": "Secondary Route", "F_CODE_DES": "Road", "ISO": "IND", "ISOCOUNTRY": "INDIA" }, "geometry": { "type": "LineString", "coordinates": [ [ 75.080886789618233, 32.501667005737254 ], [ 75.116836479551012, 32.483859992770547 ], [ 75.121330332542612, 32.481639809774698 ], [ 75.188972487416137, 32.457778937819313 ], [ 75.196052616402895, 32.455276577823994 ], [ 75.215309070366899, 32.448471065836713 ], [ 75.25536346229201, 32.434307027863198 ], [ 75.26088717628167, 32.432693534866218 ], [ 75.26547250527311, 32.431362218868706 ], [ 75.278388954248953, 32.427638918875665 ], [ 75.283363434239646, 32.426193257878367 ], [ 75.305419923198414, 32.419860812890214 ] ] } },
{ "type": "Feature", "properties": { "MED_DESCRI": "Without Median", "RTT_DESCRI": "Secondary Route", "F_CODE_DES": "Road", "ISO": "IND", "ISOCOUNTRY": "INDIA" }, "geometry": { "type": "LineString", "coordinates": [ [ 76.984138521059648, 32.554779029637949 ], [ 76.982246442063186, 32.546470589653481 ], [ 76.979415978068474, 32.534053856676699 ], [ 76.982109039063445, 32.524055567695392 ], [ 76.988746719051036, 32.516529020709463 ], [ 76.996864269035854, 32.511554729718767 ], [ 77.020194995992227, 32.509944827721775 ], [ 77.040275489954681, 32.503581953733672 ], [ 77.069442725900146, 32.499195074741877 ], [ 77.083778375873351, 32.493026681753406 ], [ 77.09046935386084, 32.490138950758812 ], [ 77.103805571835906, 32.482917827772312 ], [ 77.129386910788071, 32.469055244798227 ], [ 77.195358305664726, 32.433277166865125 ], [ 77.209808300637704, 32.426361089878057 ], [ 77.222503619613974, 32.420276612889431 ], [ 77.23288727959455, 32.410972520906832 ], [ 77.261970599540177, 32.384918303955544 ] ] } },
{ "type": "Feature", "properties": { "MED_DESCRI": "Without Median", "RTT_DESCRI": "Secondary Route", "F_CODE_DES": "Road", "ISO": "IND", "ISOCOUNTRY": "INDIA" }, "geometry": { "type": "LineString", "coordinates": [ [ 75.050476122675093, 32.486450804765703 ], [ 75.051612768672967, 32.487667019763428 ], [ 75.080886789618233, 32.501667005737254 ] ] } },
{ "type": "Feature", "properties": { "MED_DESCRI": "Without Median", "RTT_DESCRI": "Secondary Route", "F_CODE_DES": "Road", "ISO": "IND", "ISOCOUNTRY": "INDIA" }, "geometry": { "type": "LineString", "coordinates": [ [ 75.501388541832, 32.568779015611774 ], [ 75.503303489828426, 32.562416141623672 ], [ 75.505775420823795, 32.5541649686391 ], [ 75.511863677812414, 32.548751819649219 ], [ 75.539581283760597, 32.543529560658982 ], [ 75.575584460693278, 32.528362310687342 ], [ 75.611083952626899, 32.520305618702402 ], [ 75.619026110612054, 32.514972605712373 ], [ 75.620140076609971, 32.509471949722659 ], [ 75.627441335596316, 32.472721088791374 ], [ 75.632530160586796, 32.465637179804624 ], [ 75.646919297559904, 32.461082468813139 ], [ 75.657890369539388, 32.451305309831419 ], [ 75.681136991495919, 32.424472790881588 ], [ 75.682304444493738, 32.415584498898205 ], [ 75.681198038495808, 32.40841667391161 ], [ 75.677917565501943, 32.404998797917997 ], [ 75.675636335506198, 32.402637431922415 ], [ 75.667724606520991, 32.400165500927038 ], [ 75.644889815563687, 32.398109369930879 ], [ 75.629722565592047, 32.394584708937472 ], [ 75.604415843639373, 32.385501935954451 ], [ 75.583503749678471, 32.383304621958558 ], [ 75.568252583706979, 32.377250762969879 ], [ 75.562057541718573, 32.376945527970449 ], [ 75.556137116729644, 32.376640292971018 ], [ 75.537445016764593, 32.383194056958764 ], [ 75.508194053819281, 32.3934440939396 ], [ 75.500442596833778, 32.397167204932643 ], [ 75.491691518850132, 32.401359602924806 ], [ 75.443641670939968, 32.424415523881692 ], [ 75.437858648950794, 32.427192689876499 ], [ 75.424835225975144, 32.435470511861027 ], [ 75.419555699985011, 32.435665181860664 ], [ 75.412086419998971, 32.43594357886014 ], [ 75.406471230009473, 32.437694474856869 ], [ 75.405502227011283, 32.437999709856292 ], [ 75.398803689023808, 32.440082489852401 ], [ 75.368362404080727, 32.449501115834792 ], [ 75.359970048096415, 32.454055826826277 ], [ 75.348358077118135, 32.460361433814484 ], [ 75.320915277169433, 32.469001757798331 ], [ 75.315582264179412, 32.472251801792254 ], [ 75.304000911201072, 32.479305281779062 ], [ 75.294555636218732, 32.485054094768316 ], [ 75.272140425260631, 32.491222298756782 ], [ 75.257530158287949, 32.495223995749299 ], [ 75.250503516301094, 32.498748845742711 ], [ 75.236892681326538, 32.510417894720895 ], [ 75.231330789336937, 32.512916474716221 ], [ 75.224197362350282, 32.516109440710252 ], [ 75.187553475418795, 32.532554708679505 ], [ 75.150497379488073, 32.546138705654101 ], [ 75.142440876503144, 32.550609500645741 ], [ 75.120750480543691, 32.562637271623252 ] ] } },
{ "type": "Feature", "properties": { "MED_DESCRI": "Without Median", "RTT_DESCRI": "Secondary Route", "F_CODE_DES": "Road", "ISO": "IND", "ISOCOUNTRY": "INDIA" }, "geometry": { "type": "LineString", "coordinates": [ [ 75.305419923198414, 32.419860812890214 ], [ 75.32119745416891, 32.418083267893536 ], [ 75.334335411144352, 32.419471661890938 ], [ 75.347305347120098, 32.423362793883662 ], [ 75.353775006107995, 32.423473358883456 ], [ 75.361862127092877, 32.421195908887711 ], [ 75.377807679063068, 32.416721333896078 ], [ 75.395690859029628, 32.414970437899356 ], [ 75.401779116018247, 32.414390585900442 ], [ 75.407722410007139, 32.413806953901528 ], [ 75.412940888997383, 32.413276619902518 ], [ 75.415389950992804, 32.41169355590548 ], [ 75.417198113989414, 32.410526291907665 ], [ 75.418136687987655, 32.409389456909793 ], [ 75.426086405972796, 32.399971019927399 ], [ 75.442359872942376, 32.393833244938875 ], [ 75.442718594941695, 32.393695841939135 ], [ 75.454414292919836, 32.389278344947392 ], [ 75.472389137886225, 32.378776559967029 ], [ 75.476554886878432, 32.376335057971595 ], [ 75.479278565873344, 32.374748213974563 ], [ 75.484474175863625, 32.372775998978248 ], [ 75.48950195385423, 32.37086105098183 ], [ 75.497329766839599, 32.367862754987435 ], [ 75.5106964138146, 32.366249072990449 ], [ 75.52258300179237, 32.366416904990139 ], [ 75.530830394776956, 32.366500820989977 ] ] } },
{ "type": "Feature", "properties": { "MED_DESCRI": "Without Median", "RTT_DESCRI": "Secondary Route", "F_CODE_DES": "Road", "ISO": "IND", "ISOCOUNTRY": "INDIA" }, "geometry": { "type": "LineString", "coordinates": [ [ 76.804054218396359, 32.324085252069288 ], [ 76.808364930388294, 32.3246116170683 ], [ 76.82247170136192, 32.332748445053085 ], [ 76.826469429354447, 32.338638252042074 ], [ 76.827667311352215, 32.365501388991845 ], [ 76.825943064355428, 32.372081801979547 ], [ 76.81855770036924, 32.378665994967236 ], [ 76.819580001367328, 32.383998818957267 ], [ 76.836860649335023, 32.408527427911402 ], [ 76.857475257296471, 32.425388306879874 ], [ 76.879470888255355, 32.448276584837082 ], [ 76.902358977212558, 32.459720534815681 ], [ 76.905136143207358, 32.468112890799993 ], [ 76.902358977212558, 32.484279572769765 ], [ 76.903526241210372, 32.487526025763692 ], [ 76.909774770198695, 32.492137814755068 ], [ 76.942192050138075, 32.507388980726553 ], [ 76.948112475127004, 32.512279544717408 ], [ 76.953582702116776, 32.516776988709005 ], [ 76.963859577097566, 32.536193903672697 ], [ 76.967636175090504, 32.551250399644545 ] ] } },
{ "type": "Feature", "properties": { "MED_DESCRI": "Without Median", "RTT_DESCRI": "Secondary Route", "F_CODE_DES": "Road", "ISO": "IND", "ISOCOUNTRY": "INDIA" }, "geometry": { "type": "LineString", "coordinates": [ [ 75.305419923198414, 32.419860812890214 ], [ 75.30603020419727, 32.414970437899356 ], [ 75.294387804219042, 32.386112216953315 ], [ 75.285110550236382, 32.37908179496646 ], [ 75.282363813241517, 32.376998825970354 ], [ 75.280555650244906, 32.372306900979126 ], [ 75.282195792241836, 32.365197287992416 ] ] } },
{ "type": "Feature", "properties": { "MED_DESCRI": "Without Median", "RTT_DESCRI": "Secondary Route", "F_CODE_DES": "Road", "ISO": "IND", "ISOCOUNTRY": "INDIA" }, "geometry": { "type": "LineString", "coordinates": [ [ 75.754303049359123, 32.289390522134156 ], [ 75.757888757352418, 32.323223034070899 ], [ 75.765556298338083, 32.345165178029873 ], [ 75.766944881335476, 32.360363046001453 ], [ 75.778335533314191, 32.379276275966092 ], [ 75.782470664306459, 32.389583579946823 ], [ 75.783111563305255, 32.404056632919762 ], [ 75.791336087289878, 32.405776910916543 ], [ 75.793220606286354, 32.406166061915819 ], [ 75.794944853283127, 32.412666338903662 ], [ 75.802635263268755, 32.410972520906832 ], [ 75.816696107242464, 32.402942666921845 ], [ 75.821281436233889, 32.403167765921424 ], [ 75.832801742212354, 32.416583930896337 ], [ 75.840751649197486, 32.419029212891765 ], [ 75.847557161184753, 32.426029205878677 ], [ 75.873580949136098, 32.43302919886559 ], [ 75.883583018117406, 32.444973053843256 ], [ 75.88541405011398, 32.445194183842844 ], [ 75.895111073095848, 32.446445552840501 ], [ 75.903274550080582, 32.453498843827319 ], [ 75.904029794079165, 32.455612241823367 ], [ 75.912391721063528, 32.479167878779322 ], [ 75.917724545053559, 32.484001175770288 ], [ 75.92208099504542, 32.495693282748427 ], [ 75.926635706036905, 32.496139511747586 ], [ 75.934280378022606, 32.487556454763634 ], [ 75.936554048018351, 32.489723150759588 ], [ 75.934829801021579, 32.499278990741722 ], [ 75.944885168002784, 32.502498605735703 ], [ 75.946609414999557, 32.505111719730813 ], [ 75.939331025013161, 32.512554161716899 ], [ 75.946388284999969, 32.532859754678931 ], [ 75.946052621000604, 32.545192760655873 ], [ 75.946029752000641, 32.546165543654055 ], [ 75.953552329986579, 32.555221478637122 ], [ 75.973052971950111, 32.563278170622056 ], [ 75.996139510906943, 32.566192550616606 ], [ 76.024055566854756, 32.577835139594839 ], [ 76.039276114826293, 32.581306502588347 ], [ 76.056274396794507, 32.582332583586428 ], [ 76.075721740758155, 32.596443134560047 ], [ 76.080558817749107, 32.599971764553452 ], [ 76.087280224736546, 32.600749877551998 ], [ 76.091774077728132, 32.598415349556362 ], [ 76.116386413682122, 32.557109777633592 ], [ 76.122833203670069, 32.553970298639463 ], [ 76.123168867669435, 32.553943649639514 ], [ 76.131500176653859, 32.553501200640341 ] ] } },
{ "type": "Feature", "properties": { "MED_DESCRI": "Without Median", "RTT_DESCRI": "Secondary Route", "F_CODE_DES": "Road", "ISO": "IND", "ISOCOUNTRY": "INDIA" }, "geometry": { "type": "LineString", "coordinates": [ [ 76.131500176653859, 32.553501200640341 ], [ 76.146057145626642, 32.529804191684647 ], [ 76.17121890457959, 32.512611428716788 ], [ 76.180580074562087, 32.493526397752476 ], [ 76.189224178545928, 32.485221926768006 ], [ 76.202079769521887, 32.478695000780206 ], [ 76.216140802495602, 32.474277503788464 ], [ 76.233390832463357, 32.472667601791478 ], [ 76.250968966430477, 32.471027459794541 ], [ 76.25316628042637, 32.4701958597961 ], [ 76.263725332406636, 32.466110246803737 ], [ 76.272026023391106, 32.467166945801758 ], [ 76.287330676362501, 32.473140668790592 ], [ 76.300636276337613, 32.468223644799785 ], [ 76.31427772931211, 32.470664957795222 ], [ 76.327918993286602, 32.455444409823677 ], [ 76.33544157127254, 32.451862292830377 ], [ 76.346000623252806, 32.451889130830324 ], [ 76.359863206226876, 32.454776672824927 ], [ 76.367057869213426, 32.455307006823936 ], [ 76.39297487216497, 32.457164687820459 ], [ 76.400581366150746, 32.460693317813863 ], [ 76.41058343513204, 32.469860006796722 ], [ 76.415496868122858, 32.468917841798486 ], [ 76.418281594117659, 32.464473695806795 ], [ 76.421501209111639, 32.459304734816463 ], [ 76.440025288076995, 32.45713803882051 ], [ 76.449531610059225, 32.451805025830481 ], [ 76.456138672046876, 32.440860791850945 ], [ 76.456581121046042, 32.433303815865074 ], [ 76.450836088056789, 32.425723970879247 ], [ 76.439056474078811, 32.415164918898988 ], [ 76.434692464086964, 32.411277755906262 ], [ 76.432586626090909, 32.406139412915863 ], [ 76.434608548087127, 32.399333900928589 ], [ 76.441139254074912, 32.389751411946506 ], [ 76.442863501071685, 32.374916045974246 ], [ 76.453529338051752, 32.363918324994806 ], [ 76.454360938050201, 32.354556966012311 ], [ 76.459304800040954, 32.353168572014908 ], [ 76.476692233008436, 32.364692657993359 ], [ 76.498863255966981, 32.368862186985567 ], [ 76.501441971962166, 32.368721003985826 ], [ 76.508056593949803, 32.368331852986557 ], [ 76.514030505938621, 32.363777141995072 ], [ 76.514968890936871, 32.362583228997302 ], [ 76.536193779897189, 32.335834437047318 ], [ 76.593002265790972, 32.292835236127715 ], [ 76.624420113732228, 32.281276752149324 ], [ 76.627197279727028, 32.280277320151193 ], [ 76.649559003685226, 32.275695771159761 ], [ 76.658752530668039, 32.27539053616033 ], [ 76.665359403655685, 32.279445720152751 ], [ 76.680358821627635, 32.288665707135515 ], [ 76.690666125608359, 32.306526207102117 ], [ 76.699417203592006, 32.313751299088608 ], [ 76.708190961575596, 32.315971293084459 ], [ 76.71980293255389, 32.315750163084871 ], [ 76.74900059749929, 32.309833518095935 ], [ 76.753669653490562, 32.308887573097699 ], [ 76.766029308467452, 32.30961219909635 ], [ 76.789085418424349, 32.322223602072768 ], [ 76.804054218396359, 32.324085252069288 ] ] } },
{ "type": "Feature", "properties": { "MED_DESCRI": "Without Median", "RTT_DESCRI": "Secondary Route", "F_CODE_DES": "Road", "ISO": "IND", "ISOCOUNTRY": "INDIA" }, "geometry": { "type": "LineString", "coordinates": [ [ 75.600502031646684, 32.270748129169014 ], [ 75.60175321164435, 32.271026526168491 ], [ 75.606193577636049, 32.271972660166725 ], [ 75.610778717627468, 32.2729454431649 ], [ 75.642555287568058, 32.275165626160749 ], [ 75.647026082559705, 32.275470672160182 ], [ 75.653388956547801, 32.275333458160439 ], [ 75.665946872524316, 32.275054872160958 ], [ 75.724746662414375, 32.283473877145219 ], [ 75.746528534373653, 32.289081507134732 ], [ 75.749137868368777, 32.289749055133484 ], [ 75.754303049359123, 32.289390522134156 ] ] } },
{ "type": "Feature", "properties": { "MED_DESCRI": "Without Median", "RTT_DESCRI": "Secondary Route", "F_CODE_DES": "Road", "ISO": "IND", "ISOCOUNTRY": "INDIA" }, "geometry": { "type": "LineString", "coordinates": [ [ 75.530830394776956, 32.366500820989977 ], [ 75.556358246729218, 32.365695869991484 ], [ 75.559913714722569, 32.365581524991697 ], [ 75.560081546722259, 32.365417472992007 ], [ 75.563552909715767, 32.361862193998654 ], [ 75.568084751707303, 32.357250216007273 ], [ 75.570358232703043, 32.354946117011586 ], [ 75.588447611669224, 32.336498205046077 ], [ 75.596031236655051, 32.324749020068047 ], [ 75.604080179639993, 32.302665693109333 ], [ 75.603691028640725, 32.298557211117014 ], [ 75.60255438264285, 32.286304530139923 ], [ 75.598030100651314, 32.277805389155816 ], [ 75.598526036650384, 32.276416806158416 ], [ 75.600502031646684, 32.270748129169014 ] ] } },
{ "type": "Feature", "properties": { "MED_DESCRI": "Without Median", "RTT_DESCRI": "Secondary Route", "F_CODE_DES": "Road", "ISO": "IND", "ISOCOUNTRY": "INDIA" }, "geometry": { "type": "LineString", "coordinates": [ [ 75.600502031646684, 32.270748129169014 ], [ 75.601585379644661, 32.270137848170151 ], [ 75.604942397638382, 32.268276198173631 ], [ 75.611000036627061, 32.264915400179916 ] ] } },
{ "type": "Feature", "properties": { "MED_DESCRI": "Without Median", "RTT_DESCRI": "Secondary Route", "F_CODE_DES": "Road", "ISO": "IND", "ISOCOUNTRY": "INDIA" }, "geometry": { "type": "LineString", "coordinates": [ [ 75.380162430058661, 32.258860785191239 ], [ 75.38016507605866, 32.258861541191237 ], [ 75.387641916044686, 32.261196069186873 ], [ 75.407447793007648, 32.270721480169065 ], [ 75.410110425002671, 32.272529643165683 ], [ 75.432914786960026, 32.288112693136547 ], [ 75.466194095897805, 32.31302648408996 ], [ 75.481529177869135, 32.328723879060611 ], [ 75.506835899821823, 32.344944048030285 ], [ 75.51994323879731, 32.356556019008572 ], [ 75.524696399788425, 32.360889411000471 ], [ 75.530830394776956, 32.366500820989977 ] ] } },
{ "type": "Feature", "properties": { "MED_DESCRI": "Without Median", "RTT_DESCRI": "Secondary Route", "F_CODE_DES": "Road", "ISO": "IND", "ISOCOUNTRY": "INDIA" }, "geometry": { "type": "LineString", "coordinates": [ [ 77.261970599540177, 32.384918303955544 ], [ 77.279640209507136, 32.369167421984997 ], [ 77.308135928453851, 32.3555259690105 ], [ 77.322387662427204, 32.345943480028417 ], [ 77.350082399375424, 32.315303745085707 ], [ 77.363746721349884, 32.306610123101962 ], [ 77.372108459334243, 32.303165409108402 ], [ 77.394859334291709, 32.293724103126053 ], [ 77.411697344260219, 32.291332308130528 ], [ 77.443473725200818, 32.29199985612928 ], [ 77.507446256081195, 32.273803692163298 ], [ 77.514053318068846, 32.273029359164745 ], [ 77.530502366038093, 32.271137280168283 ], [ 77.548942529003611, 32.27450185816199 ], [ 77.555946301990517, 32.274307188162361 ], [ 77.568138124967717, 32.267582001174929 ], [ 77.583915655938227, 32.252998383202197 ], [ 77.584335235937431, 32.252777064202611 ], [ 77.591918860923258, 32.248916550209834 ], [ 77.594833429917813, 32.250167919207492 ], [ 77.61936184987195, 32.290389954132287 ], [ 77.619751000871219, 32.292026505129229 ], [ 77.630111602851841, 32.337722736043787 ], [ 77.626945474857763, 32.353668288013971 ], [ 77.619941701870857, 32.37086105098183 ], [ 77.620582600869668, 32.374305764975389 ], [ 77.62541967786062, 32.380664858963499 ], [ 77.656112710803228, 32.402500217922672 ], [ 77.662277134791708, 32.40686025891452 ], [ 77.696136484728399, 32.433860798864032 ], [ 77.709274252703835, 32.441860223849076 ], [ 77.731750510661811, 32.442779519847356 ], [ 77.765113924599433, 32.444110835844867 ], [ 77.787086497558349, 32.443584470845856 ], [ 77.822692963491775, 32.442722252847467 ], [ 77.831581066475152, 32.443443287846115 ], [ 77.854774390431785, 32.450359364833183 ], [ 77.873443621396873, 32.450027480833803 ], [ 77.90255737034245, 32.445445931842372 ] ] } },
{ "type": "Feature", "properties": { "MED_DESCRI": "Without Median", "RTT_DESCRI": "Secondary Route", "F_CODE_DES": "Road", "ISO": "IND", "ISOCOUNTRY": "INDIA" }, "geometry": { "type": "LineString", "coordinates": [ [ 76.268524231397663, 32.151332826392284 ], [ 76.27436074038674, 32.155139853385172 ], [ 76.28688803836333, 32.157527868380704 ], [ 76.294692982348735, 32.161777533372756 ], [ 76.306640617326394, 32.173332237351154 ], [ 76.325141827291802, 32.196388158308046 ], [ 76.325553847291033, 32.211303660280159 ], [ 76.325668381290811, 32.213333142276362 ] ] } },
{ "type": "Feature", "properties": { "MED_DESCRI": "Without Median", "RTT_DESCRI": "Secondary Route", "F_CODE_DES": "Road", "ISO": "IND", "ISOCOUNTRY": "INDIA" }, "geometry": { "type": "LineString", "coordinates": [ [ 75.754303049359123, 32.289390522134156 ], [ 75.758636441351015, 32.289054858134783 ], [ 75.767135582335129, 32.285915379140654 ], [ 75.779945435311177, 32.281165998149532 ], [ 75.785079998301569, 32.280582366150625 ], [ 75.798446645276584, 32.279083218153431 ], [ 75.829246463218993, 32.278305105154885 ], [ 75.846946691185906, 32.280303969151149 ], [ 75.850166306179887, 32.281223265149428 ], [ 75.866416904149489, 32.285777976140913 ], [ 75.873695294135885, 32.287803678137124 ], [ 75.878418026127051, 32.291305470130574 ], [ 75.88524621811429, 32.296390515121068 ], [ 75.89389032209813, 32.300388243113595 ], [ 75.895194989095685, 32.300998713112449 ], [ 75.89978031808711, 32.301223812112028 ], [ 75.908973656069932, 32.296859802120188 ], [ 75.945831302001011, 32.298610698116917 ], [ 75.955139173983611, 32.296527918120809 ], [ 75.970497124954889, 32.28900137113488 ], [ 75.973999105948351, 32.286861513138888 ], [ 75.993553234911786, 32.27497095616112 ], [ 76.02130882985989, 32.251667067204686 ], [ 76.048080490809838, 32.229137511246812 ], [ 76.053169315800318, 32.225860629252942 ], [ 76.061027557785621, 32.220806202262388 ], [ 76.070304811768281, 32.21916587126546 ], [ 76.10130307971032, 32.219249787265298 ], [ 76.13813785664145, 32.216583186270285 ], [ 76.150474642618377, 32.21760945626837 ], [ 76.154586715610691, 32.219001819265763 ], [ 76.163665708593712, 32.222110680259952 ], [ 76.17202763557809, 32.222057382260054 ], [ 76.19596864353332, 32.202583389296464 ], [ 76.22547154347815, 32.17861176334128 ], [ 76.232749933464547, 32.174137188349647 ], [ 76.249252279433691, 32.169139839358991 ], [ 76.249526896433181, 32.168888091359463 ], [ 76.268524231397663, 32.151332826392284 ] ] } },
{ "type": "Feature", "properties": { "MED_DESCRI": "Without Median", "RTT_DESCRI": "Secondary Route", "F_CODE_DES": "Road", "ISO": "IND", "ISOCOUNTRY": "INDIA" }, "geometry": { "type": "LineString", "coordinates": [ [ 76.415473999122895, 32.124416391442615 ], [ 76.413581920126447, 32.111557020466655 ] ] } },
{ "type": "Feature", "properties": { "MED_DESCRI": "Without Median", "RTT_DESCRI": "Secondary Route", "F_CODE_DES": "Road", "ISO": "IND", "ISOCOUNTRY": "INDIA" }, "geometry": { "type": "LineString", "coordinates": [ [ 76.413581920126447, 32.111557020466655 ], [ 76.422752389109291, 32.104831644479233 ], [ 76.426551856102193, 32.102027829484477 ], [ 76.436859160082918, 32.089637745507645 ], [ 76.444557130068517, 32.080360491524985 ], [ 76.452529906053613, 32.077720728529926 ], [ 76.460052484039551, 32.08008190552551 ], [ 76.467582622025475, 32.082500538520989 ], [ 76.469024692022771, 32.082054120521818 ], [ 76.475524969010621, 32.08008190552551 ], [ 76.490974395981738, 32.083057332519942 ], [ 76.496055660972232, 32.080944123523899 ], [ 76.515525873935829, 32.07286078253901 ], [ 76.521942045923836, 32.073139179538487 ], [ 76.524528510918998, 32.075084745534852 ], [ 76.524696342918688, 32.075332713534387 ], [ 76.530975300906945, 32.085220248515903 ], [ 76.540527360889087, 32.100303582487697 ], [ 76.545524520879738, 32.102333064483908 ], [ 76.553581212864671, 32.102222499484114 ], [ 76.562973000847123, 32.093917839499639 ], [ 76.574501055825564, 32.091220809504684 ], [ 76.582084680811377, 32.089443264508006 ], [ 76.595169150786916, 32.07716752553096 ], [ 76.620002805740484, 32.062168107559003 ], [ 76.636444104709753, 32.057140329568405 ], [ 76.647140559689745, 32.058029196566743 ], [ 76.649696406684967, 32.058666315565553 ], [ 76.654914885675211, 32.06000141156305 ], [ 76.660140924665441, 32.061332727560561 ], [ 76.669891434647212, 32.073890643537084 ], [ 76.675003128637655, 32.074306443536308 ], [ 76.699806165591269, 32.05908211556477 ], [ 76.712913504566771, 32.046081561589077 ], [ 76.732193016530715, 32.038387371603463 ], [ 76.741920468512532, 32.037639687604866 ], [ 76.767364593464961, 32.054695047572977 ], [ 76.785614055430841, 32.066917488550125 ] ] } },
{ "type": "Feature", "properties": { "MED_DESCRI": "Without Median", "RTT_DESCRI": "Secondary Route", "F_CODE_DES": "Road", "ISO": "IND", "ISOCOUNTRY": "INDIA" }, "geometry": { "type": "LineString", "coordinates": [ [ 77.90255737034245, 32.445445931842372 ], [ 77.902664155342251, 32.442443855847984 ], [ 77.90597543533606, 32.436943010858272 ], [ 77.908195429331897, 32.433223679865229 ], [ 77.927665642295494, 32.414081570901018 ], [ 77.935584931280687, 32.398971587929267 ], [ 77.937942517276284, 32.394473954937681 ], [ 77.939247184273839, 32.383026035959084 ], [ 77.935279885281261, 32.362304642997827 ], [ 77.9297486112916, 32.346332631027686 ], [ 77.927581726295656, 32.340057453039421 ], [ 77.927085790296587, 32.329917981058379 ], [ 77.927001874296735, 32.328582696060877 ], [ 77.928222625294453, 32.323806855069805 ], [ 77.929275544292494, 32.319721242077442 ], [ 77.948890720255818, 32.314804029086638 ], [ 77.956947412240751, 32.309333802096866 ], [ 78.022361824118448, 32.254001595200322 ], [ 78.03060921710302, 32.245555941216118 ], [ 78.041137651083332, 32.234748921236324 ], [ 78.051055993064793, 32.224582611255329 ], [ 78.073082053023612, 32.193611181313237 ], [ 78.08780666499608, 32.169303891358688 ], [ 78.095390289981893, 32.161724046372861 ], [ 78.119445831936915, 32.146999434400392 ], [ 78.124359075927728, 32.144000949405999 ], [ 78.140197842898118, 32.131862613428694 ], [ 78.143058735892765, 32.131027233430252 ], [ 78.159500034862035, 32.12622077443924 ], [ 78.174636855833725, 32.117942763454721 ], [ 78.182914677818246, 32.110694802468267 ], [ 78.191360520802462, 32.103305847482083 ] ] } },
{ "type": "Feature", "properties": { "MED_DESCRI": "Without Median", "RTT_DESCRI": "Secondary Route", "F_CODE_DES": "Road", "ISO": "IND", "ISOCOUNTRY": "INDIA" }, "geometry": { "type": "LineString", "coordinates": [ [ 75.61135856962639, 32.097026889493826 ], [ 75.609664940629557, 32.100723351486913 ], [ 75.605003444638271, 32.110916121467859 ], [ 75.603363113641336, 32.122554741446095 ], [ 75.604415843639373, 32.125278420440999 ], [ 75.60747518663365, 32.133304683425997 ], [ 75.607582160633442, 32.142944250407972 ], [ 75.609443621629964, 32.150833110393222 ], [ 75.633193928585555, 32.180946291336916 ], [ 75.634780961582592, 32.181331662336198 ], [ 75.648551879556848, 32.184696240329906 ], [ 75.654975800544833, 32.189388354321132 ], [ 75.659278952536795, 32.201057403299316 ], [ 75.657218852540637, 32.23400123723772 ], [ 75.649559060554964, 32.243472972220012 ], [ 75.647781326558288, 32.244445755218187 ], [ 75.616973948615893, 32.261585220186141 ], [ 75.611000036627061, 32.264915400179916 ] ] } },
{ "type": "Feature", "properties": { "MED_DESCRI": "Without Median", "RTT_DESCRI": "Secondary Route", "F_CODE_DES": "Road", "ISO": "IND", "ISOCOUNTRY": "INDIA" }, "geometry": { "type": "LineString", "coordinates": [ [ 76.268524231397663, 32.151332826392284 ], [ 76.287834172361556, 32.133499164425629 ], [ 76.29180903135412, 32.128250067435445 ], [ 76.292526286352782, 32.127277284437262 ], [ 76.291305535355065, 32.121055593448901 ], [ 76.277725129380457, 32.105751129477511 ], [ 76.278747619378549, 32.102138583484269 ], [ 76.287635722361927, 32.098167504491691 ], [ 76.316665555307651, 32.098777785490554 ], [ 76.329139744284319, 32.095554390496581 ], [ 76.341552697261122, 32.0923347755026 ], [ 76.349525473246203, 32.093833923499794 ], [ 76.352363497240901, 32.095111752497409 ], [ 76.375442476197748, 32.105751129477511 ], [ 76.400192215151478, 32.11074828946817 ], [ 76.413581920126447, 32.111557020466655 ] ] } },
{ "type": "Feature", "properties": { "MED_DESCRI": "Without Median", "RTT_DESCRI": "Secondary Route", "F_CODE_DES": "Road", "ISO": "IND", "ISOCOUNTRY": "INDIA" }, "geometry": { "type": "LineString", "coordinates": [ [ 77.261970599540177, 32.384918303955544 ], [ 77.238418553584211, 32.357139651007486 ], [ 77.210639900636153, 32.341220937037249 ], [ 77.202941930650539, 32.333610474051476 ], [ 77.193496655668199, 32.312637333090692 ], [ 77.173530506705532, 32.302501641109643 ], [ 77.172943094706639, 32.301612774111305 ], [ 77.170501781711195, 32.29802706611801 ], [ 77.171691914708973, 32.292251604128808 ], [ 77.179885820693656, 32.252303997203498 ], [ 77.18011469969322, 32.25069428420651 ], [ 77.185691900682798, 32.208026967286287 ], [ 77.185195964683729, 32.19702905730685 ], [ 77.183471717686942, 32.188251519323259 ], [ 77.174224892704231, 32.168888091359463 ], [ 77.168167064715561, 32.156276688383045 ], [ 77.15338896574319, 32.135112846422615 ], [ 77.148391805752539, 32.118831630453059 ], [ 77.144638076759563, 32.10658272947596 ], [ 77.130531305785937, 32.087776095511124 ] ] } },
{ "type": "Feature", "properties": { "MED_DESCRI": "Without Median", "RTT_DESCRI": "Secondary Route", "F_CODE_DES": "Road", "ISO": "IND", "ISOCOUNTRY": "INDIA" }, "geometry": { "type": "LineString", "coordinates": [ [ 75.61135856962639, 32.097026889493826 ], [ 75.612052955625089, 32.093666091500111 ], [ 75.612831068623635, 32.089862844507223 ], [ 75.61380763162181, 32.085220248515903 ], [ 75.613861118621713, 32.083583886518959 ], [ 75.613639799622121, 32.082138036521663 ], [ 75.612777770623737, 32.064945273553811 ], [ 75.612747152623797, 32.064609609554438 ], [ 75.611892683625385, 32.04774854158596 ], [ 75.612640367623996, 32.046443874588405 ], [ 75.613723715621958, 32.044612842591825 ], [ 75.619552664611064, 32.034584124610575 ], [ 75.620666441608989, 32.026390029625901 ], [ 75.613471967622431, 32.013668061649682 ], [ 75.606941261634645, 32.00214000667124 ], [ 75.605720510636928, 31.999999959675243 ], [ 75.605056742638169, 31.995471897683707 ], [ 75.606582728635317, 31.988777139696225 ], [ 75.612251216624713, 31.977777528716793 ], [ 75.618804980612467, 31.965194664740316 ], [ 75.620307908609661, 31.945694022776777 ] ] } },
{ "type": "Feature", "properties": { "MED_DESCRI": "Without Median", "RTT_DESCRI": "Secondary Route", "F_CODE_DES": "Road", "ISO": "IND", "ISOCOUNTRY": "INDIA" }, "geometry": { "type": "LineString", "coordinates": [ [ 76.804054218396359, 32.324085252069288 ], [ 76.801528989401078, 32.319610677077655 ], [ 76.784690790432563, 32.289943725133121 ], [ 76.78316499343542, 32.283695196144805 ], [ 76.791862395419159, 32.268222900173733 ], [ 76.792358331418228, 32.259082860190823 ], [ 76.781692494438175, 32.223583179257197 ], [ 76.782752973436189, 32.2049179172921 ], [ 76.78316499343542, 32.197723443305549 ], [ 76.765357980468707, 32.169498372358326 ], [ 76.759086582480435, 32.152278960390518 ], [ 76.755722004486728, 32.111804988466197 ], [ 76.757858271482732, 32.098140666491744 ], [ 76.763946528471351, 32.085529263515326 ], [ 76.764419595470471, 32.085029547516257 ], [ 76.77683254844726, 32.071609413541353 ], [ 76.785614055430841, 32.066917488550125 ] ] } },
{ "type": "Feature", "properties": { "MED_DESCRI": "Without Median", "RTT_DESCRI": "Secondary Route", "F_CODE_DES": "Road", "ISO": "IND", "ISOCOUNTRY": "INDIA" }, "geometry": { "type": "LineString", "coordinates": [ [ 78.614639250011038, 32.056526268569549 ], [ 78.621002123999148, 32.061222162560775 ], [ 78.624221738993128, 32.062667823558066 ], [ 78.660123611925997, 32.078800485527907 ] ] } },
{ "type": "Feature", "properties": { "MED_DESCRI": "Without Median", "RTT_DESCRI": "Secondary Route", "F_CODE_DES": "Road", "ISO": "IND", "ISOCOUNTRY": "INDIA" }, "geometry": { "type": "LineString", "coordinates": [ [ 75.314876349180736, 32.161292181373668 ], [ 75.316635183177439, 32.160137202375829 ], [ 75.319663908171776, 32.156696268382262 ], [ 75.329582250153237, 32.145443019403302 ], [ 75.336998043139374, 32.132362329427757 ], [ 75.341056818131776, 32.125194504441161 ], [ 75.354972888105763, 32.108028390473258 ], [ 75.355697703104411, 32.106609378475909 ], [ 75.357055668101864, 32.103916128480947 ], [ 75.372001599073926, 32.074306443536308 ], [ 75.372413619073157, 32.073944130536987 ], [ 75.384941106049723, 32.063278104556929 ], [ 75.396026523029008, 32.048778591584039 ], [ 75.401252751019229, 32.041942650596816 ], [ 75.405166563011917, 32.036834736606366 ] ] } },
{ "type": "Feature", "properties": { "MED_DESCRI": "Unknown", "RTT_DESCRI": "Unknown", "F_CODE_DES": "Road", "ISO": "IND", "ISOCOUNTRY": "INDIA" }, "geometry": { "type": "LineString", "coordinates": [ [ 75.405166563011917, 32.036834736606366 ], [ 75.409194909004384, 32.043167181594526 ], [ 75.420860366982566, 32.061500559560251 ], [ 75.431694035962309, 32.075359362534336 ], [ 75.441276524944399, 32.083694451518753 ], [ 75.44372558693982, 32.085804069514808 ], [ 75.449501048929022, 32.090831847505406 ], [ 75.46211245190544, 32.101749432484993 ], [ 75.478973330873913, 32.139415809414572 ], [ 75.479026817873816, 32.139556803414308 ], [ 75.481666580868875, 32.142555288408701 ], [ 75.500946092832834, 32.164554510367566 ], [ 75.50172420583138, 32.164890363366936 ], [ 75.520301771796639, 32.172668469352395 ], [ 75.525108419787657, 32.177028699344241 ], [ 75.537582419764334, 32.198555043303998 ], [ 75.547973639744896, 32.211387576280003 ], [ 75.554443298732807, 32.219387001265041 ], [ 75.557418914727236, 32.227779357249354 ], [ 75.562889141717008, 32.243194575220528 ], [ 75.584388647676818, 32.264720919180284 ], [ 75.588142376669794, 32.266109502177684 ], [ 75.594055241658737, 32.268333465173527 ], [ 75.600502031646684, 32.270748129169014 ] ] } },
{ "type": "Feature", "properties": { "MED_DESCRI": "Without Median", "RTT_DESCRI": "Secondary Route", "F_CODE_DES": "Road", "ISO": "IND", "ISOCOUNTRY": "INDIA" }, "geometry": { "type": "LineString", "coordinates": [ [ 78.252082818688919, 32.036220486607519 ], [ 78.280807416635213, 32.036609637606787 ], [ 78.290946888616261, 32.038249968603722 ], [ 78.320388741561203, 32.048667837584247 ], [ 78.330253596542761, 32.057640045567467 ], [ 78.337669389528898, 32.067695601548664 ], [ 78.350112960505626, 32.073307011538176 ], [ 78.365219163477391, 32.085861147514706 ], [ 78.377693163454069, 32.089942980507068 ], [ 78.380363544449068, 32.090831847505406 ], [ 78.392692581426019, 32.092083027503072 ], [ 78.402442902407785, 32.089805577507327 ], [ 78.465942366289056, 32.052890853576351 ], [ 78.484306362254728, 32.0422210475963 ], [ 78.496246248232396, 32.038887087602532 ], [ 78.507003750212291, 32.039695818601018 ], [ 78.509918130206842, 32.039916948600606 ], [ 78.527252265174425, 32.04377746259339 ], [ 78.533386260162956, 32.051055852579779 ], [ 78.539886537150807, 32.05877688056534 ], [ 78.551330487129405, 32.062248243558855 ], [ 78.568252602097772, 32.062442724558487 ], [ 78.593276958050978, 32.066722818550488 ], [ 78.59339149205077, 32.066749656550435 ], [ 78.604751526029531, 32.064025788555526 ], [ 78.614639250011038, 32.056526268569549 ] ] } },
{ "type": "Feature", "properties": { "MED_DESCRI": "Without Median", "RTT_DESCRI": "Secondary Route", "F_CODE_DES": "Road", "ISO": "IND", "ISOCOUNTRY": "INDIA" }, "geometry": { "type": "LineString", "coordinates": [ [ 78.191360520802462, 32.103305847482083 ], [ 78.212997429761998, 32.079860775525923 ], [ 78.223556481742264, 32.064109893555369 ], [ 78.241027830709598, 32.043529494593855 ], [ 78.252082818688919, 32.036220486607519 ] ] } },
{ "type": "Feature", "properties": { "MED_DESCRI": "Unknown", "RTT_DESCRI": "Unknown", "F_CODE_DES": "Road", "ISO": "IND", "ISOCOUNTRY": "INDIA" }, "geometry": { "type": "LineString", "coordinates": [ [ 75.405166563011917, 32.036834736606366 ], [ 75.40802764500657, 32.034416292610892 ], [ 75.414108341995188, 32.029277760620502 ] ] } },
{ "type": "Feature", "properties": { "MED_DESCRI": "Without Median", "RTT_DESCRI": "Secondary Route", "F_CODE_DES": "Road", "ISO": "IND", "ISOCOUNTRY": "INDIA" }, "geometry": { "type": "LineString", "coordinates": [ [ 76.83663933033543, 32.033027709613485 ], [ 76.84313960732328, 32.040138267600192 ], [ 76.852302516306153, 32.050140336581492 ], [ 76.853858931303236, 32.065555554552667 ], [ 76.847442570315238, 32.108386923472587 ], [ 76.850555400309418, 32.129612001432903 ], [ 76.856918274297513, 32.136055011420851 ], [ 76.868942265275038, 32.139636939414153 ], [ 76.874389623264847, 32.141250621411139 ], [ 76.87997438425441, 32.142917601408023 ], [ 76.895332335225689, 32.152473441390157 ], [ 76.899696345217535, 32.151500658391974 ], [ 76.907302839203311, 32.145389532403399 ], [ 76.921638489176502, 32.144111703405791 ], [ 76.947975072127264, 32.125415823440747 ], [ 76.974998481076739, 32.113639800462764 ], [ 76.990081815048541, 32.103221931482246 ], [ 76.998802275032233, 32.099834484488575 ], [ 77.000808699028482, 32.099056182490031 ], [ 77.029808102974258, 32.100166368487955 ], [ 77.041969307951518, 32.104083960480629 ], [ 77.050109915936304, 32.113082817463805 ], [ 77.052192695932405, 32.117584230455385 ], [ 77.054222177928608, 32.121971109447188 ], [ 77.060363732917125, 32.122665495445887 ], [ 77.079719600880935, 32.117889465454816 ], [ 77.090225165861298, 32.107971123473362 ], [ 77.104225151835124, 32.102779482483072 ], [ 77.125526396795294, 32.101749432484993 ], [ 77.128608797789525, 32.099334768489513 ], [ 77.130531305785937, 32.087776095511124 ] ] } },
{ "type": "Feature", "properties": { "MED_DESCRI": "Without Median", "RTT_DESCRI": "Secondary Route", "F_CODE_DES": "Road", "ISO": "IND", "ISOCOUNTRY": "INDIA" }, "geometry": { "type": "LineString", "coordinates": [ [ 76.785614055430841, 32.066917488550125 ], [ 76.800697389402629, 32.058834147565236 ], [ 76.83663933033543, 32.033027709613485 ] ] } },
{ "type": "Feature", "properties": { "MED_DESCRI": "Without Median", "RTT_DESCRI": "Secondary Route", "F_CODE_DES": "Road", "ISO": "IND", "ISOCOUNTRY": "INDIA" }, "geometry": { "type": "LineString", "coordinates": [ [ 75.024478605723701, 32.039327079601712 ], [ 75.029304531714672, 32.030750259617747 ] ] } },
{ "type": "Feature", "properties": { "MED_DESCRI": "Without Median", "RTT_DESCRI": "Secondary Route", "F_CODE_DES": "Road", "ISO": "IND", "ISOCOUNTRY": "INDIA" }, "geometry": { "type": "LineString", "coordinates": [ [ 74.995867974777198, 32.030052282619053 ], [ 75.000000081769471, 32.024887101628707 ], [ 75.000694278768165, 32.015026026647149 ], [ 75.000000081769471, 32.014167777648751 ], [ 74.99627678177643, 32.009498532657481 ], [ 74.977279635811954, 31.999999959675243 ], [ 74.952079698859066, 31.992805485688692 ], [ 74.941635180878592, 31.987443933698714 ], [ 74.906608566944087, 31.961111130747952 ], [ 74.867195074017772, 31.942388601782959 ], [ 74.850669859048679, 31.934528280797657 ], [ 74.803108198137608, 31.903083783856445 ], [ 74.78089143717915, 31.885915779888549 ], [ 74.760665980216956, 31.857973074940794 ] ] } },
{ "type": "Feature", "properties": { "MED_DESCRI": "Without Median", "RTT_DESCRI": "Secondary Route", "F_CODE_DES": "Road", "ISO": "IND", "ISOCOUNTRY": "INDIA" }, "geometry": { "type": "LineString", "coordinates": [ [ 75.029304531714672, 32.030750259617747 ], [ 75.04519659668496, 32.031082143617127 ], [ 75.065246661647478, 32.029445592620185 ], [ 75.12435905753695, 32.016639708644128 ], [ 75.134086698518757, 32.012779194651344 ], [ 75.145194984497991, 32.008388535659556 ], [ 75.172973637446049, 32.007221271661741 ], [ 75.192695598409173, 32.006389671663293 ], [ 75.241722198317504, 32.009277402657894 ], [ 75.319748013171619, 32.019249042639252 ], [ 75.359802216096739, 32.024333898629742 ], [ 75.380218563058563, 32.02780526162325 ], [ 75.397277892026665, 32.030723610617798 ], [ 75.400718637020233, 32.031307242616705 ], [ 75.405166563011917, 32.036834736606366 ] ] } },
{ "type": "Feature", "properties": { "MED_DESCRI": "Without Median", "RTT_DESCRI": "Secondary Route", "F_CODE_DES": "Road", "ISO": "IND", "ISOCOUNTRY": "INDIA" }, "geometry": { "type": "LineString", "coordinates": [ [ 75.541969298756129, 31.991416902691292 ], [ 75.520553519796167, 31.993444494687495 ], [ 75.486610442859629, 31.996665999681476 ], [ 75.472358708886276, 31.999999959675243 ], [ 75.450302030927517, 32.005165140665582 ], [ 75.444503699938366, 32.006526885663035 ], [ 75.426391640972227, 32.018890320639919 ], [ 75.423751877977168, 32.021137152635717 ], [ 75.414108341995188, 32.029277760620502 ] ] } },
{ "type": "Feature", "properties": { "MED_DESCRI": "Without Median", "RTT_DESCRI": "Secondary Route", "F_CODE_DES": "Road", "ISO": "IND", "ISOCOUNTRY": "INDIA" }, "geometry": { "type": "LineString", "coordinates": [ [ 79.468559203414429, 32.692054832381281 ], [ 79.450332610448513, 32.684417720395558 ], [ 79.444000165460352, 32.677890794407759 ], [ 79.431251548484184, 32.646278465466871 ], [ 79.413276703517795, 32.632499609492633 ], [ 79.410774154522471, 32.630584661496215 ], [ 79.401359497540071, 32.617584296520519 ], [ 79.397415067547456, 32.603084594547632 ], [ 79.397583088547137, 32.589668240572713 ], [ 79.397720302546887, 32.579250371592195 ], [ 79.405220011532862, 32.56061175862704 ], [ 79.405250629532802, 32.558723459630571 ], [ 79.405250629532802, 32.558720435630576 ] ] } },
{ "type": "Feature", "properties": { "MED_DESCRI": "Without Median", "RTT_DESCRI": "Secondary Route", "F_CODE_DES": "Road", "ISO": "IND", "ISOCOUNTRY": "INDIA" }, "geometry": { "type": "LineString", "coordinates": [ [ 76.83663933033543, 32.033027709613485 ], [ 76.841583192326183, 32.02999879561915 ], [ 76.855003326301102, 32.00622183966361 ], [ 76.859558037292587, 31.999999959675243 ], [ 76.862052837287919, 31.995527274683603 ], [ 76.864029021284225, 31.984193889704791 ], [ 76.861579959288804, 31.975166304721675 ], [ 76.855552749300074, 31.969944045731438 ] ] } },
{ "type": "Feature", "properties": { "MED_DESCRI": "Without Median", "RTT_DESCRI": "Secondary Route", "F_CODE_DES": "Road", "ISO": "IND", "ISOCOUNTRY": "INDIA" }, "geometry": { "type": "LineString", "coordinates": [ [ 75.742385843381399, 31.971027393729415 ], [ 75.760498091347529, 31.972389138726868 ], [ 75.771469163327026, 31.971750318728063 ], [ 75.800888147272019, 31.962360420745618 ], [ 75.847694375184503, 31.947444918773506 ], [ 75.879028307125921, 31.942417140782908 ], [ 75.889808678105766, 31.939388226788566 ], [ 75.89080811010389, 31.938528087790175 ], [ 75.895973291094236, 31.934110590798433 ], [ 75.898780886088986, 31.929222105807575 ] ] } },
{ "type": "Feature", "properties": { "MED_DESCRI": "Without Median", "RTT_DESCRI": "Secondary Route", "F_CODE_DES": "Road", "ISO": "IND", "ISOCOUNTRY": "INDIA" }, "geometry": { "type": "LineString", "coordinates": [ [ 75.014114412743083, 31.999999959675243 ], [ 75.014030496743231, 31.996723266681364 ], [ 75.00869748375321, 31.973777721724268 ], [ 75.006332337757627, 31.968999801733204 ], [ 75.000000081769471, 31.956111891757303 ], [ 74.971969680821871, 31.909721463844036 ], [ 74.968887279827641, 31.901138217860087 ], [ 74.959892202844458, 31.876054704906984 ], [ 74.950469985862071, 31.849750440956164 ], [ 74.939697174882212, 31.832082720989199 ], [ 74.93599693288914, 31.826026972000527 ] ] } },
{ "type": "Feature", "properties": { "MED_DESCRI": "Without Median", "RTT_DESCRI": "Secondary Route", "F_CODE_DES": "Road", "ISO": "IND", "ISOCOUNTRY": "INDIA" }, "geometry": { "type": "LineString", "coordinates": [ [ 75.620307908609661, 31.945694022776777 ], [ 75.649414097555237, 31.954195053760884 ], [ 75.650863727552519, 31.954471560760368 ], [ 75.651222260551847, 31.954526937760264 ], [ 75.684722888489219, 31.960582686748943 ], [ 75.742385843381399, 31.971027393729415 ] ] } },
{ "type": "Feature", "properties": { "MED_DESCRI": "Without Median", "RTT_DESCRI": "Secondary Route", "F_CODE_DES": "Road", "ISO": "IND", "ISOCOUNTRY": "INDIA" }, "geometry": { "type": "LineString", "coordinates": [ [ 75.620307908609661, 31.945694022776777 ], [ 75.613586501622223, 31.949693640769297 ], [ 75.593635472659528, 31.961555469747118 ], [ 75.558441215725324, 31.987611765698404 ], [ 75.554695046732334, 31.988471904696794 ], [ 75.54780580774522, 31.990055157693831 ], [ 75.541969298756129, 31.991416902691292 ] ] } },
{ "type": "Feature", "properties": { "MED_DESCRI": "Without Median", "RTT_DESCRI": "Secondary Route", "F_CODE_DES": "Road", "ISO": "IND", "ISOCOUNTRY": "INDIA" }, "geometry": { "type": "LineString", "coordinates": [ [ 75.898780886088986, 31.929222105807575 ], [ 75.906829829073928, 31.932277668801866 ], [ 75.91002657506796, 31.933500309799577 ], [ 75.912025439064223, 31.934249883798174 ], [ 75.914024303060486, 31.934999457796778 ], [ 75.92094416004754, 31.938861861789555 ], [ 75.928169252034039, 31.941000018785552 ], [ 75.940055840011809, 31.944499920779009 ], [ 75.944747954003034, 31.952110383764783 ], [ 75.945198152002192, 31.96491626774084 ] ] } },
{ "type": "Feature", "properties": { "MED_DESCRI": "Without Median", "RTT_DESCRI": "Secondary Route", "F_CODE_DES": "Road", "ISO": "IND", "ISOCOUNTRY": "INDIA" }, "geometry": { "type": "LineString", "coordinates": [ [ 76.323081916295649, 31.874471640909945 ], [ 76.293723979350546, 31.900888359860552 ], [ 76.283363377369909, 31.912082640839621 ], [ 76.26816550939833, 31.933111158800308 ], [ 76.265167213403942, 31.938333417790538 ], [ 76.256225623420661, 31.954000383761247 ], [ 76.243858408443785, 31.979110734714297 ], [ 76.233581533462996, 31.999999959675243 ] ] } },
{ "type": "Feature", "properties": { "MED_DESCRI": "Without Median", "RTT_DESCRI": "Secondary Route", "F_CODE_DES": "Road", "ISO": "IND", "ISOCOUNTRY": "INDIA" }, "geometry": { "type": "LineString", "coordinates": [ [ 76.230781498468232, 31.999999959675243 ], [ 76.223167444482471, 31.996389303681994 ], [ 76.218887350490462, 31.982610636707754 ], [ 76.205642608515234, 31.976528238719126 ], [ 76.203941419518415, 31.970167065731019 ], [ 76.204193167517943, 31.960306179749459 ], [ 76.196220391532847, 31.947584211773247 ], [ 76.205558692515382, 31.927722957810381 ], [ 76.216026268495824, 31.918361598827886 ], [ 76.223335276482146, 31.895833932870005 ], [ 76.22366338048154, 31.895305677870994 ], [ 76.229751637470159, 31.88572318888891 ], [ 76.230224515469274, 31.879972485899657 ], [ 76.226860126475557, 31.875528339907973 ], [ 76.225860505477428, 31.874195133910462 ], [ 76.223388763482049, 31.873388292911969 ] ] } },
{ "type": "Feature", "properties": { "MED_DESCRI": "Without Median", "RTT_DESCRI": "Secondary Route", "F_CODE_DES": "Road", "ISO": "IND", "ISOCOUNTRY": "INDIA" }, "geometry": { "type": "LineString", "coordinates": [ [ 77.152137785745538, 31.871778579914981 ], [ 77.152084298745635, 31.879499418900544 ], [ 77.152053869745686, 31.884361254891452 ], [ 77.154029864742, 31.895027091871512 ], [ 77.159057642732591, 31.900527936861231 ], [ 77.17166904570901, 31.904806140853225 ], [ 77.183776763686382, 31.912500330838839 ], [ 77.185142477683826, 31.920139332824562 ], [ 77.179336586694674, 31.938888510789504 ], [ 77.180778467691979, 31.945388787777347 ], [ 77.183281016687303, 31.948249869771999 ], [ 77.191917371671153, 31.951889064765197 ], [ 77.213859515630134, 31.969388952732473 ], [ 77.218193096622031, 31.972860315725981 ], [ 77.244499250572844, 31.999999959675243 ] ] } },
{ "type": "Feature", "properties": { "MED_DESCRI": "Without Median", "RTT_DESCRI": "Secondary Route", "F_CODE_DES": "Road", "ISO": "IND", "ISOCOUNTRY": "INDIA" }, "geometry": { "type": "LineString", "coordinates": [ [ 77.152137785745538, 31.871778579914981 ], [ 77.148391805752539, 31.879138995901222 ], [ 77.115837122813403, 31.924360269816667 ], [ 77.109443630825353, 31.935277854796254 ], [ 77.105499200832739, 31.950222084768313 ], [ 77.105781566832206, 31.957805709754133 ], [ 77.107498253828993, 31.961305611747591 ], [ 77.109581033825108, 31.965555276739643 ], [ 77.122085651801726, 31.975334136721358 ], [ 77.12616729579409, 31.981222242710352 ], [ 77.131164644784747, 31.98838798869695 ], [ 77.129776061787339, 31.997028312680797 ], [ 77.128639226789474, 31.999999959675243 ], [ 77.124610880797007, 32.067779517548509 ], [ 77.129913275787089, 32.085750582514912 ], [ 77.130531305785937, 32.087776095511124 ] ] } },
{ "type": "Feature", "properties": { "MED_DESCRI": "Without Median", "RTT_DESCRI": "Secondary Route", "F_CODE_DES": "Road", "ISO": "IND", "ISOCOUNTRY": "INDIA" }, "geometry": { "type": "LineString", "coordinates": [ [ 76.223388763482049, 31.873388292911969 ], [ 76.213890001499806, 31.870472022917426 ] ] } },
{ "type": "Feature", "properties": { "MED_DESCRI": "Without Median", "RTT_DESCRI": "Secondary Route", "F_CODE_DES": "Road", "ISO": "IND", "ISOCOUNTRY": "INDIA" }, "geometry": { "type": "LineString", "coordinates": [ [ 76.19503025853507, 31.875223104908542 ], [ 76.213890001499806, 31.870472022917426 ] ] } },
{ "type": "Feature", "properties": { "MED_DESCRI": "Without Median", "RTT_DESCRI": "Secondary Route", "F_CODE_DES": "Road", "ISO": "IND", "ISOCOUNTRY": "INDIA" }, "geometry": { "type": "LineString", "coordinates": [ [ 74.760665980216956, 31.857973074940794 ], [ 74.757331831223198, 31.906139346850736 ], [ 74.747192359242149, 31.936527333793919 ], [ 74.747111467242306, 31.936768308793468 ] ] } },
{ "type": "Feature", "properties": { "MED_DESCRI": "Without Median", "RTT_DESCRI": "Secondary Route", "F_CODE_DES": "Road", "ISO": "IND", "ISOCOUNTRY": "INDIA" }, "geometry": { "type": "LineString", "coordinates": [ [ 75.898780886088986, 31.929222105807575 ], [ 75.924163775041521, 31.884445170891297 ], [ 75.953750590986203, 31.851194400953467 ], [ 75.957336487979504, 31.838527620977153 ], [ 75.960052417974424, 31.82894513199507 ], [ 75.964614877965886, 31.818166651015218 ], [ 75.965751712963765, 31.815444862020307 ], [ 75.992301865914129, 31.786193899075002 ], [ 76.002029506895937, 31.772722168100188 ], [ 76.009086577882741, 31.752527329137948 ], [ 76.011169357878842, 31.746528658149167 ], [ 76.011917041877453, 31.74438861115317 ], [ 76.018470805865192, 31.725555328188378 ], [ 76.030998292841772, 31.707611101221929 ], [ 76.038276682828169, 31.697166394241457 ], [ 76.040801911823436, 31.693500550248316 ], [ 76.046913226812009, 31.677667642277918 ], [ 76.062141334783547, 31.661472232308199 ] ] } },
{ "type": "Feature", "properties": { "MED_DESCRI": "Without Median", "RTT_DESCRI": "Secondary Route", "F_CODE_DES": "Road", "ISO": "IND", "ISOCOUNTRY": "INDIA" }, "geometry": { "type": "LineString", "coordinates": [ [ 75.029304531714672, 32.030750259617747 ], [ 75.053108136670176, 31.999999959675243 ], [ 75.066581757644983, 31.97958380171341 ], [ 75.068725584640973, 31.97633356871949 ], [ 75.080444340619053, 31.963111884744208 ], [ 75.122413680540589, 31.925222487815056 ], [ 75.170219340451197, 31.88197134989592 ], [ 75.186058107421587, 31.867666317922669 ], [ 75.191474847411456, 31.858722648939391 ], [ 75.195274314404358, 31.852472229951076 ], [ 75.19980615639588, 31.840860447972787 ], [ 75.202774023390333, 31.827972348996887 ], [ 75.20372015738856, 31.823804899004678 ], [ 75.204917850386323, 31.818500425014598 ] ] } },
{ "type": "Feature", "properties": { "MED_DESCRI": "Without Median", "RTT_DESCRI": "Secondary Route", "F_CODE_DES": "Road", "ISO": "IND", "ISOCOUNTRY": "INDIA" }, "geometry": { "type": "LineString", "coordinates": [ [ 76.248222418435617, 31.833610596986347 ], [ 76.250442412431468, 31.833555219986451 ], [ 76.259475667414577, 31.833360738986812 ], [ 76.285667476365603, 31.826778435999117 ], [ 76.29322048335149, 31.827362067998031 ], [ 76.297943026342651, 31.830139233992838 ], [ 76.301803540335442, 31.836860640980269 ], [ 76.299499441339748, 31.847944167959547 ], [ 76.301414578336164, 31.853361096949413 ], [ 76.314025792312577, 31.867027308923866 ], [ 76.323081916295649, 31.874471640909945 ] ] } },
{ "type": "Feature", "properties": { "MED_DESCRI": "Without Median", "RTT_DESCRI": "Secondary Route", "F_CODE_DES": "Road", "ISO": "IND", "ISOCOUNTRY": "INDIA" }, "geometry": { "type": "LineString", "coordinates": [ [ 76.223388763482049, 31.873388292911969 ], [ 76.232414269465181, 31.862222739932847 ], [ 76.235137948460078, 31.853416473949316 ], [ 76.234252861461741, 31.847499828960373 ], [ 76.230003385469686, 31.843555398967752 ], [ 76.222335844484022, 31.840888986972736 ], [ 76.217834431492435, 31.837194414979642 ], [ 76.218719518490786, 31.829139801994707 ], [ 76.22286220948304, 31.826665791999332 ], [ 76.22985842246996, 31.826833812999013 ], [ 76.248222418435617, 31.833610596986347 ] ] } },
{ "type": "Feature", "properties": { "MED_DESCRI": "Without Median", "RTT_DESCRI": "Secondary Route", "F_CODE_DES": "Road", "ISO": "IND", "ISOCOUNTRY": "INDIA" }, "geometry": { "type": "LineString", "coordinates": [ [ 75.204917850386323, 31.818500425014598 ], [ 75.218864349360246, 31.82755465899767 ], [ 75.221252364355777, 31.82911107399476 ], [ 75.235420182329293, 31.842277569970143 ], [ 75.274887162255496, 31.878999702901481 ], [ 75.299972565208591, 31.913555139836866 ], [ 75.331558245149537, 31.957027407755589 ], [ 75.332557677147676, 31.958415990752989 ], [ 75.339614937134471, 31.968082395734918 ], [ 75.342414783129243, 31.967500653736003 ], [ 75.352890108109662, 31.965305418740108 ], [ 75.364440843088062, 31.976360406719444 ], [ 75.370551969076629, 31.985527095702302 ], [ 75.368164143081103, 31.991222421691653 ], [ 75.364440843088062, 31.999999959675243 ] ] } },
{ "type": "Feature", "properties": { "MED_DESCRI": "Without Median", "RTT_DESCRI": "Secondary Route", "F_CODE_DES": "Road", "ISO": "IND", "ISOCOUNTRY": "INDIA" }, "geometry": { "type": "LineString", "coordinates": [ [ 75.204917850386323, 31.818500425014598 ], [ 75.192443850409646, 31.819305376013091 ], [ 75.148918095491027, 31.822111081007847 ], [ 75.130058352526291, 31.823333722005557 ], [ 75.122833260539807, 31.823804899004678 ], [ 75.107635581568218, 31.826639142999383 ], [ 75.05919639365878, 31.835666727982499 ], [ 75.056610117663624, 31.836139605981614 ], [ 75.018501291734879, 31.835582811982654 ], [ 75.000000081769471, 31.831943427989465 ], [ 74.994697497779384, 31.830888807991435 ], [ 74.960052474844161, 31.830194421992729 ], [ 74.939613258882375, 31.826665791999332 ], [ 74.93599693288914, 31.826026972000527 ] ] } },
{ "type": "Feature", "properties": { "MED_DESCRI": "Without Median", "RTT_DESCRI": "Secondary Route", "F_CODE_DES": "Road", "ISO": "IND", "ISOCOUNTRY": "INDIA" }, "geometry": { "type": "LineString", "coordinates": [ [ 75.662635781530511, 31.815360946020469 ], [ 75.669944789516848, 31.823944003004421 ], [ 75.67491908050755, 31.829778621993512 ], [ 75.704780513451709, 31.892305302876601 ], [ 75.722694311418223, 31.929832386806439 ], [ 75.742385843381399, 31.971027393729415 ] ] } },
{ "type": "Feature", "properties": { "MED_DESCRI": "Without Median", "RTT_DESCRI": "Secondary Route", "F_CODE_DES": "Road", "ISO": "IND", "ISOCOUNTRY": "INDIA" }, "geometry": { "type": "LineString", "coordinates": [ [ 75.662635781530511, 31.815360946020469 ], [ 75.661498946532632, 31.824556363003275 ], [ 75.661109984533368, 31.827583386997617 ], [ 75.659973149535489, 31.836750075980476 ], [ 75.658721969537837, 31.839694884974968 ], [ 75.65113834455201, 31.857694677941311 ], [ 75.639831608573147, 31.866945282924021 ], [ 75.638496323575652, 31.868028630921991 ], [ 75.634613129582903, 31.875499800908024 ], [ 75.620307908609661, 31.945694022776777 ] ] } },
{ "type": "Feature", "properties": { "MED_DESCRI": "Without Median", "RTT_DESCRI": "Secondary Route", "F_CODE_DES": "Road", "ISO": "IND", "ISOCOUNTRY": "INDIA" }, "geometry": { "type": "LineString", "coordinates": [ [ 78.665031374916822, 31.809804913030852 ], [ 78.669113207909191, 31.820249620011325 ], [ 78.674499518899111, 31.833999558985617 ], [ 78.669998105907538, 31.837722858978658 ], [ 78.654556238936408, 31.820194243011429 ], [ 78.645889265952604, 31.816638964018075 ], [ 78.641525255960772, 31.817638396016207 ], [ 78.634140080974575, 31.831111827991016 ], [ 78.633079601976561, 31.846195161962818 ], [ 78.626335136989169, 31.857389442941887 ], [ 78.62613668698954, 31.871360700915766 ], [ 78.622413575996504, 31.874584284909737 ], [ 78.613746603012714, 31.88213918189561 ], [ 78.614051838012131, 31.886499411887456 ], [ 78.619857729001282, 31.898860956864347 ], [ 78.618919344003032, 31.911666840840404 ], [ 78.606224025026776, 31.93891723878945 ], [ 78.611663823016599, 31.953332835762495 ], [ 78.612358020015307, 31.955194485759016 ], [ 78.610778736018261, 31.964527116741564 ], [ 78.599525487039301, 31.984500825704217 ], [ 78.593475408050608, 31.987472472698663 ], [ 78.592475976052484, 31.987583226698455 ], [ 78.578224242079131, 31.989166290695493 ], [ 78.570503214093563, 31.990028319693884 ], [ 78.566612271100837, 31.992389685689467 ], [ 78.565307604103282, 31.999999959675243 ], [ 78.590225175056688, 32.018333526640959 ], [ 78.598419270041362, 32.037555771605021 ], [ 78.605781576027596, 32.047164909587053 ], [ 78.610748307018312, 32.053665186574904 ], [ 78.614639250011038, 32.056526268569549 ] ] } },
{ "type": "Feature", "properties": { "MED_DESCRI": "Without Median", "RTT_DESCRI": "Secondary Route", "F_CODE_DES": "Road", "ISO": "IND", "ISOCOUNTRY": "INDIA" }, "geometry": { "type": "LineString", "coordinates": [ [ 75.220886271356463, 31.808166472033918 ], [ 75.223693866351212, 31.812555241025713 ], [ 75.238914414322764, 31.822778629006599 ], [ 75.251892099298502, 31.82877729999538 ], [ 75.284446782237623, 31.843889172967124 ], [ 75.286666776233474, 31.844917332965203 ], [ 75.348441993117973, 31.869028062920123 ], [ 75.405113265012005, 31.891082850878888 ], [ 75.421081496982154, 31.900304727861645 ], [ 75.425277674974311, 31.902721470857124 ], [ 75.425857526973232, 31.902860574856867 ], [ 75.451889063924554, 31.909082454845233 ], [ 75.459114155911038, 31.913860374836297 ], [ 75.459915137909547, 31.914749052834637 ], [ 75.473945552883308, 31.930139511805862 ], [ 75.482109029868056, 31.939111719789082 ], [ 75.499389677835737, 31.961833866746602 ], [ 75.523086497791439, 31.979278566713987 ], [ 75.524665781788485, 31.979999601712635 ], [ 75.541526849756949, 31.987777707698093 ], [ 75.541969298756129, 31.991416902691292 ] ] } },
{ "type": "Feature", "properties": { "MED_DESCRI": "Without Median", "RTT_DESCRI": "Secondary Route", "F_CODE_DES": "Road", "ISO": "IND", "ISOCOUNTRY": "INDIA" }, "geometry": { "type": "LineString", "coordinates": [ [ 75.204917850386323, 31.818500425014598 ], [ 75.20613860138404, 31.816528399018281 ], [ 75.212135382372836, 31.806777889036518 ], [ 75.220886271356463, 31.808166472033918 ] ] } },
{ "type": "Feature", "properties": { "MED_DESCRI": "Without Median", "RTT_DESCRI": "Secondary Route", "F_CODE_DES": "Road", "ISO": "IND", "ISOCOUNTRY": "INDIA" }, "geometry": { "type": "LineString", "coordinates": [ [ 78.665031374916822, 31.809804913030852 ], [ 78.678337163891939, 31.811445244027787 ], [ 78.698955551853388, 31.822637257006861 ] ] } },
{ "type": "Feature", "properties": { "MED_DESCRI": "Without Median", "RTT_DESCRI": "Secondary Route", "F_CODE_DES": "Road", "ISO": "IND", "ISOCOUNTRY": "INDIA" }, "geometry": { "type": "LineString", "coordinates": [ [ 75.221611086355111, 31.795415965057757 ], [ 75.220886271356463, 31.808166472033918 ] ] } },
{ "type": "Feature", "properties": { "MED_DESCRI": "Without Median", "RTT_DESCRI": "Secondary Route", "F_CODE_DES": "Road", "ISO": "IND", "ISOCOUNTRY": "INDIA" }, "geometry": { "type": "LineString", "coordinates": [ [ 77.490447974112982, 31.999999959675243 ], [ 77.492637728108889, 31.998083121678825 ], [ 77.545028717010936, 31.989944403694039 ], [ 77.570388736963508, 31.983972570705205 ], [ 77.578246978948826, 31.981638042709569 ], [ 77.593666165919984, 31.976999226718249 ], [ 77.610610960888309, 31.968360981734399 ], [ 77.61660774187709, 31.966806456737302 ], [ 77.63191995484847, 31.96702758673689 ], [ 77.648109505818198, 31.956972030755693 ], [ 77.694808948730881, 31.936361391794229 ], [ 77.708419783705438, 31.927110597811527 ], [ 77.709358168703673, 31.926471777812722 ], [ 77.742614797641494, 31.914417357835255 ], [ 77.770278916589774, 31.887666675885278 ], [ 77.78147130756885, 31.871194758916076 ], [ 77.788612294555492, 31.854999537946355 ], [ 77.788780126555181, 31.843305540968217 ], [ 77.78608706556021, 31.833221445987071 ], [ 77.784614566562965, 31.827749328997307 ], [ 77.788612294555492, 31.819665988012417 ], [ 77.803802413527094, 31.79880530205142 ], [ 77.809196473517005, 31.788000172071627 ], [ 77.810524009514523, 31.785333571076613 ], [ 77.817947362500647, 31.777860700090585 ], [ 77.826530419484598, 31.775972401094116 ], [ 77.826637204484399, 31.775943673094169 ], [ 77.837059042464915, 31.776861268092453 ], [ 77.858802736424252, 31.789722529068406 ], [ 77.873275789397198, 31.78966715206851 ], [ 77.885948239373505, 31.787889418071835 ], [ 77.889526387366814, 31.787389702072765 ], [ 77.895027232356526, 31.789472671068872 ], [ 77.928413326294105, 31.823694145004886 ], [ 77.934722902282303, 31.826026972000527 ], [ 77.962417639230523, 31.829500224994028 ], [ 77.976196306204756, 31.832611164988215 ], [ 77.981308000195199, 31.8371658759797 ], [ 77.981330869195162, 31.841304786971961 ], [ 77.98647299218554, 31.844972520965101 ], [ 77.999885566160472, 31.849889733955905 ], [ 78.00180807415687, 31.851972513952013 ], [ 78.009971551141604, 31.860860805935395 ], [ 78.015724144130857, 31.869083439920018 ], [ 78.029052802105937, 31.888250307884185 ], [ 78.031524733101307, 31.896389025868963 ], [ 78.028663651106655, 31.931804601802746 ], [ 78.031082095102136, 31.94105520678545 ], [ 78.037529074090088, 31.945694022776777 ], [ 78.056968669053731, 31.953388212762391 ], [ 78.06027976004755, 31.956083352757354 ], [ 78.068778901031649, 31.963054617744319 ], [ 78.076248181017689, 31.982610636707754 ], [ 78.07822417601399, 31.999445055676276 ], [ 78.078163129014115, 31.999999959675243 ], [ 78.079582141011457, 32.00799938466028 ], [ 78.075141964019764, 32.012001081652798 ], [ 78.063026497042415, 32.018501358640648 ], [ 78.058250467051337, 32.023861020630626 ], [ 78.058052017051708, 32.026279464626107 ], [ 78.057723913052328, 32.030498511618219 ], [ 78.074111914021685, 32.036693553606632 ], [ 78.076080349018, 32.037082704605908 ], [ 78.101860137969808, 32.041862514596971 ], [ 78.121170078933702, 32.049972504581802 ], [ 78.13632957990535, 32.073333660538125 ], [ 78.150833061878231, 32.087722797511219 ], [ 78.16686252984826, 32.096889486494085 ], [ 78.183113127817876, 32.097557034492837 ], [ 78.183776895816635, 32.097583683492786 ], [ 78.191360520802462, 32.103305847482083 ] ] } },
{ "type": "Feature", "properties": { "MED_DESCRI": "Without Median", "RTT_DESCRI": "Secondary Route", "F_CODE_DES": "Road", "ISO": "IND", "ISOCOUNTRY": "INDIA" }, "geometry": { "type": "LineString", "coordinates": [ [ 75.553108202735302, 31.761583264121015 ], [ 75.561584474719453, 31.76416594911619 ], [ 75.582916337679563, 31.774694383096502 ], [ 75.611999468625186, 31.7890281430697 ], [ 75.65097051255232, 31.808221849033814 ], [ 75.65325155354806, 31.809610432031221 ], [ 75.656082206542763, 31.811332789028 ], [ 75.662635781530511, 31.815360946020469 ] ] } },
{ "type": "Feature", "properties": { "MED_DESCRI": "Without Median", "RTT_DESCRI": "Secondary Route", "F_CODE_DES": "Road", "ISO": "IND", "ISOCOUNTRY": "INDIA" }, "geometry": { "type": "LineString", "coordinates": [ [ 75.220886271356463, 31.808166472033918 ], [ 75.26091760528162, 31.81394382402312 ], [ 75.268997166266516, 31.815111088020934 ], [ 75.284248332237993, 31.817304622016835 ], [ 75.300025863208504, 31.816055332019168 ], [ 75.316917360176916, 31.811527270027632 ], [ 75.364280760088363, 31.79880530205142 ], [ 75.42333229797795, 31.782943666081081 ], [ 75.454582124919511, 31.774528441096813 ], [ 75.458221508912715, 31.77402683509775 ], [ 75.465499898899111, 31.77300075409967 ], [ 75.505279484824726, 31.762388215119515 ], [ 75.53216549077446, 31.755193741132963 ], [ 75.538780301762088, 31.757223223129166 ], [ 75.548027126744799, 31.760026849123925 ], [ 75.553108202735302, 31.761583264121015 ] ] } },
{ "type": "Feature", "properties": { "MED_DESCRI": "Without Median", "RTT_DESCRI": "Secondary Route", "F_CODE_DES": "Road", "ISO": "IND", "ISOCOUNTRY": "INDIA" }, "geometry": { "type": "LineString", "coordinates": [ [ 77.206108058644617, 31.725944479187653 ], [ 77.201248112653715, 31.753250065136598 ], [ 77.195610053664254, 31.765611610113488 ], [ 77.187637277679158, 31.772556226100498 ], [ 77.190635762673551, 31.784389516078377 ], [ 77.186279312681691, 31.79725077705433 ], [ 77.176498373699985, 31.815610804019997 ], [ 77.169387815713279, 31.821443533009095 ], [ 77.165336600720849, 31.838222574977721 ], [ 77.163108857725021, 31.841861769970919 ], [ 77.156585711737222, 31.852472229951076 ], [ 77.152137785745538, 31.871778579914981 ] ] } },
{ "type": "Feature", "properties": { "MED_DESCRI": "Without Median", "RTT_DESCRI": "Secondary Route", "F_CODE_DES": "Road", "ISO": "IND", "ISOCOUNTRY": "INDIA" }, "geometry": { "type": "LineString", "coordinates": [ [ 77.229614177600666, 31.722083965194869 ], [ 77.248779344564838, 31.748416957145636 ], [ 77.257720934548118, 31.755500866132387 ], [ 77.28050223850552, 31.763916091116656 ], [ 77.290412831486989, 31.763944630116605 ], [ 77.299194338470571, 31.760915716122263 ], [ 77.30850221045317, 31.762250812119767 ], [ 77.33080288741148, 31.774084102097646 ], [ 77.33619694740139, 31.773889621098007 ], [ 77.347221317380772, 31.767000193110889 ], [ 77.351554898372669, 31.764305053115926 ], [ 77.357719511361154, 31.764360430115822 ], [ 77.36633299734504, 31.768417315108238 ], [ 77.372306909333872, 31.771223020102994 ], [ 77.381805482316111, 31.773500470098732 ], [ 77.388359057303859, 31.780000747086582 ], [ 77.380531244318504, 31.789054792069656 ], [ 77.38130179731705, 31.798027000052876 ], [ 77.392913768295344, 31.809583594031267 ], [ 77.40528098327222, 31.838361678977463 ], [ 77.416885394250528, 31.8542785029477 ], [ 77.423309315238512, 31.863056229931288 ], [ 77.428718495228395, 31.866722073924436 ], [ 77.441558777204392, 31.871444616915603 ], [ 77.436058121214671, 31.878084186903195 ], [ 77.441612264204295, 31.883388471893277 ], [ 77.448219326191932, 31.885055451890153 ], [ 77.450363153187936, 31.889528325881791 ], [ 77.447052062194118, 31.90747255284824 ], [ 77.447776877192766, 31.9217223968216 ], [ 77.456642111176194, 31.938638652789969 ], [ 77.454612818179982, 31.949333217769976 ], [ 77.451385454186024, 31.958944245752001 ], [ 77.439361652208504, 31.994833077684902 ], [ 77.438026367210995, 31.998777318677526 ], [ 77.438026367210995, 31.999999959675243 ] ] } },
{ "type": "Feature", "properties": { "MED_DESCRI": "Without Median", "RTT_DESCRI": "Secondary Route", "F_CODE_DES": "Road", "ISO": "IND", "ISOCOUNTRY": "INDIA" }, "geometry": { "type": "LineString", "coordinates": [ [ 77.206108058644617, 31.725944479187653 ], [ 77.211639332634277, 31.726917262185836 ], [ 77.215309145627415, 31.727556271184639 ], [ 77.222190824614557, 31.724166934190976 ], [ 77.225524973608316, 31.722528493194041 ], [ 77.229614177600666, 31.722083965194869 ] ] } },
{ "type": "Feature", "properties": { "MED_DESCRI": "Without Median", "RTT_DESCRI": "Secondary Route", "F_CODE_DES": "Road", "ISO": "IND", "ISOCOUNTRY": "INDIA" }, "geometry": { "type": "LineString", "coordinates": [ [ 78.529777494169707, 31.712638879212534 ], [ 78.532470744164669, 31.714889491208325 ], [ 78.543029796144936, 31.733165791174152 ], [ 78.555191001122196, 31.746027052150104 ], [ 78.572471649089877, 31.748971861144597 ], [ 78.585250884065985, 31.760694586122682 ], [ 78.595558188046709, 31.758806287126212 ], [ 78.617279013006097, 31.750528276141686 ], [ 78.622886642995624, 31.748388229145689 ], [ 78.63069158698103, 31.747999267146419 ], [ 78.641723705960402, 31.752527329137948 ], [ 78.643470821957138, 31.755167092133014 ], [ 78.648193364948298, 31.762166896119929 ], [ 78.648780776947206, 31.766111326112551 ], [ 78.646804781950891, 31.799028322051008 ], [ 78.665031374916822, 31.809804913030852 ] ] } },
{ "type": "Feature", "properties": { "MED_DESCRI": "Without Median", "RTT_DESCRI": "Secondary Route", "F_CODE_DES": "Road", "ISO": "IND", "ISOCOUNTRY": "INDIA" }, "geometry": { "type": "LineString", "coordinates": [ [ 78.529777494169707, 31.712638879212534 ], [ 78.526496832175837, 31.71602821620619 ], [ 78.504554688216871, 31.725721270188068 ], [ 78.485275176252912, 31.740333616160747 ], [ 78.476058969270142, 31.752361387138258 ], [ 78.474777171272549, 31.7531948771367 ], [ 78.451858464315393, 31.76836212710834 ], [ 78.407279979398751, 31.814527456022027 ], [ 78.393554610424403, 31.824972163002499 ], [ 78.385002171440405, 31.834499274984687 ], [ 78.383003307444142, 31.841749125971127 ], [ 78.384056037442164, 31.847833602959753 ], [ 78.387695232435362, 31.86852834692106 ], [ 78.373107834462644, 31.88972280688143 ], [ 78.373336713462209, 31.89591595886985 ], [ 78.383308353443567, 31.904806140853225 ], [ 78.386886690436882, 31.912750188838373 ], [ 78.385696368439099, 31.920249897824355 ], [ 78.367858926472451, 31.941778131784098 ], [ 78.351135261503728, 31.955000004759377 ], [ 78.334442214534931, 31.968195039734709 ], [ 78.292862025612678, 31.996305387682149 ], [ 78.289947456618123, 31.999999959675243 ], [ 78.258529608676866, 32.015140560646934 ], [ 78.253585746686113, 32.024860452628758 ], [ 78.253196784686835, 32.02780526162325 ], [ 78.252082818688919, 32.036220486607519 ] ] } },
{ "type": "Feature", "properties": { "MED_DESCRI": "Without Median", "RTT_DESCRI": "Secondary Route", "F_CODE_DES": "Road", "ISO": "IND", "ISOCOUNTRY": "INDIA" }, "geometry": { "type": "LineString", "coordinates": [ [ 77.229614177600666, 31.722083965194869 ], [ 77.234108030592267, 31.718584063201412 ], [ 77.239501901582187, 31.718166373202195 ], [ 77.253669719555702, 31.71080595721596 ], [ 77.255752499551804, 31.708055440221102 ] ] } },
{ "type": "Feature", "properties": { "MED_DESCRI": "Without Median", "RTT_DESCRI": "Secondary Route", "F_CODE_DES": "Road", "ISO": "IND", "ISOCOUNTRY": "INDIA" }, "geometry": { "type": "LineString", "coordinates": [ [ 76.855552749300074, 31.969944045731438 ], [ 76.855277943300578, 31.960777356748579 ], [ 76.865692221281108, 31.946777370774754 ], [ 76.874053959265481, 31.94341657278104 ], [ 76.878524754257114, 31.937471388792154 ], [ 76.880500749253429, 31.92638975181287 ], [ 76.903663644210113, 31.893444027874473 ], [ 76.923469521173089, 31.871444616915603 ], [ 76.92671975416701, 31.864166226929214 ], [ 76.928413383163843, 31.860445005936171 ], [ 76.928802534163111, 31.849666524956326 ], [ 76.941947862138534, 31.828638006995639 ], [ 76.939666821142794, 31.809972745030542 ], [ 76.945198095132454, 31.799833273049501 ], [ 76.936775121148202, 31.794055921060298 ], [ 76.934364237152707, 31.790027575067832 ], [ 76.934776257151938, 31.783611214079833 ], [ 76.942085265138275, 31.776166882093747 ], [ 76.939003053144035, 31.770334153104656 ], [ 76.945304880132255, 31.755611431132181 ], [ 76.94496921613289, 31.750278418142152 ], [ 76.942718415137094, 31.714916140208274 ], [ 76.940246673141715, 31.705638886225621 ], [ 76.937942574146021, 31.704195115228316 ] ] } },
{ "type": "Feature", "properties": { "MED_DESCRI": "Without Median", "RTT_DESCRI": "Secondary Route", "F_CODE_DES": "Road", "ISO": "IND", "ISOCOUNTRY": "INDIA" }, "geometry": { "type": "LineString", "coordinates": [ [ 75.911392289065404, 31.752777187137482 ], [ 75.906639128074289, 31.744472527153007 ], [ 75.899635355087383, 31.739027059163192 ], [ 75.870696998141497, 31.733999281172593 ], [ 75.857864465165491, 31.729694428180643 ], [ 75.817749026240492, 31.706054686224839 ], [ 75.791915939288799, 31.695749272244107 ] ] } },
{ "type": "Feature", "properties": { "MED_DESCRI": "Without Median", "RTT_DESCRI": "Secondary Route", "F_CODE_DES": "Road", "ISO": "IND", "ISOCOUNTRY": "INDIA" }, "geometry": { "type": "LineString", "coordinates": [ [ 75.662635781530511, 31.815360946020469 ], [ 75.694915847470156, 31.78397182607916 ], [ 75.700416503459877, 31.778638813089131 ], [ 75.706695650448125, 31.774305421097232 ], [ 75.75397494535973, 31.741750738158096 ], [ 75.767555162334347, 31.727722213184329 ], [ 75.768333464332883, 31.726917262185836 ], [ 75.768722615332152, 31.72652811118656 ], [ 75.791915939288799, 31.695749272244107 ] ] } },
{ "type": "Feature", "properties": { "MED_DESCRI": "Without Median", "RTT_DESCRI": "Secondary Route", "F_CODE_DES": "Road", "ISO": "IND", "ISOCOUNTRY": "INDIA" }, "geometry": { "type": "LineString", "coordinates": [ [ 76.51808172093105, 31.688638714257408 ], [ 76.503585798958156, 31.73305503717436 ], [ 76.489913916983724, 31.764804769114996 ], [ 76.48777764998772, 31.773611035098526 ], [ 76.487503032988229, 31.791276865065498 ], [ 76.477218598007454, 31.803417280042801 ], [ 76.476997468007866, 31.807695295034797 ], [ 76.476860065008125, 31.810972177028674 ], [ 76.485168504992586, 31.824361882003636 ], [ 76.491531378980696, 31.827304800998135 ], [ 76.50230400096055, 31.828443525996008 ], [ 76.507720929950423, 31.833471303986606 ], [ 76.508079462949752, 31.834611918984471 ], [ 76.513664223939315, 31.852582983950875 ], [ 76.51502993793676, 31.856971752942663 ], [ 76.528358406911835, 31.868999523920174 ], [ 76.537780812894226, 31.882778190894413 ], [ 76.54808036787496, 31.888971342882833 ], [ 76.563331533846451, 31.892194737876807 ], [ 76.567443795838756, 31.894472187872552 ], [ 76.574447568825661, 31.898332512865331 ], [ 76.582336428810919, 31.899833739862522 ], [ 76.611862197755713, 31.89988892786242 ], [ 76.612136814755189, 31.89988892786242 ], [ 76.633834770714628, 31.89019398388055 ], [ 76.645027161693704, 31.888999881882782 ], [ 76.651885971680869, 31.891221954878624 ], [ 76.669166619648564, 31.905805572851357 ], [ 76.670829819645448, 31.91122250184123 ], [ 76.666885389652833, 31.929971679806172 ], [ 76.667747418651217, 31.934194506798278 ], [ 76.669219917648462, 31.941555111784517 ], [ 76.673362797640721, 31.94341657278104 ], [ 76.681388871625714, 31.942832940782125 ], [ 76.691276595607221, 31.939945209787524 ], [ 76.7001114005907, 31.937389362792302 ], [ 76.708969074574142, 31.928527908808874 ], [ 76.720275810553005, 31.911500898840714 ], [ 76.725250290543698, 31.909221558844969 ], [ 76.739082255517843, 31.907222694848713 ], [ 76.751251209495081, 31.908500712846319 ], [ 76.760276715478213, 31.911306417841075 ], [ 76.773246840453965, 31.907943729847361 ], [ 76.781608578438323, 31.908500712846319 ], [ 76.786804188428619, 31.911416982840869 ], [ 76.789108287424298, 31.912721649838431 ], [ 76.793914746415311, 31.920999471822952 ], [ 76.788833670424822, 31.942527705782702 ], [ 76.789863531422895, 31.958972973751948 ], [ 76.785888672430318, 31.972665834726349 ], [ 76.790557917421594, 31.981361346710088 ], [ 76.79441824241438, 31.988555820696639 ], [ 76.796165547411107, 31.989471525694924 ], [ 76.80080417440243, 31.991916618690354 ], [ 76.816085769373856, 31.991222421691653 ], [ 76.819030767368361, 31.989889215694141 ], [ 76.8286361253504, 31.985611011702147 ], [ 76.839225795330591, 31.976667342718869 ], [ 76.844718891320326, 31.972026825727546 ], [ 76.855552749300074, 31.969944045731438 ] ] } },
{ "type": "Feature", "properties": { "MED_DESCRI": "Without Median", "RTT_DESCRI": "Secondary Route", "F_CODE_DES": "Road", "ISO": "IND", "ISOCOUNTRY": "INDIA" }, "geometry": { "type": "LineString", "coordinates": [ [ 76.51808172093105, 31.688638714257408 ], [ 76.501525887962003, 31.693944889247483 ], [ 76.476364129009056, 31.707889498221412 ], [ 76.455169669048686, 31.712472937212844 ], [ 76.437751807081241, 31.730417164179286 ], [ 76.42330937210825, 31.740222862160955 ], [ 76.397697415156145, 31.748695354145113 ], [ 76.393417321164137, 31.750110586142469 ], [ 76.369140649209527, 31.75813873912746 ], [ 76.360580461225538, 31.768138918108761 ], [ 76.349586520246092, 31.772499148100607 ], [ 76.340583883262923, 31.787445079072661 ], [ 76.339805581264386, 31.788722908070277 ], [ 76.329498277283648, 31.801082563047167 ], [ 76.325996485290204, 31.814527456022027 ], [ 76.325279230291542, 31.829889375993304 ], [ 76.327613758287171, 31.848083460959288 ], [ 76.328750593285051, 31.857000291942612 ], [ 76.328308144285884, 31.867805421922412 ], [ 76.323081916295649, 31.874471640909945 ] ] } },
{ "type": "Feature", "properties": { "MED_DESCRI": "Without Median", "RTT_DESCRI": "Secondary Route", "F_CODE_DES": "Road", "ISO": "IND", "ISOCOUNTRY": "INDIA" }, "geometry": { "type": "LineString", "coordinates": [ [ 75.553108202735302, 31.761583264121015 ], [ 75.555778583730302, 31.748138371146155 ], [ 75.563613956715656, 31.708888930219544 ], [ 75.567779516707873, 31.701166201233981 ], [ 75.583335917678781, 31.685693716262911 ] ] } },
{ "type": "Feature", "properties": { "MED_DESCRI": "Without Median", "RTT_DESCRI": "Secondary Route", "F_CODE_DES": "Road", "ISO": "IND", "ISOCOUNTRY": "INDIA" }, "geometry": { "type": "LineString", "coordinates": [ [ 75.476280269878956, 31.682332918269196 ], [ 75.472694372885655, 31.685916925262497 ], [ 75.471137957888558, 31.686582583261249 ], [ 75.459083537911098, 31.691860219251382 ], [ 75.443946905939399, 31.698472951239019 ], [ 75.374664231068948, 31.728721645182461 ], [ 75.352890108109662, 31.738250647164641 ], [ 75.277000371251546, 31.77127839710289 ], [ 75.234611451330807, 31.789749178068355 ], [ 75.221611086355111, 31.795415965057757 ] ] } },
{ "type": "Feature", "properties": { "MED_DESCRI": "Without Median", "RTT_DESCRI": "Secondary Route", "F_CODE_DES": "Road", "ISO": "IND", "ISOCOUNTRY": "INDIA" }, "geometry": { "type": "LineString", "coordinates": [ [ 75.583335917678781, 31.685693716262911 ], [ 75.531219545776224, 31.678028065277246 ], [ 75.497192363839844, 31.684472965265194 ], [ 75.487724219857554, 31.686277348261818 ], [ 75.487587005857804, 31.68622216026192 ], [ 75.476280269878956, 31.682332918269196 ] ] } },
{ "type": "Feature", "properties": { "MED_DESCRI": "Without Median", "RTT_DESCRI": "Secondary Route", "F_CODE_DES": "Road", "ISO": "IND", "ISOCOUNTRY": "INDIA" }, "geometry": { "type": "LineString", "coordinates": [ [ 75.662635781530511, 31.815360946020469 ], [ 75.651779243550806, 31.751138746140548 ], [ 75.642860333567484, 31.698415684239123 ], [ 75.641586284569868, 31.690776871253405 ], [ 75.639442457573878, 31.678083442277142 ], [ 75.63302609658588, 31.675083067282749 ], [ 75.632194496587431, 31.674694105283479 ], [ 75.626808185597497, 31.672193446288155 ] ] } },
{ "type": "Feature", "properties": { "MED_DESCRI": "Without Median", "RTT_DESCRI": "Secondary Route", "F_CODE_DES": "Road", "ISO": "IND", "ISOCOUNTRY": "INDIA" }, "geometry": { "type": "LineString", "coordinates": [ [ 75.256942746289056, 31.674333493284152 ], [ 75.314582832181287, 31.679082874275274 ], [ 75.329498334153399, 31.680305515272984 ], [ 75.35277557410987, 31.682222353269403 ], [ 75.403778169014515, 31.682306269269247 ], [ 75.454086377920447, 31.682332918269196 ], [ 75.476280269878956, 31.682332918269196 ] ] } },
{ "type": "Feature", "properties": { "MED_DESCRI": "Without Median", "RTT_DESCRI": "Secondary Route", "F_CODE_DES": "Road", "ISO": "IND", "ISOCOUNTRY": "INDIA" }, "geometry": { "type": "LineString", "coordinates": [ [ 75.256942746289056, 31.674333493284152 ], [ 75.243835407313554, 31.701000259234291 ], [ 75.237419046325556, 31.733612020173318 ], [ 75.236083950328052, 31.740417532160592 ], [ 75.225196794348406, 31.776527494093074 ], [ 75.224029530350592, 31.782693808081547 ], [ 75.221611086355111, 31.795415965057757 ] ] } },
{ "type": "Feature", "properties": { "MED_DESCRI": "Without Median", "RTT_DESCRI": "Secondary Route", "F_CODE_DES": "Road", "ISO": "IND", "ISOCOUNTRY": "INDIA" }, "geometry": { "type": "LineString", "coordinates": [ [ 76.213890001499806, 31.870472022917426 ], [ 76.199447566526814, 31.858333497940123 ], [ 76.176223813570232, 31.831806213989722 ], [ 76.16503142259117, 31.828832676995276 ], [ 76.155944869608149, 31.820054950011688 ], [ 76.145057713628503, 31.817304622016835 ], [ 76.138084369641547, 31.807500814035166 ], [ 76.1251144336658, 31.796583229055578 ], [ 76.120582591674278, 31.779972019086635 ], [ 76.12005622667526, 31.777999804090321 ], [ 76.105529875702416, 31.757749588128185 ], [ 76.085052481740703, 31.699193986237667 ], [ 76.082557681745371, 31.692028051251064 ], [ 76.071891844765304, 31.676027311280983 ], [ 76.070053063768754, 31.673305522286071 ], [ 76.064277601779551, 31.664667088302224 ], [ 76.062141334783547, 31.661472232308199 ] ] } },
{ "type": "Feature", "properties": { "MED_DESCRI": "Without Median", "RTT_DESCRI": "Secondary Route", "F_CODE_DES": "Road", "ISO": "IND", "ISOCOUNTRY": "INDIA" }, "geometry": { "type": "LineString", "coordinates": [ [ 75.626808185597497, 31.672193446288155 ], [ 75.623222288604211, 31.675027879282851 ], [ 75.596359340654431, 31.683834145266388 ], [ 75.586860578672187, 31.685194000263849 ], [ 75.583335917678781, 31.685693716262911 ] ] } },
{ "type": "Feature", "properties": { "MED_DESCRI": "Without Median", "RTT_DESCRI": "Secondary Route", "F_CODE_DES": "Road", "ISO": "IND", "ISOCOUNTRY": "INDIA" }, "geometry": { "type": "LineString", "coordinates": [ [ 75.791915939288799, 31.695749272244107 ], [ 75.745414757375741, 31.680694666272259 ], [ 75.708862346444079, 31.673610757285502 ], [ 75.686332790486205, 31.672527220287527 ], [ 75.663749747528428, 31.671443872289558 ], [ 75.649169909555695, 31.668888025294336 ], [ 75.638557370575526, 31.667055103297763 ] ] } },
{ "type": "Feature", "properties": { "MED_DESCRI": "Without Median", "RTT_DESCRI": "Secondary Route", "F_CODE_DES": "Road", "ISO": "IND", "ISOCOUNTRY": "INDIA" }, "geometry": { "type": "LineString", "coordinates": [ [ 75.638557370575526, 31.667055103297763 ], [ 75.632469113586922, 31.669721515292778 ], [ 75.631973177587838, 31.669944724292357 ], [ 75.626808185597497, 31.672193446288155 ] ] } },
{ "type": "Feature", "properties": { "MED_DESCRI": "Without Median", "RTT_DESCRI": "Secondary Route", "F_CODE_DES": "Road", "ISO": "IND", "ISOCOUNTRY": "INDIA" }, "geometry": { "type": "LineString", "coordinates": [ [ 74.93599693288914, 31.826026972000527 ], [ 74.924392710910837, 31.806417466037189 ], [ 74.918418798922005, 31.792862008062535 ], [ 74.916336018925904, 31.785388948076509 ], [ 74.908226028941058, 31.75611114713125 ], [ 74.904945366947189, 31.741083190159344 ], [ 74.901275553954051, 31.724222122190874 ], [ 74.900108289956236, 31.718805382200998 ], [ 74.893752975968127, 31.706222518224529 ], [ 74.882225109989676, 31.683444994267113 ], [ 74.878585725996487, 31.674804670283272 ], [ 74.873581006005836, 31.662971569305398 ], [ 74.872306768008215, 31.659973084311005 ] ] } },
{ "type": "Feature", "properties": { "MED_DESCRI": "Without Median", "RTT_DESCRI": "Secondary Route", "F_CODE_DES": "Road", "ISO": "IND", "ISOCOUNTRY": "INDIA" }, "geometry": { "type": "LineString", "coordinates": [ [ 75.626808185597497, 31.672193446288155 ], [ 75.631637513588473, 31.662305911306639 ], [ 75.632804777586287, 31.659916006311107 ], [ 75.638694773575281, 31.647888235333596 ], [ 75.643524101566243, 31.580110567460324 ], [ 75.64247137156822, 31.573415809472841 ], [ 75.641914388569262, 31.569805153479592 ], [ 75.63905330657461, 31.551500314513817 ], [ 75.638610857575429, 31.548639232519164 ], [ 75.631416383588885, 31.502387908605648 ], [ 75.623168990604299, 31.449333151704842 ], [ 75.621665873607114, 31.443861034715077 ], [ 75.621444743607526, 31.443056083716577 ], [ 75.61627956261718, 31.424305015751642 ], [ 75.601196228645392, 31.369278043854528 ], [ 75.596641517653907, 31.358554750874575 ] ] } },
{ "type": "Feature", "properties": { "MED_DESCRI": "Without Median", "RTT_DESCRI": "Secondary Route", "F_CODE_DES": "Road", "ISO": "IND", "ISOCOUNTRY": "INDIA" }, "geometry": { "type": "LineString", "coordinates": [ [ 76.937942574146021, 31.704195115228316 ], [ 76.938247620145447, 31.703527378229566 ], [ 76.944358746134029, 31.690555552253819 ], [ 76.951194687121244, 31.686361264261663 ], [ 76.952888505118082, 31.685333293263582 ], [ 76.961860713101302, 31.691804842251486 ], [ 76.976722728073511, 31.69361111524811 ], [ 76.990135113048439, 31.697805403240267 ], [ 76.999999968029996, 31.706777611223487 ], [ 77.009635944011976, 31.715026894208066 ], [ 77.015914902000233, 31.713499018210925 ], [ 77.027305553978934, 31.703971906228738 ], [ 77.03555294696352, 31.692667060249875 ], [ 77.040359405954533, 31.683332350267328 ], [ 77.051002562934627, 31.662694873305909 ], [ 77.051391524933905, 31.662389827306484 ], [ 77.05580902192564, 31.658805820313184 ], [ 77.059669535918431, 31.664417230302689 ], [ 77.06263740291287, 31.668777460294542 ], [ 77.08039092887968, 31.676055850280932 ], [ 77.093276948855589, 31.683332350267328 ], [ 77.107475195829039, 31.687471450259586 ], [ 77.11722570581081, 31.69413955924712 ], [ 77.155281044739652, 31.696611490242496 ], [ 77.159667923731448, 31.69688799724198 ], [ 77.178054788697082, 31.70258332323133 ], [ 77.188804541676973, 31.710443455216634 ], [ 77.197830236660096, 31.711584070214499 ], [ 77.20224754465184, 31.713861520210244 ], [ 77.207222024642547, 31.719833353199078 ], [ 77.206108058644617, 31.725944479187653 ] ] } },
{ "type": "Feature", "properties": { "MED_DESCRI": "Without Median", "RTT_DESCRI": "Secondary Route", "F_CODE_DES": "Road", "ISO": "IND", "ISOCOUNTRY": "INDIA" }, "geometry": { "type": "LineString", "coordinates": [ [ 74.53394800664087, 31.750679287141402 ], [ 74.538307102632714, 31.745916298150313 ], [ 74.538475123632395, 31.745721817150674 ], [ 74.552024911607063, 31.73616597716854 ], [ 74.567916787577346, 31.731555889177159 ], [ 74.583663889547907, 31.730611834178923 ], [ 74.614166221490876, 31.719444202199803 ], [ 74.634391867453061, 31.712028409213673 ], [ 74.653862080416658, 31.704889312227017 ], [ 74.672920273381024, 31.699028044237977 ], [ 74.679801952368152, 31.698583516238813 ], [ 74.687057473354585, 31.698110638239697 ], [ 74.705223019320627, 31.684278484265555 ], [ 74.747024527242459, 31.669332553293501 ], [ 74.811973621121027, 31.646083852336972 ], [ 74.814361636116558, 31.645221634338583 ], [ 74.832748501082179, 31.638639520350893 ] ] } },
{ "type": "Feature", "properties": { "MED_DESCRI": "Unknown", "RTT_DESCRI": "Unknown", "F_CODE_DES": "Road", "ISO": "IND", "ISOCOUNTRY": "INDIA" }, "geometry": { "type": "LineString", "coordinates": [ [ 74.893112265969322, 31.636499473354888 ], [ 74.906829885943665, 31.64508253033884 ], [ 74.909667909938364, 31.646861965335518 ], [ 74.921363796916495, 31.654167193321854 ], [ 74.923583979912351, 31.655555776319261 ], [ 74.933944770892978, 31.662056053307104 ], [ 74.934303303892307, 31.662277183306692 ], [ 74.934974631891052, 31.662694873305909 ], [ 74.959136958845875, 31.67780485627766 ], [ 74.964858933835174, 31.681388863270961 ], [ 74.972885196820172, 31.686416641261559 ], [ 74.994888387779028, 31.698972667238081 ], [ 75.000000081769471, 31.701889126232629 ], [ 75.030220047712959, 31.71911042820043 ], [ 75.030723543712028, 31.719389014199912 ], [ 75.15188596248548, 31.788360595070948 ], [ 75.152885394483619, 31.788944227069862 ], [ 75.200363139394838, 31.815916039019427 ], [ 75.204917850386323, 31.818500425014598 ] ] } },
{ "type": "Feature", "properties": { "MED_DESCRI": "Unknown", "RTT_DESCRI": "Unknown", "F_CODE_DES": "Road", "ISO": "IND", "ISOCOUNTRY": "INDIA" }, "geometry": { "type": "LineString", "coordinates": [ [ 74.862914980025778, 31.630361509366367 ], [ 74.861473099028473, 31.631889385363507 ], [ 74.850585943048827, 31.649999554329646 ], [ 74.845725997057926, 31.657722472315207 ], [ 74.842857355063288, 31.662277183306692 ], [ 74.836723360074757, 31.672000855288516 ], [ 74.827720723091588, 31.686306076261765 ], [ 74.817970213109817, 31.701805021232786 ], [ 74.816947912111729, 31.703416813229772 ], [ 74.796386791150169, 31.729722967180585 ], [ 74.789413447163213, 31.740667390160127 ], [ 74.786857600167991, 31.744667008152646 ], [ 74.779975921180849, 31.76011076512377 ], [ 74.776832662186735, 31.767194674110527 ], [ 74.770835881197939, 31.7955550690575 ], [ 74.761917160214622, 31.837749507978607 ], [ 74.761276261215812, 31.848222753959021 ], [ 74.760665980216956, 31.857973074940794 ] ] } },
{ "type": "Feature", "properties": { "MED_DESCRI": "Unknown", "RTT_DESCRI": "Unknown", "F_CODE_DES": "Road", "ISO": "IND", "ISOCOUNTRY": "INDIA" }, "geometry": { "type": "LineString", "coordinates": [ [ 74.862914980025778, 31.630361509366367 ], [ 74.861000032029366, 31.630832686365487 ], [ 74.832748501082179, 31.638639520350893 ] ] } },
{ "type": "Feature", "properties": { "MED_DESCRI": "Unknown", "RTT_DESCRI": "Unknown", "F_CODE_DES": "Road", "ISO": "IND", "ISOCOUNTRY": "INDIA" }, "geometry": { "type": "LineString", "coordinates": [ [ 74.865913465020171, 31.627195381372289 ], [ 74.893112265969322, 31.636499473354888 ] ] } },
{ "type": "Feature", "properties": { "MED_DESCRI": "Unknown", "RTT_DESCRI": "Unknown", "F_CODE_DES": "Road", "ISO": "IND", "ISOCOUNTRY": "INDIA" }, "geometry": { "type": "LineString", "coordinates": [ [ 74.865913465020171, 31.627195381372289 ], [ 74.866218511019611, 31.629861793367304 ], [ 74.86624912901955, 31.630306321366469 ], [ 74.867553796017106, 31.642665787343361 ], [ 74.871559084009618, 31.658166811314381 ], [ 74.872306768008215, 31.659973084311005 ] ] } },
{ "type": "Feature", "properties": { "MED_DESCRI": "Unknown", "RTT_DESCRI": "Unknown", "F_CODE_DES": "Road", "ISO": "IND", "ISOCOUNTRY": "INDIA" }, "geometry": { "type": "LineString", "coordinates": [ [ 74.865913465020171, 31.627195381372289 ], [ 74.864364610023074, 31.628860471369173 ], [ 74.862914980025778, 31.630361509366367 ] ] } },
{ "type": "Feature", "properties": { "MED_DESCRI": "Unknown", "RTT_DESCRI": "Unknown", "F_CODE_DES": "Road", "ISO": "IND", "ISOCOUNTRY": "INDIA" }, "geometry": { "type": "LineString", "coordinates": [ [ 74.865913465020171, 31.627195381372289 ], [ 74.867195074017772, 31.626583021373435 ], [ 74.869583089013318, 31.624445053377428 ], [ 74.870803840011035, 31.623332977379512 ], [ 74.873611435005785, 31.613048542398737 ], [ 74.876251198000844, 31.603361158416853 ], [ 74.876747133999913, 31.601499508420332 ] ] } },
{ "type": "Feature", "properties": { "MED_DESCRI": "Unknown", "RTT_DESCRI": "Unknown", "F_CODE_DES": "Road", "ISO": "IND", "ISOCOUNTRY": "INDIA" }, "geometry": { "type": "LineString", "coordinates": [ [ 74.865913465020171, 31.627195381372289 ], [ 74.865333613021264, 31.62716684237234 ], [ 74.820251443105548, 31.624389676377533 ], [ 74.814277720116721, 31.624000525378264 ], [ 74.796028069150836, 31.625473024375509 ], [ 74.791557274159203, 31.625833447374831 ], [ 74.789497363163051, 31.626638398373331 ], [ 74.788108780165643, 31.62649910537359 ] ] } },
{ "type": "Feature", "properties": { "MED_DESCRI": "Unknown", "RTT_DESCRI": "Unknown", "F_CODE_DES": "Road", "ISO": "IND", "ISOCOUNTRY": "INDIA" }, "geometry": { "type": "LineString", "coordinates": [ [ 74.906860314943614, 31.616888077391557 ], [ 74.91449742692933, 31.618999396387615 ], [ 74.917442235923829, 31.619556379386573 ], [ 74.922943080913541, 31.620582649384652 ], [ 74.925582843908614, 31.621084255383714 ], [ 74.967781062829715, 31.629028303368862 ], [ 75.000000081769471, 31.635084241357539 ], [ 75.030914244711667, 31.640888242346684 ], [ 75.055137618666379, 31.645444843338169 ], [ 75.070694019637287, 31.648361113332712 ], [ 75.137748762511919, 31.660917328309239 ], [ 75.149612481489726, 31.662250534306743 ], [ 75.199890072395732, 31.667917321296152 ], [ 75.256942746289056, 31.674333493284152 ] ] } },
{ "type": "Feature", "properties": { "MED_DESCRI": "Unknown", "RTT_DESCRI": "Unknown", "F_CODE_DES": "Road", "ISO": "IND", "ISOCOUNTRY": "INDIA" }, "geometry": { "type": "LineString", "coordinates": [ [ 74.906860314943614, 31.616888077391557 ], [ 74.895385746965076, 31.633249240360968 ], [ 74.893112265969322, 31.636499473354888 ] ] } },
{ "type": "Feature", "properties": { "MED_DESCRI": "Unknown", "RTT_DESCRI": "Unknown", "F_CODE_DES": "Road", "ISO": "IND", "ISOCOUNTRY": "INDIA" }, "geometry": { "type": "LineString", "coordinates": [ [ 74.906860314943614, 31.616888077391557 ], [ 74.908164981941169, 31.616027749393169 ], [ 74.912582478932919, 31.613277421398308 ], [ 74.915222241927978, 31.611638980401374 ], [ 74.924552982910541, 31.605777712412333 ], [ 74.926170255907508, 31.605028138413736 ], [ 74.946304236869864, 31.595666968431239 ], [ 74.948417634865919, 31.594667347433109 ], [ 74.961051906842286, 31.587165748447134 ], [ 74.963531586837661, 31.58569532844988 ], [ 75.000000081769471, 31.574443780470922 ], [ 75.022804254726836, 31.567388599484111 ] ] } },
{ "type": "Feature", "properties": { "MED_DESCRI": "Without Median", "RTT_DESCRI": "Secondary Route", "F_CODE_DES": "Road", "ISO": "IND", "ISOCOUNTRY": "INDIA" }, "geometry": { "type": "LineString", "coordinates": [ [ 76.569000210835853, 31.608222994407761 ], [ 76.56355285284603, 31.617999964389483 ], [ 76.534889301899625, 31.669555573293088 ], [ 76.51808172093105, 31.688638714257408 ] ] } },
{ "type": "Feature", "properties": { "MED_DESCRI": "Without Median", "RTT_DESCRI": "Secondary Route", "F_CODE_DES": "Road", "ISO": "IND", "ISOCOUNTRY": "INDIA" }, "geometry": { "type": "LineString", "coordinates": [ [ 76.937942574146021, 31.704195115228316 ], [ 76.93753055414679, 31.703945068228784 ], [ 76.936920084147928, 31.703556106229513 ], [ 76.932136494156879, 31.700527192235178 ], [ 76.930610697159736, 31.693500550248316 ], [ 76.934524509152411, 31.679111413275216 ], [ 76.94075016914077, 31.671693730289086 ], [ 76.942779462136983, 31.657388698315835 ], [ 76.942558332137395, 31.641138100346218 ], [ 76.938552855144877, 31.629167596368603 ], [ 76.931198109158629, 31.61874953838808 ], [ 76.909057704200023, 31.603027384417473 ], [ 76.906524726204765, 31.596082768430463 ] ] } },
{ "type": "Feature", "properties": { "MED_DESCRI": "Without Median", "RTT_DESCRI": "Secondary Route", "F_CODE_DES": "Road", "ISO": "IND", "ISOCOUNTRY": "INDIA" }, "geometry": { "type": "LineString", "coordinates": [ [ 74.586838333541976, 31.605331105413171 ], [ 74.586860635541925, 31.605333373413167 ], [ 74.682586678362952, 31.615444117394262 ], [ 74.695251379339268, 31.616777512391764 ], [ 74.788108780165643, 31.62649910537359 ] ] } },
{ "type": "Feature", "properties": { "MED_DESCRI": "Without Median", "RTT_DESCRI": "Secondary Route", "F_CODE_DES": "Road", "ISO": "IND", "ISOCOUNTRY": "INDIA" }, "geometry": { "type": "LineString", "coordinates": [ [ 78.328636134545789, 31.605722335412437 ], [ 78.357414219491986, 31.598167438426565 ], [ 78.375808644457592, 31.590415981441055 ], [ 78.397804275416462, 31.584417310452274 ], [ 78.41369634038675, 31.587554899446403 ], [ 78.424415664366705, 31.587083722447289 ], [ 78.430137639356005, 31.595111875432274 ], [ 78.425224395365191, 31.607055730409947 ], [ 78.427948074360103, 31.621139443383612 ], [ 78.426864537362121, 31.624416325377481 ], [ 78.425361609364941, 31.629083680368758 ], [ 78.414832986384624, 31.640583007347253 ], [ 78.415031436384254, 31.643554654341699 ], [ 78.415138221384055, 31.644945127339099 ], [ 78.418777416377253, 31.646694133335828 ], [ 78.428222691359593, 31.645694701337696 ], [ 78.431808399352889, 31.648361113332712 ], [ 78.433052019350555, 31.660110487310746 ], [ 78.439193763339077, 31.670665759291012 ], [ 78.442558341332784, 31.682722069268465 ], [ 78.445198104327844, 31.683500371267009 ], [ 78.450996435317009, 31.675027879282851 ], [ 78.453971862311448, 31.674444247283944 ], [ 78.462829536294876, 31.679388109274704 ], [ 78.476280288269734, 31.678527781276308 ], [ 78.480720465261427, 31.680555373272519 ], [ 78.487251360249218, 31.688583337257505 ], [ 78.488281221247291, 31.688749279257195 ], [ 78.500808708223872, 31.690500175253923 ], [ 78.526191786176412, 31.709888551217674 ], [ 78.529777494169707, 31.712638879212534 ] ] } },
{ "type": "Feature", "properties": { "MED_DESCRI": "Without Median", "RTT_DESCRI": "Secondary Route", "F_CODE_DES": "Road", "ISO": "IND", "ISOCOUNTRY": "INDIA" }, "geometry": { "type": "LineString", "coordinates": [ [ 76.906524726204765, 31.596082768430463 ], [ 76.885330266244395, 31.600721395421786 ], [ 76.877693154258679, 31.59855469942584 ], [ 76.865364117281729, 31.60255620741836 ], [ 76.857276996296847, 31.597665832427502 ], [ 76.844696022320363, 31.601694178419969 ], [ 76.837974615332939, 31.601528236420279 ], [ 76.827720609352113, 31.596277249430095 ], [ 76.815193122375533, 31.597084090428588 ], [ 76.806556767391683, 31.591527868438973 ], [ 76.794609132414024, 31.59758380642765 ], [ 76.790084850422474, 31.597778287427289 ], [ 76.783142124435457, 31.594194469433994 ], [ 76.771224918457747, 31.596111307430405 ], [ 76.751052948495456, 31.599332812424386 ], [ 76.736503539522658, 31.58877754044412 ], [ 76.729667598535443, 31.587610276446298 ], [ 76.725944487542407, 31.586971267447495 ], [ 76.71541586456209, 31.581249292458196 ], [ 76.705886862579902, 31.583055565454821 ], [ 76.694168106601822, 31.588417117444791 ], [ 76.684387167620102, 31.590444520441004 ], [ 76.669082703648726, 31.59000018144183 ], [ 76.64321899869708, 31.58291627245508 ], [ 76.634750286712915, 31.584722545451697 ], [ 76.633697556714878, 31.58494386445129 ], [ 76.628585862724435, 31.58861159844443 ], [ 76.622581521735668, 31.604473045414771 ], [ 76.618919457742507, 31.605777712412333 ], [ 76.614112809751504, 31.606000921411919 ], [ 76.601448108775173, 31.596250600430146 ], [ 76.592720088791495, 31.598249464426409 ], [ 76.57933038381654, 31.606638040410722 ], [ 76.569000210835853, 31.608222994407761 ] ] } },
{ "type": "Feature", "properties": { "MED_DESCRI": "Without Median", "RTT_DESCRI": "Secondary Route", "F_CODE_DES": "Road", "ISO": "IND", "ISOCOUNTRY": "INDIA" }, "geometry": { "type": "LineString", "coordinates": [ [ 76.906524726204765, 31.596082768430463 ], [ 76.906974735203917, 31.591417303439187 ], [ 76.908081141201862, 31.57947155846152 ], [ 76.907142567203607, 31.572860716473876 ], [ 76.900581432215873, 31.562860537492575 ], [ 76.900665348215725, 31.559888890498137 ], [ 76.905998172205756, 31.546777771522649 ], [ 76.908721851200653, 31.546083385523943 ] ] } },
{ "type": "Feature", "properties": { "MED_DESCRI": "Without Median", "RTT_DESCRI": "Secondary Route", "F_CODE_DES": "Road", "ISO": "IND", "ISOCOUNTRY": "INDIA" }, "geometry": { "type": "LineString", "coordinates": [ [ 76.248222418435617, 31.833610596986347 ], [ 76.256858773419467, 31.825222021002027 ], [ 76.265029999404192, 31.822360939007382 ], [ 76.282249411371993, 31.804695109040409 ], [ 76.29274741635237, 31.78224946908238 ], [ 76.279663135376836, 31.778444332089492 ], [ 76.276725697382318, 31.774000186097801 ], [ 76.27744295238098, 31.768222834108606 ], [ 76.297531195343424, 31.735138006170466 ], [ 76.299003694340669, 31.73272126317498 ], [ 76.310691832318824, 31.703111578230342 ], [ 76.346885710251144, 31.634195374359201 ], [ 76.359306412227923, 31.62219425238164 ], [ 76.367996254211675, 31.601194462420899 ], [ 76.388000581174268, 31.577194297465773 ], [ 76.405166695142171, 31.545972820524149 ], [ 76.410247771132674, 31.541389381532724 ] ] } },
{ "type": "Feature", "properties": { "MED_DESCRI": "Without Median", "RTT_DESCRI": "Secondary Route", "F_CODE_DES": "Road", "ISO": "IND", "ISOCOUNTRY": "INDIA" }, "geometry": { "type": "LineString", "coordinates": [ [ 75.791915939288799, 31.695749272244107 ], [ 75.814277663246983, 31.671138826290125 ], [ 75.826057466224952, 31.654054549322069 ], [ 75.84860989118279, 31.621305385383302 ], [ 75.852584750175353, 31.615554871394053 ], [ 75.869499116143729, 31.596555646429579 ], [ 75.872833265137501, 31.590944236440066 ], [ 75.886474529111993, 31.568082796482813 ], [ 75.891586223102436, 31.559473090498912 ], [ 75.898056071090338, 31.550277673516106 ], [ 75.902473379082082, 31.54700079152223 ], [ 75.902946446081188, 31.546667017522857 ], [ 75.905136200077095, 31.537721647539577 ] ] } },
{ "type": "Feature", "properties": { "MED_DESCRI": "Without Median", "RTT_DESCRI": "Secondary Route", "F_CODE_DES": "Road", "ISO": "IND", "ISOCOUNTRY": "INDIA" }, "geometry": { "type": "LineString", "coordinates": [ [ 75.905136200077095, 31.537721647539577 ], [ 75.895027157095996, 31.541694616532155 ], [ 75.892776545100205, 31.542583483530493 ], [ 75.882080090120212, 31.546806310522591 ], [ 75.863502524154939, 31.555999837505404 ], [ 75.86096954615968, 31.55724912750307 ], [ 75.829803446217952, 31.565361007487901 ], [ 75.774192842321924, 31.591806454438455 ], [ 75.771583508326813, 31.593666025434977 ], [ 75.762863237343112, 31.599861067423397 ], [ 75.760528520347478, 31.601499508420332 ], [ 75.723892193415978, 31.622054959381899 ], [ 75.707473763446671, 31.631277025364653 ], [ 75.683998073490571, 31.642333903343982 ], [ 75.666168191523909, 31.650722479328302 ], [ 75.638557370575526, 31.667055103297763 ] ] } },
{ "type": "Feature", "properties": { "MED_DESCRI": "Without Median", "RTT_DESCRI": "Secondary Route", "F_CODE_DES": "Road", "ISO": "IND", "ISOCOUNTRY": "INDIA" }, "geometry": { "type": "LineString", "coordinates": [ [ 75.243667575313879, 31.535223067544251 ], [ 75.246559086308466, 31.538917450537348 ], [ 75.255142143292417, 31.539611836536046 ], [ 75.258392376286338, 31.53988834353553 ], [ 75.286331112234109, 31.576471372467125 ], [ 75.284385735237734, 31.586166316449003 ], [ 75.277252119251074, 31.606082947411764 ], [ 75.267387453269521, 31.633499098360502 ], [ 75.265976001272165, 31.639139236349955 ], [ 75.265357971273318, 31.64150041334554 ], [ 75.256942746289056, 31.674333493284152 ] ] } },
{ "type": "Feature", "properties": { "MED_DESCRI": "Without Median", "RTT_DESCRI": "Primary Route", "F_CODE_DES": "Road", "ISO": "IND", "ISOCOUNTRY": "INDIA" }, "geometry": { "type": "LineString", "coordinates": [ [ 75.022804254726836, 31.567388599484111 ], [ 75.044944848685432, 31.563499357491381 ], [ 75.058639599659827, 31.562444737493351 ], [ 75.099052335584261, 31.559389174499067 ], [ 75.144691488498935, 31.551166540514444 ], [ 75.167388876456499, 31.545860365524362 ], [ 75.181472778430162, 31.542583483530493 ], [ 75.215751708366071, 31.539861694535581 ], [ 75.225250281348309, 31.539110230536984 ], [ 75.228111174342956, 31.538888911537398 ], [ 75.243667575313879, 31.535223067544251 ] ] } },
{ "type": "Feature", "properties": { "MED_DESCRI": "Without Median", "RTT_DESCRI": "Secondary Route", "F_CODE_DES": "Road", "ISO": "IND", "ISOCOUNTRY": "INDIA" }, "geometry": { "type": "LineString", "coordinates": [ [ 75.904975928077405, 31.534666084545293 ], [ 75.905136200077095, 31.537721647539577 ] ] } },
{ "type": "Feature", "properties": { "MED_DESCRI": "Without Median", "RTT_DESCRI": "Secondary Route", "F_CODE_DES": "Road", "ISO": "IND", "ISOCOUNTRY": "INDIA" }, "geometry": { "type": "LineString", "coordinates": [ [ 76.400108299151626, 31.530666277552768 ], [ 76.410247771132674, 31.541389381532724 ] ] } },
{ "type": "Feature", "properties": { "MED_DESCRI": "Unknown", "RTT_DESCRI": "Unknown", "F_CODE_DES": "Road", "ISO": "IND", "ISOCOUNTRY": "INDIA" }, "geometry": { "type": "LineString", "coordinates": [ [ 75.91555784905762, 31.530166561553706 ], [ 75.921028076047392, 31.535777971543212 ], [ 75.924079859041683, 31.54191593553174 ], [ 75.923027129043646, 31.541973202531629 ], [ 75.925331039039335, 31.550111731516417 ], [ 75.932418917026084, 31.562221528493772 ], [ 75.946998565998825, 31.574916847470035 ], [ 75.967834492959867, 31.588527682444585 ], [ 75.987419050923251, 31.603776958416077 ], [ 76.005195634890015, 31.62047189538486 ], [ 76.009636000881713, 31.630695283365746 ], [ 76.012252894876823, 31.636693954354527 ], [ 76.019500666863266, 31.642110883344401 ], [ 76.043357758818658, 31.647333142334638 ], [ 76.054725730797401, 31.653972712322222 ], [ 76.062141334783547, 31.661472232308199 ] ] } },
{ "type": "Feature", "properties": { "MED_DESCRI": "Unknown", "RTT_DESCRI": "Unknown", "F_CODE_DES": "Road", "ISO": "IND", "ISOCOUNTRY": "INDIA" }, "geometry": { "type": "LineString", "coordinates": [ [ 75.912277187063751, 31.52680595255999 ], [ 75.91555784905762, 31.530166561553706 ] ] } },
{ "type": "Feature", "properties": { "MED_DESCRI": "Unknown", "RTT_DESCRI": "Unknown", "F_CODE_DES": "Road", "ISO": "IND", "ISOCOUNTRY": "INDIA" }, "geometry": { "type": "LineString", "coordinates": [ [ 75.904975928077405, 31.534666084545293 ], [ 75.912277187063751, 31.52680595255999 ] ] } },
{ "type": "Feature", "properties": { "MED_DESCRI": "Without Median", "RTT_DESCRI": "Secondary Route", "F_CODE_DES": "Road", "ISO": "IND", "ISOCOUNTRY": "INDIA" }, "geometry": { "type": "LineString", "coordinates": [ [ 76.410247771132674, 31.541389381532724 ], [ 76.445999200065827, 31.525861708561756 ], [ 76.454307640050288, 31.525943734561601 ], [ 76.463859511032439, 31.529443825555056 ], [ 76.474609453012334, 31.539054853537088 ], [ 76.490196282983192, 31.557861298501926 ], [ 76.510803141944663, 31.571388217476631 ], [ 76.521888747923938, 31.585472119450301 ], [ 76.525276194917595, 31.589776972442252 ], [ 76.538391093893082, 31.593778669434769 ], [ 76.560081489852521, 31.607250211409578 ], [ 76.569000210835853, 31.608222994407761 ] ] } },
{ "type": "Feature", "properties": { "MED_DESCRI": "Unknown", "RTT_DESCRI": "Unknown", "F_CODE_DES": "Road", "ISO": "IND", "ISOCOUNTRY": "INDIA" }, "geometry": { "type": "LineString", "coordinates": [ [ 75.91555784905762, 31.530166561553706 ], [ 75.938163761015346, 31.525028218563314 ], [ 75.942276023007665, 31.523971519565286 ], [ 75.964500343966108, 31.518222895576038 ], [ 76.001274073897349, 31.508722243593802 ], [ 76.009391812882171, 31.506639463597693 ], [ 76.036109986832216, 31.501638334607044 ], [ 76.057525576792173, 31.499444989611149 ], [ 76.069885231769064, 31.49819380961349 ], [ 76.081138669748029, 31.49841682961307 ], [ 76.096664452718997, 31.498722064612501 ], [ 76.115638729683511, 31.507778188595566 ], [ 76.126831120662587, 31.507083802596867 ], [ 76.151306242616826, 31.500110647609901 ], [ 76.164581224592013, 31.493833579621636 ], [ 76.191001912542603, 31.487943583632649 ] ] } },
{ "type": "Feature", "properties": { "MED_DESCRI": "Unknown", "RTT_DESCRI": "Unknown", "F_CODE_DES": "Road", "ISO": "IND", "ISOCOUNTRY": "INDIA" }, "geometry": { "type": "LineString", "coordinates": [ [ 75.912277187063751, 31.52680595255999 ], [ 75.904083281079068, 31.518388837575728 ] ] } },
{ "type": "Feature", "properties": { "MED_DESCRI": "Unknown", "RTT_DESCRI": "Unknown", "F_CODE_DES": "Road", "ISO": "IND", "ISOCOUNTRY": "INDIA" }, "geometry": { "type": "LineString", "coordinates": [ [ 75.912277187063751, 31.52680595255999 ], [ 75.924362225041151, 31.515167143581749 ], [ 75.928558403033307, 31.511028232589489 ], [ 75.947891212997163, 31.491971929625123 ], [ 75.960052417974424, 31.479972886647552 ], [ 75.978057880940753, 31.452444091699029 ], [ 75.978500329939934, 31.451888998700063 ], [ 75.998695357902164, 31.426305769747898 ], [ 76.009246849882445, 31.412916253772934 ], [ 76.019554153863169, 31.399860322797345 ], [ 76.025642410851788, 31.388139676819257 ], [ 76.038581917827585, 31.363193566865903 ], [ 76.039527862825821, 31.361389183869278 ] ] } },
{ "type": "Feature", "properties": { "MED_DESCRI": "Without Median", "RTT_DESCRI": "Primary Route", "F_CODE_DES": "Road", "ISO": "IND", "ISOCOUNTRY": "INDIA" }, "geometry": { "type": "LineString", "coordinates": [ [ 75.243667575313879, 31.535223067544251 ], [ 75.249809319302386, 31.533777217546955 ], [ 75.27230825726032, 31.52336123856643 ], [ 75.274749759255755, 31.521583504569755 ], [ 75.299888649208754, 31.503221587604088 ], [ 75.303581331201855, 31.500528337609119 ], [ 75.305641242197993, 31.499027299611932 ], [ 75.316192545178268, 31.500722818608757 ], [ 75.319503825172077, 31.501249372607774 ], [ 75.329086314154168, 31.502777059604917 ], [ 75.336776724139781, 31.501583146607146 ], [ 75.353362986108777, 31.489999714628809 ], [ 75.366500943084205, 31.480806376645994 ], [ 75.367637589082079, 31.48036184864683 ], [ 75.389831481040588, 31.471500394663394 ], [ 75.406997595008491, 31.466972332671865 ] ] } },
{ "type": "Feature", "properties": { "MED_DESCRI": "Without Median", "RTT_DESCRI": "Secondary Route", "F_CODE_DES": "Road", "ISO": "IND", "ISOCOUNTRY": "INDIA" }, "geometry": { "type": "LineString", "coordinates": [ [ 77.210670518636093, 31.491027874626887 ], [ 77.210441639636514, 31.499277157611459 ], [ 77.212638764632416, 31.506971347597073 ], [ 77.2206650276174, 31.514917285582221 ], [ 77.218750079620989, 31.519638127573394 ], [ 77.219192528620155, 31.525167511563055 ], [ 77.215499846627068, 31.528444204556926 ], [ 77.213111831631522, 31.536361603542126 ], [ 77.208030755641033, 31.536333064542177 ], [ 77.200248680655577, 31.552722955511534 ], [ 77.202026414652252, 31.558305826501091 ], [ 77.219642726619313, 31.575445102469047 ], [ 77.226112385607223, 31.574832931470191 ], [ 77.23041534859918, 31.578695335462967 ], [ 77.238746657583604, 31.582082782456638 ], [ 77.244003314573774, 31.586889241447651 ], [ 77.244583166572681, 31.58741768544666 ], [ 77.247413630567394, 31.592832535436536 ], [ 77.245720001570561, 31.598472673425988 ], [ 77.250251843562083, 31.606944976410148 ], [ 77.242691087576219, 31.624250383377792 ], [ 77.245224065571492, 31.626888256372865 ], [ 77.256111221551137, 31.632249808362836 ], [ 77.242385852576788, 31.649471299330635 ], [ 77.240974400579432, 31.654916767320458 ], [ 77.243804864574145, 31.660554826309912 ], [ 77.240524202580275, 31.665445390300768 ], [ 77.230972331598139, 31.672332739287896 ], [ 77.229446345600991, 31.679611129274285 ], [ 77.234306291591906, 31.691083996252836 ], [ 77.233329728593731, 31.69397172724743 ], [ 77.231307995597504, 31.700111392235954 ], [ 77.231498696597143, 31.705165819226501 ], [ 77.241279635578863, 31.699193986237667 ], [ 77.245803917570399, 31.69963832523684 ], [ 77.254638722553878, 31.707111385222866 ], [ 77.255752499551804, 31.708055440221102 ] ] } },
{ "type": "Feature", "properties": { "MED_DESCRI": "Without Median", "RTT_DESCRI": "Secondary Route", "F_CODE_DES": "Road", "ISO": "IND", "ISOCOUNTRY": "INDIA" }, "geometry": { "type": "LineString", "coordinates": [ [ 76.062141334783547, 31.661472232308199 ], [ 76.107086101699508, 31.618139257389217 ], [ 76.127387914661554, 31.593471544435346 ], [ 76.147636429623688, 31.559917429498078 ], [ 76.191001912542603, 31.487943583632649 ] ] } },
{ "type": "Feature", "properties": { "MED_DESCRI": "Without Median", "RTT_DESCRI": "Secondary Route", "F_CODE_DES": "Road", "ISO": "IND", "ISOCOUNTRY": "INDIA" }, "geometry": { "type": "LineString", "coordinates": [ [ 76.908721851200653, 31.546083385523943 ], [ 76.912582365193444, 31.545110791525765 ], [ 76.920135561179322, 31.537639621539732 ], [ 76.926193200167987, 31.519250866574119 ], [ 76.933830312153717, 31.512916531585958 ], [ 76.950775107122027, 31.50616639659858 ], [ 76.959114165106442, 31.498443667613017 ], [ 76.967224155091273, 31.487054905634317 ], [ 76.976333577074243, 31.483165663641586 ], [ 76.994224506040794, 31.48255538264273 ], [ 76.999999968029996, 31.483554814640861 ], [ 77.015304621001377, 31.484722078638676 ], [ 77.016197267999701, 31.484388304639296 ], [ 77.070968711897294, 31.464750259676016 ], [ 77.082641540875471, 31.46211049668095 ], [ 77.086028987869142, 31.463417053678512 ], [ 77.09535972885169, 31.479944158647612 ], [ 77.099334776844259, 31.483472788641009 ], [ 77.102416988838499, 31.486249954635817 ], [ 77.110359146823654, 31.48777764163296 ], [ 77.122558529800841, 31.485389626637428 ], [ 77.135803271776069, 31.486944151634518 ], [ 77.14150237776542, 31.484777455638572 ], [ 77.15697486273649, 31.478805622649737 ], [ 77.167114334717525, 31.478834161649687 ], [ 77.183746334686433, 31.48238944064304 ], [ 77.206474340643936, 31.490833204627251 ], [ 77.210670518636093, 31.491027874626887 ] ] } },
{ "type": "Feature", "properties": { "MED_DESCRI": "Without Median", "RTT_DESCRI": "Secondary Route", "F_CODE_DES": "Road", "ISO": "IND", "ISOCOUNTRY": "INDIA" }, "geometry": { "type": "LineString", "coordinates": [ [ 76.37274941520279, 31.517805016576816 ], [ 76.366638100214217, 31.513721482584451 ], [ 76.360641508225427, 31.516250680579724 ], [ 76.353080752239563, 31.515443839581231 ], [ 76.347946189249157, 31.509695026591984 ], [ 76.347694441249629, 31.496194756617221 ], [ 76.33855440126672, 31.486499812635351 ], [ 76.325141827291802, 31.476528172653992 ], [ 76.318054138305058, 31.474306099658151 ], [ 76.306053205327487, 31.474582606657634 ], [ 76.292198182353403, 31.471056055664228 ], [ 76.271080078392885, 31.461860638681422 ] ] } },
{ "type": "Feature", "properties": { "MED_DESCRI": "Without Median", "RTT_DESCRI": "Secondary Route", "F_CODE_DES": "Road", "ISO": "IND", "ISOCOUNTRY": "INDIA" }, "geometry": { "type": "LineString", "coordinates": [ [ 75.406997595008491, 31.466972332671865 ], [ 75.402664203016585, 31.461389461682302 ], [ 75.386718840046399, 31.440666178721045 ], [ 75.37413786606993, 31.417972570763482 ], [ 75.373664799070809, 31.415027572768984 ], [ 75.372970602072115, 31.410749368776983 ], [ 75.372779901072462, 31.409526916779271 ], [ 75.371444616074967, 31.401111691795002 ], [ 75.376609797065299, 31.384027414826946 ], [ 75.381774978055645, 31.373638084846377 ] ] } },
{ "type": "Feature", "properties": { "MED_DESCRI": "Without Median", "RTT_DESCRI": "Secondary Route", "F_CODE_DES": "Road", "ISO": "IND", "ISOCOUNTRY": "INDIA" }, "geometry": { "type": "LineString", "coordinates": [ [ 76.271080078392885, 31.461860638681422 ], [ 76.264747633404724, 31.458471301687759 ] ] } },
{ "type": "Feature", "properties": { "MED_DESCRI": "Without Median", "RTT_DESCRI": "Secondary Route", "F_CODE_DES": "Road", "ISO": "IND", "ISOCOUNTRY": "INDIA" }, "geometry": { "type": "LineString", "coordinates": [ [ 76.191001912542603, 31.487943583632649 ], [ 76.211387641504487, 31.474916380657007 ], [ 76.231391968467094, 31.469278321667552 ], [ 76.244026240443461, 31.467250729671342 ], [ 76.248611380434895, 31.466499265672745 ], [ 76.256553727420041, 31.465221436675137 ], [ 76.263610798406845, 31.462165873680853 ], [ 76.264747633404724, 31.458471301687759 ] ] } },
{ "type": "Feature", "properties": { "MED_DESCRI": "Without Median", "RTT_DESCRI": "Secondary Route", "F_CODE_DES": "Road", "ISO": "IND", "ISOCOUNTRY": "INDIA" }, "geometry": { "type": "LineString", "coordinates": [ [ 74.928306522903512, 31.443695092715387 ], [ 74.8999710759565, 31.489778584629221 ], [ 74.8963851789632, 31.495582585618372 ], [ 74.895889242964131, 31.499082487611823 ], [ 74.890747119973739, 31.535028397544615 ], [ 74.889190704976656, 31.545944281524207 ], [ 74.886863736980999, 31.562305444493617 ], [ 74.885780388983022, 31.569944446479333 ], [ 74.881942743990209, 31.587110560447236 ], [ 74.881080714991811, 31.590944236440066 ], [ 74.879608215994566, 31.594499515433419 ], [ 74.877113415999233, 31.600639369421941 ], [ 74.876747133999913, 31.601499508420332 ] ] } },
{ "type": "Feature", "properties": { "MED_DESCRI": "Without Median", "RTT_DESCRI": "Secondary Route", "F_CODE_DES": "Road", "ISO": "IND", "ISOCOUNTRY": "INDIA" }, "geometry": { "type": "LineString", "coordinates": [ [ 74.928306522903512, 31.443695092715387 ], [ 74.933693022893451, 31.442666932717309 ], [ 74.933784498893274, 31.442649922717337 ], [ 74.954528760854487, 31.43880471772453 ], [ 74.959663323844893, 31.437860473726296 ], [ 75.000000081769471, 31.430334115740365 ], [ 75.001693710766304, 31.430026990740942 ], [ 75.023056002726364, 31.423583980752987 ], [ 75.043556265688025, 31.412805499773143 ], [ 75.044975277685381, 31.412055925774546 ], [ 75.062858646651932, 31.399694380797655 ], [ 75.063224739651261, 31.39944452279812 ], [ 75.079170291621438, 31.388444911818688 ], [ 75.083389338613557, 31.386833119821702 ], [ 75.113525388557207, 31.375360441843156 ], [ 75.132331833522045, 31.366472149859774 ], [ 75.144691488498935, 31.356416782878576 ] ] } },
{ "type": "Feature", "properties": { "MED_DESCRI": "Without Median", "RTT_DESCRI": "Secondary Route", "F_CODE_DES": "Road", "ISO": "IND", "ISOCOUNTRY": "INDIA" }, "geometry": { "type": "LineString", "coordinates": [ [ 75.737503028390535, 31.440555613721259 ], [ 75.822166523232227, 31.487054905634317 ], [ 75.862136810157494, 31.507305121596453 ], [ 75.884529152115633, 31.518667234575204 ], [ 75.889831547105715, 31.521972655569023 ], [ 75.912277187063751, 31.52680595255999 ] ] } },
{ "type": "Feature", "properties": { "MED_DESCRI": "Without Median", "RTT_DESCRI": "Primary Route", "F_CODE_DES": "Road", "ISO": "IND", "ISOCOUNTRY": "INDIA" }, "geometry": { "type": "LineString", "coordinates": [ [ 75.406997595008491, 31.466972332671865 ], [ 75.407417364007699, 31.46688841667202 ], [ 75.424468943975825, 31.463361676678616 ], [ 75.459419201910478, 31.451084047701571 ], [ 75.484306343863949, 31.44124981071996 ], [ 75.490585301852207, 31.435388542730919 ] ] } },
{ "type": "Feature", "properties": { "MED_DESCRI": "Without Median", "RTT_DESCRI": "Secondary Route", "F_CODE_DES": "Road", "ISO": "IND", "ISOCOUNTRY": "INDIA" }, "geometry": { "type": "LineString", "coordinates": [ [ 78.579719610076324, 31.440694717720994 ], [ 78.58702842906267, 31.43105515073902 ], [ 78.597747753042626, 31.430555434739951 ] ] } },
{ "type": "Feature", "properties": { "MED_DESCRI": "Without Median", "RTT_DESCRI": "Secondary Route", "F_CODE_DES": "Road", "ISO": "IND", "ISOCOUNTRY": "INDIA" }, "geometry": { "type": "LineString", "coordinates": [ [ 78.263969406666703, 31.41369436677148 ], [ 78.261749223670847, 31.422306151755379 ], [ 78.260696493672825, 31.426389685747743 ], [ 78.249557400693647, 31.439472265723282 ], [ 78.230972274728401, 31.451555224700691 ], [ 78.214469928759257, 31.459611916685624 ], [ 78.210220263767198, 31.464000685677419 ], [ 78.212280363763341, 31.470527611665219 ], [ 78.225051849739458, 31.471500394663394 ], [ 78.230163543729901, 31.475833975655291 ], [ 78.235916136719155, 31.487527783633432 ], [ 78.254554749684303, 31.494028060621275 ], [ 78.255386349682752, 31.494722446619974 ], [ 78.280891332635065, 31.515750964580661 ], [ 78.286003026625508, 31.524665905563992 ], [ 78.287864676622021, 31.544471782526962 ], [ 78.286056513625397, 31.557916675501822 ], [ 78.291191076615803, 31.566610297485568 ], [ 78.295028721608631, 31.579389532461668 ], [ 78.299392731600463, 31.583000188454918 ], [ 78.313697763573714, 31.585416742450406 ], [ 78.325164771552281, 31.58586127044957 ], [ 78.327026421548794, 31.584888487451387 ], [ 78.34036263952386, 31.577777929464688 ], [ 78.35663610649344, 31.578193729463905 ], [ 78.369331425469696, 31.576166137467702 ], [ 78.379219149451217, 31.571527510476372 ], [ 78.415863036382703, 31.572305623474918 ], [ 78.43177797035294, 31.569723127479747 ], [ 78.463668885293316, 31.560417145497148 ], [ 78.467857314285482, 31.55919450449943 ], [ 78.474723873272637, 31.557193750503174 ], [ 78.491775453240763, 31.54363829252852 ], [ 78.505607607214898, 31.519638127573394 ], [ 78.515167227197026, 31.511055070589443 ], [ 78.525863682177032, 31.506444982598062 ], [ 78.531524610166443, 31.500000082610107 ], [ 78.537864615154589, 31.48188972464397 ], [ 78.544723425141768, 31.473222751660174 ], [ 78.557830764117256, 31.465723042674199 ], [ 78.563056992107491, 31.462722856679811 ], [ 78.568695051096938, 31.459472623685883 ], [ 78.579719610076324, 31.440694717720994 ] ] } },
{ "type": "Feature", "properties": { "MED_DESCRI": "Without Median", "RTT_DESCRI": "Primary Route", "F_CODE_DES": "Road", "ISO": "IND", "ISOCOUNTRY": "INDIA" }, "geometry": { "type": "LineString", "coordinates": [ [ 75.490585301852207, 31.435388542730919 ], [ 75.509666363816521, 31.419221860761141 ], [ 75.51686102680307, 31.408666588780882 ], [ 75.539276048761167, 31.375722943842476 ], [ 75.553138820735242, 31.350639430889373 ], [ 75.553916933733788, 31.349250847891973 ], [ 75.556083629729741, 31.345306417899344 ] ] } },
{ "type": "Feature", "properties": { "MED_DESCRI": "Without Median", "RTT_DESCRI": "Secondary Route", "F_CODE_DES": "Road", "ISO": "IND", "ISOCOUNTRY": "INDIA" }, "geometry": { "type": "LineString", "coordinates": [ [ 76.271080078392885, 31.461860638681422 ], [ 76.273803757387782, 31.457861020688895 ], [ 76.287780685361653, 31.454721541694767 ], [ 76.303253170332724, 31.453832674696429 ], [ 76.307891797324046, 31.451139424701466 ], [ 76.324417201293159, 31.427028694746546 ], [ 76.33838656926703, 31.414277998770388 ], [ 76.342392046259548, 31.400583247795993 ] ] } },
{ "type": "Feature", "properties": { "MED_DESCRI": "Without Median", "RTT_DESCRI": "Secondary Route", "F_CODE_DES": "Road", "ISO": "IND", "ISOCOUNTRY": "INDIA" }, "geometry": { "type": "LineString", "coordinates": [ [ 76.569000210835853, 31.608222994407761 ], [ 76.590385371795861, 31.581611605457518 ], [ 76.604553189769376, 31.55919450449943 ], [ 76.615859925748239, 31.551361021514076 ], [ 76.630607595720662, 31.5252495375629 ], [ 76.650558435683351, 31.514722804582583 ], [ 76.655609082673919, 31.507778188595566 ], [ 76.704330447582819, 31.440666178721045 ], [ 76.714942986562974, 31.426082560748313 ], [ 76.729698216535382, 31.401111691795002 ], [ 76.729583682535605, 31.399415983798178 ], [ 76.729553253535656, 31.398582493799736 ] ] } },
{ "type": "Feature", "properties": { "MED_DESCRI": "Without Median", "RTT_DESCRI": "Secondary Route", "F_CODE_DES": "Road", "ISO": "IND", "ISOCOUNTRY": "INDIA" }, "geometry": { "type": "LineString", "coordinates": [ [ 76.908721851200653, 31.546083385523943 ], [ 76.903694073210062, 31.541666077532206 ], [ 76.894752483226782, 31.533777217546955 ], [ 76.889472957236649, 31.522333078568352 ], [ 76.879448019255392, 31.516387894579466 ], [ 76.876335189261212, 31.483972504640079 ], [ 76.870002744273052, 31.46844483166911 ], [ 76.858192512295133, 31.450889566701932 ], [ 76.856307993298657, 31.437694531726606 ], [ 76.853836062303273, 31.434944203731746 ], [ 76.85197441230676, 31.432832695735698 ], [ 76.819168170368101, 31.421054782757714 ], [ 76.816360386373347, 31.419305776760986 ], [ 76.811637843382172, 31.416360778766496 ], [ 76.797752391408139, 31.397527684801709 ] ] } },
{ "type": "Feature", "properties": { "MED_DESCRI": "Without Median", "RTT_DESCRI": "Secondary Route", "F_CODE_DES": "Road", "ISO": "IND", "ISOCOUNTRY": "INDIA" }, "geometry": { "type": "LineString", "coordinates": [ [ 76.74633021650429, 31.396028536804508 ], [ 76.739524893517014, 31.397054617802588 ], [ 76.729553253535656, 31.398582493799736 ] ] } },
{ "type": "Feature", "properties": { "MED_DESCRI": "Without Median", "RTT_DESCRI": "Secondary Route", "F_CODE_DES": "Road", "ISO": "IND", "ISOCOUNTRY": "INDIA" }, "geometry": { "type": "LineString", "coordinates": [ [ 76.74633021650429, 31.396028536804508 ], [ 76.748054463501063, 31.395750139805031 ], [ 76.751251209495081, 31.39530561180586 ], [ 76.752441342492858, 31.395055753806325 ], [ 76.754280123489423, 31.394666602807057 ], [ 76.75875091848107, 31.393722547808821 ], [ 76.76102439947681, 31.393249480809708 ], [ 76.763443032472296, 31.393083538810018 ] ] } },
{ "type": "Feature", "properties": { "MED_DESCRI": "Without Median", "RTT_DESCRI": "Secondary Route", "F_CODE_DES": "Road", "ISO": "IND", "ISOCOUNTRY": "INDIA" }, "geometry": { "type": "LineString", "coordinates": [ [ 76.797752391408139, 31.397527684801709 ], [ 76.778167644444764, 31.398416551800047 ], [ 76.770057654459919, 31.392610471810897 ], [ 76.766807610466003, 31.392833680810483 ], [ 76.765167279469068, 31.392805141810534 ], [ 76.763443032472296, 31.393083538810018 ] ] } },
{ "type": "Feature", "properties": { "MED_DESCRI": "Without Median", "RTT_DESCRI": "Secondary Route", "F_CODE_DES": "Road", "ISO": "IND", "ISOCOUNTRY": "INDIA" }, "geometry": { "type": "LineString", "coordinates": [ [ 76.342392046259548, 31.400583247795993 ], [ 76.346801794251306, 31.395195046806066 ], [ 76.350051838245221, 31.391250616813444 ], [ 76.352668732240332, 31.384332649826376 ], [ 76.358642644229164, 31.37802704283817 ], [ 76.363586506219917, 31.372804594847935 ], [ 76.372947676202415, 31.362806305866627 ], [ 76.394165005162748, 31.340139346909005 ], [ 76.408691356135577, 31.318639840949203 ], [ 76.423805308107319, 31.285194401011736 ], [ 76.431358315093206, 31.277305541026493 ], [ 76.443641614070231, 31.269805832040511 ], [ 76.461502114036847, 31.258916786060873 ], [ 76.492919961978103, 31.239749918096706 ], [ 76.538253690893342, 31.21711149813904 ], [ 76.546302822878289, 31.210861268150722 ], [ 76.558670037855165, 31.201305428168588 ], [ 76.561721820849456, 31.19661142417737 ], [ 76.571113608831894, 31.182167099204371 ] ] } },
{ "type": "Feature", "properties": { "MED_DESCRI": "Without Median", "RTT_DESCRI": "Secondary Route", "F_CODE_DES": "Road", "ISO": "IND", "ISOCOUNTRY": "INDIA" }, "geometry": { "type": "LineString", "coordinates": [ [ 76.342392046259548, 31.400583247795993 ], [ 76.341751147260752, 31.391222077813495 ], [ 76.34114067726189, 31.386694015821959 ], [ 76.339996282264025, 31.378360816837542 ], [ 76.338363700267081, 31.372583464848347 ], [ 76.317886306305368, 31.350610702889426 ] ] } },
{ "type": "Feature", "properties": { "MED_DESCRI": "Without Median", "RTT_DESCRI": "Secondary Route", "F_CODE_DES": "Road", "ISO": "IND", "ISOCOUNTRY": "INDIA" }, "geometry": { "type": "LineString", "coordinates": [ [ 78.360221814486735, 31.390499152814847 ], [ 78.328636134545789, 31.405750318786332 ], [ 78.320335443561305, 31.406555269784825 ], [ 78.311500638577826, 31.40302852979142 ], [ 78.308830257582827, 31.4019718307934 ], [ 78.297081072604783, 31.40150065379428 ], [ 78.277862607640728, 31.406221306785454 ], [ 78.26444247366581, 31.411861444774907 ], [ 78.263969406666703, 31.41369436677148 ] ] } },
{ "type": "Feature", "properties": { "MED_DESCRI": "Without Median", "RTT_DESCRI": "Secondary Route", "F_CODE_DES": "Road", "ISO": "IND", "ISOCOUNTRY": "INDIA" }, "geometry": { "type": "LineString", "coordinates": [ [ 75.82724759922273, 31.390443775814951 ], [ 75.832885658212192, 31.402055746793238 ], [ 75.849166874181748, 31.426332418747847 ], [ 75.872695862137761, 31.461444838682198 ], [ 75.889526312106284, 31.491277732626415 ], [ 75.894668624096667, 31.502138050606113 ], [ 75.895416308095278, 31.50372319360315 ], [ 75.900695834085397, 31.514888746582272 ], [ 75.904083281079068, 31.518388837575728 ] ] } },
{ "type": "Feature", "properties": { "MED_DESCRI": "Without Median", "RTT_DESCRI": "Secondary Route", "F_CODE_DES": "Road", "ISO": "IND", "ISOCOUNTRY": "INDIA" }, "geometry": { "type": "LineString", "coordinates": [ [ 75.82724759922273, 31.390443775814951 ], [ 75.813278231248844, 31.394805895806797 ], [ 75.805496156263402, 31.404277819789087 ], [ 75.803779658266606, 31.404861451787994 ], [ 75.788948072294346, 31.409973145778437 ], [ 75.777862466315071, 31.415889790767373 ], [ 75.759330827349714, 31.425777514748887 ], [ 75.741332924383372, 31.437972928726083 ], [ 75.737503028390535, 31.440555613721259 ] ] } },
{ "type": "Feature", "properties": { "MED_DESCRI": "Without Median", "RTT_DESCRI": "Secondary Route", "F_CODE_DES": "Road", "ISO": "IND", "ISOCOUNTRY": "INDIA" }, "geometry": { "type": "LineString", "coordinates": [ [ 78.357444837491926, 31.387193731821029 ], [ 78.360221814486735, 31.390499152814847 ] ] } },
{ "type": "Feature", "properties": { "MED_DESCRI": "Unknown", "RTT_DESCRI": "Unknown", "F_CODE_DES": "Road", "ISO": "IND", "ISOCOUNTRY": "INDIA" }, "geometry": { "type": "LineString", "coordinates": [ [ 75.384330825050867, 31.3761387438417 ], [ 75.389999313040278, 31.381666237831361 ], [ 75.399391101022715, 31.384500481826066 ], [ 75.402496371016909, 31.3854447258243 ], [ 75.407028213008431, 31.386083545823105 ], [ 75.448776233930374, 31.414583233769818 ], [ 75.476524268878492, 31.429611190741717 ], [ 75.483360209865708, 31.432416895736473 ], [ 75.490585301852207, 31.435388542730919 ] ] } },
{ "type": "Feature", "properties": { "MED_DESCRI": "Unknown", "RTT_DESCRI": "Unknown", "F_CODE_DES": "Road", "ISO": "IND", "ISOCOUNTRY": "INDIA" }, "geometry": { "type": "LineString", "coordinates": [ [ 75.381774978055645, 31.373638084846377 ], [ 75.384330825050867, 31.3761387438417 ] ] } },
{ "type": "Feature", "properties": { "MED_DESCRI": "Unknown", "RTT_DESCRI": "Unknown", "F_CODE_DES": "Road", "ISO": "IND", "ISOCOUNTRY": "INDIA" }, "geometry": { "type": "LineString", "coordinates": [ [ 75.3801956940586, 31.372110397849227 ], [ 75.381774978055645, 31.373638084846377 ] ] } },
{ "type": "Feature", "properties": { "MED_DESCRI": "Without Median", "RTT_DESCRI": "Secondary Route", "F_CODE_DES": "Road", "ISO": "IND", "ISOCOUNTRY": "INDIA" }, "geometry": { "type": "LineString", "coordinates": [ [ 75.643386887566507, 31.366249129860186 ], [ 75.646553015560585, 31.373971858845749 ], [ 75.651916457550556, 31.379777938834891 ], [ 75.661277816533058, 31.389917410815933 ], [ 75.710197442441583, 31.426305769747898 ], [ 75.720832850421701, 31.431861802737508 ], [ 75.737503028390535, 31.440555613721259 ] ] } },
{ "type": "Feature", "properties": { "MED_DESCRI": "Unknown", "RTT_DESCRI": "Unknown", "F_CODE_DES": "Road", "ISO": "IND", "ISOCOUNTRY": "INDIA" }, "geometry": { "type": "LineString", "coordinates": [ [ 75.3801956940586, 31.372110397849227 ], [ 75.379470879059951, 31.361499748869072 ], [ 75.379364094060151, 31.359888145872084 ], [ 75.37919607306047, 31.357528669876494 ], [ 75.381805407055595, 31.35211174088662 ], [ 75.393501294033726, 31.327917094931863 ], [ 75.40477760101264, 31.318111396950194 ], [ 75.421165412981992, 31.309472962966346 ], [ 75.430305452964916, 31.299972499984108 ], [ 75.433776815958424, 31.288999538004624 ], [ 75.443031389941112, 31.25980565305921 ] ] } },
{ "type": "Feature", "properties": { "MED_DESCRI": "Without Median", "RTT_DESCRI": "Secondary Route", "F_CODE_DES": "Road", "ISO": "IND", "ISOCOUNTRY": "INDIA" }, "geometry": { "type": "LineString", "coordinates": [ [ 75.022804254726836, 31.567388599484111 ], [ 75.03602593870211, 31.550056543516519 ], [ 75.042503346689998, 31.543916689527997 ], [ 75.043167114688757, 31.543277680529194 ], [ 75.060142527657021, 31.527250291559156 ], [ 75.066307140645492, 31.516056010580087 ], [ 75.074722365629754, 31.507055263596918 ], [ 75.095863338590235, 31.496250133617124 ], [ 75.113029452558138, 31.474138267658468 ], [ 75.115165719554142, 31.472110675662258 ], [ 75.115280064553929, 31.472026759662413 ], [ 75.139419522508788, 31.449388528704738 ], [ 75.141418386505052, 31.447750087707803 ], [ 75.165946995459194, 31.427860294744995 ], [ 75.17044065945079, 31.421304640757249 ], [ 75.170364303450938, 31.413972763770957 ], [ 75.158920353472325, 31.4033604137908 ], [ 75.148780881491291, 31.369916863853334 ], [ 75.144691488498935, 31.356416782878576 ] ] } },
{ "type": "Feature", "properties": { "MED_DESCRI": "Without Median", "RTT_DESCRI": "Secondary Route", "F_CODE_DES": "Road", "ISO": "IND", "ISOCOUNTRY": "INDIA" }, "geometry": { "type": "LineString", "coordinates": [ [ 78.432998721350657, 31.351943908886938 ], [ 78.420333831374336, 31.355527915880238 ], [ 78.372612087463565, 31.378833694836658 ], [ 78.360221814486735, 31.390499152814847 ] ] } },
{ "type": "Feature", "properties": { "MED_DESCRI": "Without Median", "RTT_DESCRI": "Secondary Route", "F_CODE_DES": "Road", "ISO": "IND", "ISOCOUNTRY": "INDIA" }, "geometry": { "type": "LineString", "coordinates": [ [ 78.263969406666703, 31.41369436677148 ], [ 78.248443623695735, 31.40180588879371 ], [ 78.225196812739199, 31.392389341811317 ], [ 78.219642669749575, 31.386417319822478 ], [ 78.207916353771509, 31.362083380867979 ], [ 78.20252985378157, 31.358194327875246 ], [ 78.18428039181569, 31.354917445881377 ], [ 78.164443896852788, 31.356166924879041 ], [ 78.155639709869249, 31.351194334888341 ] ] } },
{ "type": "Feature", "properties": { "MED_DESCRI": "Without Median", "RTT_DESCRI": "Secondary Route", "F_CODE_DES": "Road", "ISO": "IND", "ISOCOUNTRY": "INDIA" }, "geometry": { "type": "LineString", "coordinates": [ [ 77.79616549054137, 31.520276947572199 ], [ 77.795692423542249, 31.52783392355807 ], [ 77.798469589537063, 31.530695005552715 ], [ 77.81391901650818, 31.531833730550588 ], [ 77.824943575487566, 31.540111552535109 ], [ 77.833747951471096, 31.558166533501357 ], [ 77.83789064246335, 31.556499553504473 ], [ 77.840614321458261, 31.551111163514548 ], [ 77.842475971454775, 31.555778518505818 ], [ 77.849555911441541, 31.562749783492784 ], [ 77.854331941432619, 31.563417520491534 ], [ 77.864440984413719, 31.559722948498447 ], [ 77.879890411384821, 31.547555884521195 ], [ 77.883361774378329, 31.54747196852135 ], [ 77.887863187369916, 31.55294427451112 ], [ 77.89260859936104, 31.551971491512937 ], [ 77.900863741345617, 31.550306401516053 ], [ 77.905387834337148, 31.541778532531993 ], [ 77.909835760328832, 31.538972827537243 ], [ 77.913749761321512, 31.540527352534333 ], [ 77.918891884311904, 31.548778525518905 ], [ 77.926445080297782, 31.552083946512724 ], [ 77.938392715275441, 31.553749036509615 ], [ 77.959388725236181, 31.551666256513506 ], [ 77.97914130419926, 31.552499746511948 ], [ 78.003524761153656, 31.544221924527427 ], [ 78.009162820143118, 31.542305086531009 ], [ 78.011276218139173, 31.540527352534333 ], [ 78.016609231129195, 31.5360546675427 ], [ 78.018554608125555, 31.534416226545758 ], [ 78.019302292124166, 31.533805756546904 ], [ 78.028083799107748, 31.529806138554378 ], [ 78.037834120089514, 31.527944488557864 ], [ 78.045974728074299, 31.52163888156965 ], [ 78.048446659069668, 31.51577761358061 ], [ 78.048080377070349, 31.504527955601645 ], [ 78.0480575080704, 31.503833758602944 ], [ 78.057083203053523, 31.504888567600972 ], [ 78.068389939032386, 31.512945259585905 ], [ 78.076919509016435, 31.513305682585234 ], [ 78.124221861927992, 31.504943755600863 ], [ 78.132080103913296, 31.507583707595927 ], [ 78.136886562904309, 31.507944130595256 ], [ 78.139030389900299, 31.508083423594996 ], [ 78.153945891872411, 31.504583332601541 ], [ 78.167526297847019, 31.495750417618055 ], [ 78.17661285083004, 31.476861946653372 ], [ 78.177276618828799, 31.469778037666615 ], [ 78.175468455832174, 31.464195166677058 ], [ 78.159248286862507, 31.448389096706606 ], [ 78.155387961869721, 31.436056090729664 ], [ 78.156364524867897, 31.409500078779324 ], [ 78.155418390869656, 31.407054985783894 ], [ 78.149307264881088, 31.391416558813134 ], [ 78.147804336883894, 31.387582693820299 ], [ 78.147247353884936, 31.38616746182295 ], [ 78.14778127888394, 31.384056142826893 ], [ 78.150360183879116, 31.373695351846266 ], [ 78.150306696879213, 31.373138368847307 ], [ 78.14891811388182, 31.361473099869116 ], [ 78.155639709869249, 31.351194334888341 ] ] } },
{ "type": "Feature", "properties": { "MED_DESCRI": "Without Median", "RTT_DESCRI": "Secondary Route", "F_CODE_DES": "Road", "ISO": "IND", "ISOCOUNTRY": "INDIA" }, "geometry": { "type": "LineString", "coordinates": [ [ 76.264747633404724, 31.458471301687759 ], [ 76.291885387353986, 31.400472682796199 ], [ 76.313140894314245, 31.366083187860497 ], [ 76.317642118305827, 31.351444192887868 ], [ 76.317886306305368, 31.350610702889426 ] ] } },
{ "type": "Feature", "properties": { "MED_DESCRI": "Without Median", "RTT_DESCRI": "Secondary Route", "F_CODE_DES": "Road", "ISO": "IND", "ISOCOUNTRY": "INDIA" }, "geometry": { "type": "LineString", "coordinates": [ [ 75.60747518663365, 31.348361980893635 ], [ 75.617584229614749, 31.353389758884234 ], [ 75.627441335596316, 31.35830489287504 ], [ 75.643386887566507, 31.366249129860186 ] ] } },
{ "type": "Feature", "properties": { "MED_DESCRI": "Without Median", "RTT_DESCRI": "Secondary Route", "F_CODE_DES": "Road", "ISO": "IND", "ISOCOUNTRY": "INDIA" }, "geometry": { "type": "LineString", "coordinates": [ [ 78.485641458252232, 31.347610516895038 ], [ 78.506416338213384, 31.373027803847513 ], [ 78.509223933208133, 31.376443789841126 ], [ 78.530197074168925, 31.379083552836192 ], [ 78.536888052156414, 31.383693640827573 ], [ 78.53783418615464, 31.385389348824404 ], [ 78.551307618129457, 31.409500078779324 ], [ 78.569473353095489, 31.434499675732575 ], [ 78.571197600092262, 31.435556374730602 ], [ 78.576332163082668, 31.43863877572484 ], [ 78.579719610076324, 31.440694717720994 ] ] } },
{ "type": "Feature", "properties": { "MED_DESCRI": "Without Median", "RTT_DESCRI": "Secondary Route", "F_CODE_DES": "Road", "ISO": "IND", "ISOCOUNTRY": "INDIA" }, "geometry": { "type": "LineString", "coordinates": [ [ 78.432998721350657, 31.351943908886938 ], [ 78.439636212338243, 31.353971500883148 ], [ 78.485641458252232, 31.347610516895038 ] ] } },
{ "type": "Feature", "properties": { "MED_DESCRI": "Without Median", "RTT_DESCRI": "Secondary Route", "F_CODE_DES": "Road", "ISO": "IND", "ISOCOUNTRY": "INDIA" }, "geometry": { "type": "LineString", "coordinates": [ [ 74.691497839346283, 31.343000428903657 ], [ 74.761276261215812, 31.453805836696482 ], [ 74.822807290100769, 31.551250456514282 ], [ 74.830947898085554, 31.564138366490191 ], [ 74.832000817083582, 31.566055204486602 ], [ 74.836585957075016, 31.574499157470818 ], [ 74.839668358069247, 31.580139106460273 ], [ 74.840774575067172, 31.58322150745451 ], [ 74.846969617055592, 31.6005000764222 ], [ 74.848335331053036, 31.608804736406675 ], [ 74.849357632051124, 31.614999778395088 ], [ 74.849830699050244, 31.617944776389585 ], [ 74.849891746050133, 31.618278550388958 ], [ 74.859832768031538, 31.623806044378625 ], [ 74.865470827020999, 31.626943633372761 ], [ 74.865913465020171, 31.627195381372289 ] ] } },
{ "type": "Feature", "properties": { "MED_DESCRI": "Without Median", "RTT_DESCRI": "Secondary Route", "F_CODE_DES": "Road", "ISO": "IND", "ISOCOUNTRY": "INDIA" }, "geometry": { "type": "LineString", "coordinates": [ [ 74.604031096509829, 31.406330737785247 ], [ 74.608970611500595, 31.402749943791939 ], [ 74.629386958462419, 31.387971844819575 ], [ 74.674194322378639, 31.355527915880238 ], [ 74.691497839346283, 31.343000428903657 ] ] } },
{ "type": "Feature", "properties": { "MED_DESCRI": "Unknown", "RTT_DESCRI": "Unknown", "F_CODE_DES": "Road", "ISO": "IND", "ISOCOUNTRY": "INDIA" }, "geometry": { "type": "LineString", "coordinates": [ [ 75.591613739663302, 31.340473120908385 ], [ 75.596252366654639, 31.342777219904072 ], [ 75.606780989634942, 31.348638487893119 ] ] } },
{ "type": "Feature", "properties": { "MED_DESCRI": "Unknown", "RTT_DESCRI": "Unknown", "F_CODE_DES": "Road", "ISO": "IND", "ISOCOUNTRY": "INDIA" }, "geometry": { "type": "LineString", "coordinates": [ [ 75.591613739663302, 31.340473120908385 ], [ 75.590858495664719, 31.344917266900076 ], [ 75.592666658661344, 31.349166931892128 ], [ 75.596641517653907, 31.358554750874575 ] ] } },
{ "type": "Feature", "properties": { "MED_DESCRI": "Without Median", "RTT_DESCRI": "Secondary Route", "F_CODE_DES": "Road", "ISO": "IND", "ISOCOUNTRY": "INDIA" }, "geometry": { "type": "LineString", "coordinates": [ [ 76.729553253535656, 31.398582493799736 ], [ 76.729553253535656, 31.394695330807004 ], [ 76.720191894553153, 31.3639450308645 ], [ 76.72211459154957, 31.356277489878835 ], [ 76.729164102536387, 31.349083015892283 ], [ 76.745697066505471, 31.33983430090958 ] ] } },
{ "type": "Feature", "properties": { "MED_DESCRI": "Unknown", "RTT_DESCRI": "Unknown", "F_CODE_DES": "Road", "ISO": "IND", "ISOCOUNTRY": "INDIA" }, "geometry": { "type": "LineString", "coordinates": [ [ 75.564857576713337, 31.329000442929832 ], [ 75.563026355716758, 31.332750391922822 ], [ 75.556083629729741, 31.345306417899344 ] ] } },
{ "type": "Feature", "properties": { "MED_DESCRI": "Unknown", "RTT_DESCRI": "Unknown", "F_CODE_DES": "Road", "ISO": "IND", "ISOCOUNTRY": "INDIA" }, "geometry": { "type": "LineString", "coordinates": [ [ 75.564857576713337, 31.329000442929832 ], [ 75.560386592721699, 31.329971335928022 ], [ 75.557418914727236, 31.330610344926825 ], [ 75.55319211873514, 31.331499022925165 ], [ 75.5473327407461, 31.332750391922822 ], [ 75.538948133761778, 31.334499397919551 ], [ 75.518913188799232, 31.338722224911656 ], [ 75.502082738830708, 31.34225085490506 ], [ 75.471862772887206, 31.346805565896545 ], [ 75.42935950796668, 31.361000032870002 ], [ 75.421584992981209, 31.363582528865173 ], [ 75.420913664982464, 31.363805737864759 ], [ 75.416748104990262, 31.365194320862159 ], [ 75.399139353023187, 31.371084127851148 ], [ 75.384330825050867, 31.3761387438417 ] ] } },
{ "type": "Feature", "properties": { "MED_DESCRI": "Unknown", "RTT_DESCRI": "Unknown", "F_CODE_DES": "Road", "ISO": "IND", "ISOCOUNTRY": "INDIA" }, "geometry": { "type": "LineString", "coordinates": [ [ 75.573501680697177, 31.322500165941989 ], [ 75.564857576713337, 31.329000442929832 ] ] } },
{ "type": "Feature", "properties": { "MED_DESCRI": "Unknown", "RTT_DESCRI": "Unknown", "F_CODE_DES": "Road", "ISO": "IND", "ISOCOUNTRY": "INDIA" }, "geometry": { "type": "LineString", "coordinates": [ [ 75.576805022690991, 31.320083611946508 ], [ 75.579635675685708, 31.323999313939183 ], [ 75.580917284683309, 31.325750398935909 ], [ 75.591613739663302, 31.340473120908385 ] ] } },
{ "type": "Feature", "properties": { "MED_DESCRI": "Unknown", "RTT_DESCRI": "Unknown", "F_CODE_DES": "Road", "ISO": "IND", "ISOCOUNTRY": "INDIA" }, "geometry": { "type": "LineString", "coordinates": [ [ 75.576805022690991, 31.320083611946508 ], [ 75.573501680697177, 31.322500165941989 ] ] } },
{ "type": "Feature", "properties": { "MED_DESCRI": "Unknown", "RTT_DESCRI": "Unknown", "F_CODE_DES": "Road", "ISO": "IND", "ISOCOUNTRY": "INDIA" }, "geometry": { "type": "LineString", "coordinates": [ [ 75.5867462336724, 31.311582580962401 ], [ 75.582107606681078, 31.315555549954972 ], [ 75.576805022690991, 31.320083611946508 ] ] } },
{ "type": "Feature", "properties": { "MED_DESCRI": "Without Median", "RTT_DESCRI": "Secondary Route", "F_CODE_DES": "Road", "ISO": "IND", "ISOCOUNTRY": "INDIA" }, "geometry": { "type": "LineString", "coordinates": [ [ 76.797752391408139, 31.397527684801709 ], [ 76.796974089409602, 31.390417126815002 ], [ 76.796859744409815, 31.389305050817079 ], [ 76.803222618397911, 31.384416565826221 ], [ 76.813636707378436, 31.380056335834375 ], [ 76.815719676374542, 31.374889453844034 ], [ 76.813613838378487, 31.370861107851567 ], [ 76.812774678380052, 31.370639788851982 ], [ 76.808441097388155, 31.369499173854109 ], [ 76.793502726416094, 31.36997224085323 ], [ 76.775001516450686, 31.355693857879928 ], [ 76.768302978463211, 31.347278632895659 ], [ 76.763275200472606, 31.330778176926508 ], [ 76.763916099471402, 31.319278660948008 ], [ 76.758529599481477, 31.30713843497071 ], [ 76.758331338481852, 31.306694095971544 ] ] } },
{ "type": "Feature", "properties": { "MED_DESCRI": "Unknown", "RTT_DESCRI": "Unknown", "F_CODE_DES": "Road", "ISO": "IND", "ISOCOUNTRY": "INDIA" }, "geometry": { "type": "LineString", "coordinates": [ [ 75.625335686600252, 31.299999148984057 ], [ 75.626525819598029, 31.304832445975023 ], [ 75.629638649592209, 31.316165830953828 ], [ 75.636581375579226, 31.341444013906568 ], [ 75.643386887566507, 31.366249129860186 ] ] } },
{ "type": "Feature", "properties": { "MED_DESCRI": "Unknown", "RTT_DESCRI": "Unknown", "F_CODE_DES": "Road", "ISO": "IND", "ISOCOUNTRY": "INDIA" }, "geometry": { "type": "LineString", "coordinates": [ [ 75.625335686600252, 31.299999148984057 ], [ 75.616775498616263, 31.304250703976109 ], [ 75.612304703624616, 31.306499425971907 ], [ 75.597526604652245, 31.313028241959699 ], [ 75.591163541664145, 31.3144168249571 ], [ 75.5867462336724, 31.311582580962401 ] ] } },
{ "type": "Feature", "properties": { "MED_DESCRI": "Without Median", "RTT_DESCRI": "Secondary Route", "F_CODE_DES": "Road", "ISO": "IND", "ISOCOUNTRY": "INDIA" }, "geometry": { "type": "LineString", "coordinates": [ [ 76.758331338481852, 31.306694095971544 ], [ 76.737945609519969, 31.283777279014387 ], [ 76.737052962521631, 31.282861763016101 ], [ 76.736419623522821, 31.282083461017557 ], [ 76.734802161525849, 31.280250539020983 ], [ 76.731224013532525, 31.278028466025141 ], [ 76.726608255541166, 31.275194222030436 ], [ 76.726364067541624, 31.275054929030695 ], [ 76.724807652544527, 31.274055497032563 ], [ 76.723693875546616, 31.271778047036825 ], [ 76.72174830955025, 31.267778429044306 ], [ 76.721641524550449, 31.239805295096609 ], [ 76.718528694556269, 31.223443943127194 ], [ 76.715698230561557, 31.208665844154829 ], [ 76.708694457574651, 31.194528644181261 ], [ 76.699775736591334, 31.196777366177059 ], [ 76.697585982595427, 31.195943876178617 ], [ 76.692718476604526, 31.177610309212895 ], [ 76.68202977062451, 31.165250843236002 ], [ 76.678390575631312, 31.161054665243846 ], [ 76.676330475635169, 31.155471794254289 ], [ 76.673248263640929, 31.147054679270028 ], [ 76.672225962642841, 31.126750976307989 ] ] } },
{ "type": "Feature", "properties": { "MED_DESCRI": "Unknown", "RTT_DESCRI": "Unknown", "F_CODE_DES": "Road", "ISO": "IND", "ISOCOUNTRY": "INDIA" }, "geometry": { "type": "LineString", "coordinates": [ [ 75.5867462336724, 31.311582580962401 ], [ 75.595611656655834, 31.301860798980577 ], [ 75.597137453652977, 31.298111038987592 ], [ 75.602775512642438, 31.281665771018339 ] ] } },
{ "type": "Feature", "properties": { "MED_DESCRI": "Without Median", "RTT_DESCRI": "Secondary Route", "F_CODE_DES": "Road", "ISO": "IND", "ISOCOUNTRY": "INDIA" }, "geometry": { "type": "LineString", "coordinates": [ [ 75.969024625957644, 31.276971767027113 ], [ 76.013946523873656, 31.341638494906206 ], [ 76.030502356842703, 31.35586168987961 ], [ 76.032974287838073, 31.357360837876804 ], [ 76.039527862825821, 31.361389183869278 ] ] } },
{ "type": "Feature", "properties": { "MED_DESCRI": "Without Median", "RTT_DESCRI": "Secondary Route", "F_CODE_DES": "Road", "ISO": "IND", "ISOCOUNTRY": "INDIA" }, "geometry": { "type": "LineString", "coordinates": [ [ 75.969024625957644, 31.276971767027113 ], [ 75.966331564962687, 31.28100011301958 ], [ 75.960975682972702, 31.290832460001198 ], [ 75.955780072982407, 31.322666107941679 ], [ 75.945945647000798, 31.348054855894205 ], [ 75.944221589004016, 31.352472352885947 ], [ 75.942413237007401, 31.357139518877219 ], [ 75.936943010017629, 31.364694604863097 ], [ 75.927360521035553, 31.365304885861953 ], [ 75.897308387091741, 31.357334188876855 ], [ 75.889030376107215, 31.357444753876649 ], [ 75.881385893121504, 31.360305835871301 ], [ 75.880111655123883, 31.360776823870424 ], [ 75.861083891159467, 31.364749981862992 ], [ 75.851974469176497, 31.369222666854625 ], [ 75.841278014196504, 31.379028364836294 ], [ 75.835082972208085, 31.388000572819521 ], [ 75.82724759922273, 31.390443775814951 ] ] } },
{ "type": "Feature", "properties": { "MED_DESCRI": "Without Median", "RTT_DESCRI": "Secondary Route", "F_CODE_DES": "Road", "ISO": "IND", "ISOCOUNTRY": "INDIA" }, "geometry": { "type": "LineString", "coordinates": [ [ 75.443031389941112, 31.25980565305921 ], [ 75.481750496868727, 31.271749508036876 ], [ 75.487999025857036, 31.275333326030179 ], [ 75.527114843783906, 31.297695238988368 ], [ 75.559524563723301, 31.316223097953724 ], [ 75.564414938714165, 31.318416631949624 ], [ 75.573501680697177, 31.322500165941989 ] ] } },
{ "type": "Feature", "properties": { "MED_DESCRI": "Without Median", "RTT_DESCRI": "Secondary Route", "F_CODE_DES": "Road", "ISO": "IND", "ISOCOUNTRY": "INDIA" }, "geometry": { "type": "LineString", "coordinates": [ [ 74.808692959127157, 31.258472447061706 ], [ 74.842193587064529, 31.276945118027164 ] ] } },
{ "type": "Feature", "properties": { "MED_DESCRI": "Without Median", "RTT_DESCRI": "Secondary Route", "F_CODE_DES": "Road", "ISO": "IND", "ISOCOUNTRY": "INDIA" }, "geometry": { "type": "LineString", "coordinates": [ [ 74.691497839346283, 31.343000428903657 ], [ 74.758224478221521, 31.294889533993612 ], [ 74.800613398142275, 31.264305176050797 ], [ 74.803833013136256, 31.26199918705511 ], [ 74.808692959127157, 31.258472447061706 ] ] } },
{ "type": "Feature", "properties": { "MED_DESCRI": "Without Median", "RTT_DESCRI": "Secondary Route", "F_CODE_DES": "Road", "ISO": "IND", "ISOCOUNTRY": "INDIA" }, "geometry": { "type": "LineString", "coordinates": [ [ 77.501861495091646, 31.256389667065598 ], [ 77.499191303096637, 31.260026972058796 ], [ 77.497581401099637, 31.276916579027215 ], [ 77.486030666121238, 31.29955480998489 ], [ 77.486030666121238, 31.303916929976737 ], [ 77.493553244107176, 31.311388099962763 ], [ 77.491249145111482, 31.322750023941524 ], [ 77.492500325109148, 31.323972664939234 ], [ 77.505722009084423, 31.321832617943237 ], [ 77.520248360057266, 31.32433327693856 ], [ 77.524635239049061, 31.326833746933886 ], [ 77.520752045056327, 31.329389593929108 ], [ 77.514419600068166, 31.328193601931339 ], [ 77.507530172081047, 31.331527750925112 ], [ 77.513336252070189, 31.336805386915238 ], [ 77.523971471050302, 31.346445142897217 ], [ 77.540641838019127, 31.361528476869012 ], [ 77.549720831002162, 31.378694590836922 ], [ 77.555557339991239, 31.379638645835151 ], [ 77.560112050982724, 31.383750907827462 ], [ 77.574775615955318, 31.384195246826636 ], [ 77.581863493942052, 31.390472503814898 ], [ 77.590110697926633, 31.391082784813754 ], [ 77.620391899870015, 31.385333971824508 ], [ 77.628944338854026, 31.385555290824094 ], [ 77.632141084848058, 31.385639206823932 ], [ 77.638168294836788, 31.391889625812247 ], [ 77.637832630837408, 31.397249287802225 ], [ 77.637725845837608, 31.399194664798593 ], [ 77.629333489853309, 31.418083135763275 ], [ 77.62866972185455, 31.42472270575086 ], [ 77.632415701847535, 31.437723070726548 ], [ 77.638664230835857, 31.44466598571357 ], [ 77.656059223803339, 31.449112021705254 ], [ 77.661720340792741, 31.452583384698769 ], [ 77.675025940767867, 31.453638004696792 ], [ 77.683471594752078, 31.463888230677632 ], [ 77.691886819736339, 31.466110303673474 ], [ 77.695579501729441, 31.470861385664591 ], [ 77.696861299727047, 31.472528365661475 ], [ 77.702446060716596, 31.468639312668749 ], [ 77.706611620708813, 31.475000296656852 ], [ 77.715919492691413, 31.475889163655189 ], [ 77.718887359685866, 31.479917509647656 ], [ 77.724998485674433, 31.475833975655291 ], [ 77.731086742663052, 31.477249207652648 ], [ 77.750747656626288, 31.496694472616291 ], [ 77.755470199617463, 31.485221794637738 ], [ 77.761085578606966, 31.485221794637738 ], [ 77.767280620595372, 31.480222744647087 ], [ 77.771080087588274, 31.48361208164075 ], [ 77.778030373575277, 31.483694107640595 ], [ 77.780052106571503, 31.485389626637428 ], [ 77.773246783584227, 31.496084191617435 ], [ 77.773940980582921, 31.502777059604917 ], [ 77.777557306576156, 31.504778002601178 ], [ 77.780670136570336, 31.506500170597953 ], [ 77.78997044855295, 31.507610356595883 ], [ 77.794357327544745, 31.510110826591202 ], [ 77.79616549054137, 31.520276947572199 ] ] } },
{ "type": "Feature", "properties": { "MED_DESCRI": "Without Median", "RTT_DESCRI": "Secondary Route", "F_CODE_DES": "Road", "ISO": "IND", "ISOCOUNTRY": "INDIA" }, "geometry": { "type": "LineString", "coordinates": [ [ 77.255752499551804, 31.708055440221102 ], [ 77.257141082549211, 31.706249167224478 ], [ 77.264808623534876, 31.696193611243281 ], [ 77.275642481514609, 31.690055836254757 ], [ 77.288391098490777, 31.67138868428966 ], [ 77.295639059477224, 31.665637981300407 ], [ 77.303359898462787, 31.659500206311883 ], [ 77.332801751407743, 31.603361158416853 ], [ 77.333305436406803, 31.602416914418619 ], [ 77.346580418381976, 31.587667543446194 ], [ 77.355140606365978, 31.587833485445884 ], [ 77.358001688360616, 31.585222261450767 ], [ 77.360221871356472, 31.579584202461305 ], [ 77.361862202353407, 31.562444737493351 ], [ 77.368919462340202, 31.552694227511587 ], [ 77.372833274332891, 31.562276905493668 ], [ 77.382385334315032, 31.542777964530124 ], [ 77.372779787332988, 31.533832594546851 ], [ 77.386917176306554, 31.526472178560617 ], [ 77.389968959300845, 31.528249723557288 ], [ 77.393363966294501, 31.530221938553602 ], [ 77.399108810283764, 31.528194346557392 ], [ 77.404113719274406, 31.521305107570278 ], [ 77.401000889280226, 31.515417190581282 ], [ 77.402664278277115, 31.510000261591415 ], [ 77.433723404219037, 31.463499079678357 ], [ 77.435691839215366, 31.453721920696637 ], [ 77.431915241222427, 31.445528014711961 ], [ 77.418914876246731, 31.43161194473798 ], [ 77.41261286025852, 31.427415766745824 ], [ 77.391471887298039, 31.413333943772152 ], [ 77.385528593309161, 31.397472307801813 ], [ 77.390388539300062, 31.388277079819005 ], [ 77.391944954297159, 31.380777370833023 ], [ 77.388809255303016, 31.362722389866782 ], [ 77.398864811284213, 31.364360830863717 ], [ 77.404693571273327, 31.360721635870526 ], [ 77.415527429253061, 31.350221551890158 ], [ 77.423057567238985, 31.349637919891251 ], [ 77.425918649233637, 31.346332498897425 ], [ 77.426086481233327, 31.342832596903975 ], [ 77.426414396232701, 31.335500719917682 ], [ 77.426551799232456, 31.33191690192438 ], [ 77.43083189322445, 31.332111382924019 ], [ 77.441223113205027, 31.324111957938975 ], [ 77.440612832206156, 31.316972671952321 ], [ 77.446083059195928, 31.306444237972009 ], [ 77.444694476198535, 31.29444500599444 ], [ 77.447746259192826, 31.284027137013922 ], [ 77.4531631881827, 31.278778040023738 ], [ 77.456252960176911, 31.27202790503636 ], [ 77.457054131175425, 31.255306319067621 ] ] } },
{ "type": "Feature", "properties": { "MED_DESCRI": "Without Median", "RTT_DESCRI": "Secondary Route", "F_CODE_DES": "Road", "ISO": "IND", "ISOCOUNTRY": "INDIA" }, "geometry": { "type": "LineString", "coordinates": [ [ 74.816467285112623, 31.253088026071772 ], [ 74.808692959127157, 31.258472447061706 ] ] } },
{ "type": "Feature", "properties": { "MED_DESCRI": "Without Median", "RTT_DESCRI": "Secondary Route", "F_CODE_DES": "Road", "ISO": "IND", "ISOCOUNTRY": "INDIA" }, "geometry": { "type": "LineString", "coordinates": [ [ 77.501861495091646, 31.256389667065598 ], [ 77.494583105105249, 31.252695095072504 ], [ 77.460388091169193, 31.253166272071624 ], [ 77.457054131175425, 31.255306319067621 ] ] } },
{ "type": "Feature", "properties": { "MED_DESCRI": "Without Median", "RTT_DESCRI": "Secondary Route", "F_CODE_DES": "Road", "ISO": "IND", "ISOCOUNTRY": "INDIA" }, "geometry": { "type": "LineString", "coordinates": [ [ 77.879554747385455, 31.237054778101751 ], [ 77.878524697387377, 31.245361328086219 ], [ 77.881637527381557, 31.278304973024625 ], [ 77.888778703368203, 31.288723031005141 ], [ 77.890251202365448, 31.313554795958716 ], [ 77.894554165357405, 31.326583888934351 ], [ 77.894668510357192, 31.326749830934041 ], [ 77.914886407319386, 31.355917066879506 ], [ 77.917198255315071, 31.359222487873325 ], [ 77.914497445320123, 31.3639450308645 ], [ 77.911224343326239, 31.365612010861383 ], [ 77.89294426336042, 31.363000786866259 ], [ 77.883941626377251, 31.36605634986055 ], [ 77.872642450398374, 31.380695344833178 ], [ 77.869361788404518, 31.38216595383043 ], [ 77.85905448442378, 31.380111712834271 ], [ 77.854698223431924, 31.381750153831206 ], [ 77.844970771450122, 31.396083913804404 ], [ 77.840331955458794, 31.402915885791629 ], [ 77.823112543490993, 31.414083517770749 ], [ 77.817970231500595, 31.425750676748933 ], [ 77.820503209495868, 31.430944396739228 ], [ 77.827835086482153, 31.437694531726606 ], [ 77.824333105488705, 31.451778433700269 ], [ 77.834556493469591, 31.46413808867716 ], [ 77.834358232469967, 31.489833772629119 ], [ 77.828781220480394, 31.498083055613691 ], [ 77.821777258493483, 31.498916545612133 ], [ 77.817916933500697, 31.505388283600034 ], [ 77.816558779503239, 31.514528323582944 ], [ 77.812057555511657, 31.518444025575626 ], [ 77.79616549054137, 31.520276947572199 ] ] } },
{ "type": "Feature", "properties": { "MED_DESCRI": "Without Median", "RTT_DESCRI": "Secondary Route", "F_CODE_DES": "Road", "ISO": "IND", "ISOCOUNTRY": "INDIA" }, "geometry": { "type": "LineString", "coordinates": [ [ 76.391418457167873, 31.233333557108708 ], [ 76.389472891171522, 31.250444483076713 ], [ 76.389030442172341, 31.251304622075104 ], [ 76.382530165184505, 31.263833999051677 ], [ 76.336051852271396, 31.318805782948893 ], [ 76.321998568297673, 31.342027645905475 ], [ 76.317886306305368, 31.350610702889426 ] ] } },
{ "type": "Feature", "properties": { "MED_DESCRI": "Without Median", "RTT_DESCRI": "Secondary Route", "F_CODE_DES": "Road", "ISO": "IND", "ISOCOUNTRY": "INDIA" }, "geometry": { "type": "LineString", "coordinates": [ [ 75.768417380332735, 31.231445258112238 ], [ 75.772468595325151, 31.233444122108502 ], [ 75.780830333309524, 31.260610604057703 ], [ 75.78163906430801, 31.262361500054432 ], [ 75.79663848227996, 31.295555191992371 ], [ 75.796836932279589, 31.295972881991588 ], [ 75.809417717256068, 31.335083029918458 ], [ 75.814163129247191, 31.34983258989088 ], [ 75.82724759922273, 31.390443775814951 ] ] } },
{ "type": "Feature", "properties": { "MED_DESCRI": "Without Median", "RTT_DESCRI": "Primary Route", "F_CODE_DES": "Road", "ISO": "IND", "ISOCOUNTRY": "INDIA" }, "geometry": { "type": "LineString", "coordinates": [ [ 75.768417380332735, 31.231445258112238 ], [ 75.766914452335541, 31.234332989106839 ], [ 75.740470895384988, 31.254388724069337 ], [ 75.726028460411982, 31.254943817068302 ], [ 75.720947195421488, 31.255138487067939 ], [ 75.715194791432239, 31.255361507067519 ], [ 75.683303876491863, 31.270610783039004 ], [ 75.676635767504337, 31.273805639033036 ], [ 75.645362882562807, 31.292694109997718 ], [ 75.643302971566655, 31.293945289995378 ], [ 75.637359677577777, 31.296722455990185 ], [ 75.632309030587209, 31.299110470985724 ], [ 75.625335686600252, 31.299999148984057 ] ] } },
{ "type": "Feature", "properties": { "MED_DESCRI": "Without Median", "RTT_DESCRI": "Primary Route", "F_CODE_DES": "Road", "ISO": "IND", "ISOCOUNTRY": "INDIA" }, "geometry": { "type": "LineString", "coordinates": [ [ 75.774330056321674, 31.223499320127097 ], [ 75.772247276325572, 31.224027575126108 ], [ 75.768417380332735, 31.231445258112238 ] ] } },
{ "type": "Feature", "properties": { "MED_DESCRI": "Without Median", "RTT_DESCRI": "Secondary Route", "F_CODE_DES": "Road", "ISO": "IND", "ISOCOUNTRY": "INDIA" }, "geometry": { "type": "LineString", "coordinates": [ [ 75.19719701140076, 31.21777734513779 ], [ 75.26396938827591, 31.242694916091203 ], [ 75.28074654024455, 31.261444094056145 ], [ 75.282058767242091, 31.26291659305339 ], [ 75.30897520219176, 31.292999344997149 ], [ 75.311584536186885, 31.295917504991692 ], [ 75.377502444063637, 31.369443985854218 ], [ 75.3801956940586, 31.372110397849227 ] ] } },
{ "type": "Feature", "properties": { "MED_DESCRI": "Without Median", "RTT_DESCRI": "Secondary Route", "F_CODE_DES": "Road", "ISO": "IND", "ISOCOUNTRY": "INDIA" }, "geometry": { "type": "LineString", "coordinates": [ [ 75.144691488498935, 31.356416782878576 ], [ 75.157722471474571, 31.338361801912328 ], [ 75.160888599468649, 31.333972843920535 ], [ 75.162002565466565, 31.332445156923391 ], [ 75.174919203442414, 31.305860605973102 ], [ 75.188636823416772, 31.268499464042954 ], [ 75.19361111440746, 31.239055721098005 ], [ 75.196250877402534, 31.223304839127458 ], [ 75.19719701140076, 31.21777734513779 ] ] } },
{ "type": "Feature", "properties": { "MED_DESCRI": "Without Median", "RTT_DESCRI": "Secondary Route", "F_CODE_DES": "Road", "ISO": "IND", "ISOCOUNTRY": "INDIA" }, "geometry": { "type": "LineString", "coordinates": [ [ 75.80511475426411, 31.217750507137843 ], [ 75.841552820195986, 31.219999229133634 ], [ 75.868141151146276, 31.221639560130569 ], [ 75.87349703313626, 31.223167436127717 ], [ 75.887916599109303, 31.227277808120029 ], [ 75.93755348001649, 31.252361321073131 ], [ 75.949531543994098, 31.260389285058118 ], [ 75.955276576983351, 31.264249799050901 ], [ 75.969024625957644, 31.276971767027113 ] ] } },
{ "type": "Feature", "properties": { "MED_DESCRI": "Without Median", "RTT_DESCRI": "Secondary Route", "F_CODE_DES": "Road", "ISO": "IND", "ISOCOUNTRY": "INDIA" }, "geometry": { "type": "LineString", "coordinates": [ [ 75.774330056321674, 31.223499320127097 ], [ 75.80511475426411, 31.217750507137843 ] ] } },
{ "type": "Feature", "properties": { "MED_DESCRI": "Without Median", "RTT_DESCRI": "Secondary Route", "F_CODE_DES": "Road", "ISO": "IND", "ISOCOUNTRY": "INDIA" }, "geometry": { "type": "LineString", "coordinates": [ [ 76.039527862825821, 31.361389183869278 ], [ 76.046142484813458, 31.343999860901789 ], [ 76.04621884081331, 31.343860567902048 ], [ 76.066139251776065, 31.305860605973102 ], [ 76.072692826763813, 31.29338830699642 ], [ 76.076499853756701, 31.288444445005666 ], [ 76.084892209741, 31.277526860026079 ], [ 76.108139020697536, 31.252861037072194 ], [ 76.109169070695614, 31.251777689074217 ], [ 76.111862131690572, 31.248916607079572 ], [ 76.140503002637033, 31.213611596145583 ], [ 76.141303984635528, 31.212610274147451 ], [ 76.144058281630379, 31.21208390914844 ] ] } },
{ "type": "Feature", "properties": { "MED_DESCRI": "Without Median", "RTT_DESCRI": "Secondary Route", "F_CODE_DES": "Road", "ISO": "IND", "ISOCOUNTRY": "INDIA" }, "geometry": { "type": "LineString", "coordinates": [ [ 75.19719701140076, 31.21777734513779 ], [ 75.200530971394528, 31.21208390914844 ], [ 75.203613372388759, 31.20677754515836 ], [ 75.214530957368353, 31.195167464180066 ], [ 75.240722577319374, 31.174278239219127 ] ] } },
{ "type": "Feature", "properties": { "MED_DESCRI": "Without Median", "RTT_DESCRI": "Secondary Route", "F_CODE_DES": "Road", "ISO": "IND", "ISOCOUNTRY": "INDIA" }, "geometry": { "type": "LineString", "coordinates": [ [ 76.317886306305368, 31.350610702889426 ], [ 76.304862883329719, 31.334388643919759 ], [ 76.286499076364052, 31.311500554962556 ], [ 76.254249628424347, 31.279861388021715 ], [ 76.232864467464339, 31.26583286304794 ], [ 76.225692673477738, 31.261138859056715 ], [ 76.220169148488068, 31.256721551064977 ], [ 76.18602743255191, 31.229555069115769 ], [ 76.180084138563018, 31.227083138120392 ], [ 76.144058281630379, 31.21208390914844 ] ] } },
{ "type": "Feature", "properties": { "MED_DESCRI": "Without Median", "RTT_DESCRI": "Secondary Route", "F_CODE_DES": "Road", "ISO": "IND", "ISOCOUNTRY": "INDIA" }, "geometry": { "type": "LineString", "coordinates": [ [ 76.144058281630379, 31.21208390914844 ], [ 76.1446381336293, 31.211111126150257 ], [ 76.149581995620053, 31.202861843165678 ] ] } },
{ "type": "Feature", "properties": { "MED_DESCRI": "Without Median", "RTT_DESCRI": "Secondary Route", "F_CODE_DES": "Road", "ISO": "IND", "ISOCOUNTRY": "INDIA" }, "geometry": { "type": "LineString", "coordinates": [ [ 76.144058281630379, 31.21208390914844 ], [ 76.14614106162648, 31.211778674149009 ], [ 76.160698030599264, 31.209638627153012 ], [ 76.19288643153908, 31.204944623161786 ], [ 76.226417488476386, 31.193916284182407 ], [ 76.250892610430625, 31.192888313184326 ], [ 76.267524799399524, 31.196193734178145 ], [ 76.270858759393292, 31.196861282176897 ], [ 76.27449795438649, 31.198333781174149 ], [ 76.285469026365973, 31.20277792716584 ], [ 76.287246760362649, 31.203500663164483 ], [ 76.288864222359635, 31.205083916161527 ], [ 76.294586197348934, 31.210750514150931 ], [ 76.312637398315175, 31.241611568093226 ], [ 76.318000840305146, 31.242082556092349 ], [ 76.3202743213009, 31.235111291105383 ], [ 76.329475408283699, 31.228055921118575 ], [ 76.33591463827166, 31.228694930117378 ], [ 76.348030105249009, 31.239639353096919 ], [ 76.365028387217222, 31.238445251099151 ], [ 76.390388407169809, 31.233528227108344 ], [ 76.391418457167873, 31.233333557108708 ] ] } },
{ "type": "Feature", "properties": { "MED_DESCRI": "Without Median", "RTT_DESCRI": "Secondary Route", "F_CODE_DES": "Road", "ISO": "IND", "ISOCOUNTRY": "INDIA" }, "geometry": { "type": "LineString", "coordinates": [ [ 78.155639709869249, 31.351194334888341 ], [ 78.154388340871591, 31.34519377389956 ], [ 78.145721367887788, 31.329361054929159 ], [ 78.142028874894692, 31.32263945894173 ], [ 78.125358507925867, 31.310472394964478 ], [ 78.111137391952454, 31.311944893961723 ], [ 78.10297391496772, 31.309778197965777 ], [ 78.089668314992593, 31.295221417992991 ], [ 78.084777751001738, 31.284305534013399 ], [ 78.082557757005887, 31.279333133022696 ], [ 78.083251954004595, 31.258277966062067 ], [ 78.093887361984713, 31.235221856105177 ], [ 78.09510811298243, 31.232583983110111 ], [ 78.095947272980851, 31.222749746128493 ], [ 78.076332097017527, 31.201528637168174 ], [ 78.074249317021426, 31.192722371184637 ] ] } },
{ "type": "Feature", "properties": { "MED_DESCRI": "Without Median", "RTT_DESCRI": "Secondary Route", "F_CODE_DES": "Road", "ISO": "IND", "ISOCOUNTRY": "INDIA" }, "geometry": { "type": "LineString", "coordinates": [ [ 77.879554747385455, 31.237054778101751 ], [ 77.89910887634889, 31.239833834096551 ], [ 77.912719711323447, 31.244556377087726 ], [ 77.919830269310154, 31.243360574089955 ], [ 77.922416734305315, 31.242916046090791 ], [ 77.952415381249224, 31.232027000111152 ], [ 77.962059106231195, 31.231082945112917 ], [ 77.971748380213072, 31.225305593123714 ], [ 77.982803368192407, 31.213611596145583 ], [ 77.991973837175266, 31.207805705156439 ], [ 78.00305169415455, 31.205305046161115 ], [ 78.009193438143058, 31.201084109169003 ], [ 78.014419477133288, 31.197526940175656 ], [ 78.020919754121138, 31.191139307187598 ], [ 78.038108737089004, 31.188888506191809 ], [ 78.04902651106859, 31.189361573190922 ], [ 78.058914235050096, 31.193666426182872 ], [ 78.06339259004173, 31.193388029183396 ], [ 78.074249317021426, 31.192722371184637 ] ] } },
{ "type": "Feature", "properties": { "MED_DESCRI": "Without Median", "RTT_DESCRI": "Secondary Route", "F_CODE_DES": "Road", "ISO": "IND", "ISOCOUNTRY": "INDIA" }, "geometry": { "type": "LineString", "coordinates": [ [ 75.988304137921602, 31.183750163201417 ], [ 75.993553234911786, 31.188417518192686 ], [ 75.996803278905702, 31.189443599190767 ], [ 76.00108337289771, 31.199388590172177 ], [ 76.002914404894284, 31.203638066164231 ], [ 76.00452430689127, 31.223054792127925 ], [ 76.004058799892135, 31.228416533117901 ], [ 76.001586868896766, 31.257333722063834 ], [ 75.996749791905813, 31.266250553047158 ], [ 75.989974897918472, 31.269666728040775 ], [ 75.987388621923316, 31.270971206038332 ], [ 75.976280146944077, 31.272806207034904 ], [ 75.969024625957644, 31.276971767027113 ] ] } },
{ "type": "Feature", "properties": { "MED_DESCRI": "Without Median", "RTT_DESCRI": "Secondary Route", "F_CODE_DES": "Road", "ISO": "IND", "ISOCOUNTRY": "INDIA" }, "geometry": { "type": "LineString", "coordinates": [ [ 75.988304137921602, 31.183750163201417 ], [ 75.928169252034039, 31.197027224176587 ], [ 75.874496465134385, 31.205804762160177 ], [ 75.844696079190101, 31.207195235157577 ], [ 75.841773950195574, 31.207332638157318 ], [ 75.818420354239237, 31.213972019144904 ], [ 75.80511475426411, 31.217750507137843 ] ] } },
{ "type": "Feature", "properties": { "MED_DESCRI": "Without Median", "RTT_DESCRI": "Secondary Route", "F_CODE_DES": "Road", "ISO": "IND", "ISOCOUNTRY": "INDIA" }, "geometry": { "type": "LineString", "coordinates": [ [ 75.240722577319374, 31.174278239219127 ], [ 75.266807601270614, 31.178667008210915 ], [ 75.27950292024687, 31.182556061203648 ], [ 75.327636684156872, 31.207889621156276 ], [ 75.370551969076629, 31.232694548109897 ], [ 75.375389046067582, 31.235500253104654 ], [ 75.400970385019761, 31.24605552508492 ], [ 75.443031389941112, 31.25980565305921 ] ] } },
{ "type": "Feature", "properties": { "MED_DESCRI": "Without Median", "RTT_DESCRI": "Secondary Route", "F_CODE_DES": "Road", "ISO": "IND", "ISOCOUNTRY": "INDIA" }, "geometry": { "type": "LineString", "coordinates": [ [ 74.808692959127157, 31.258472447061706 ], [ 74.793357877155842, 31.252166840073492 ], [ 74.722580023288174, 31.230806438113433 ], [ 74.701446610327679, 31.225389509123559 ], [ 74.670219463386076, 31.217416733138464 ], [ 74.65869140840762, 31.214471735143974 ], [ 74.651359531421335, 31.209194099153841 ], [ 74.647415101428706, 31.206333206159186 ], [ 74.64125067744024, 31.205165942161372 ], [ 74.63200385245753, 31.20041656117025 ], [ 74.602363549512944, 31.179777194208846 ], [ 74.584030171547226, 31.170722960225774 ] ] } },
{ "type": "Feature", "properties": { "MED_DESCRI": "Without Median", "RTT_DESCRI": "Secondary Route", "F_CODE_DES": "Road", "ISO": "IND", "ISOCOUNTRY": "INDIA" }, "geometry": { "type": "LineString", "coordinates": [ [ 74.584030171547226, 31.170722960225774 ], [ 74.601058882515389, 31.200222080170619 ], [ 74.627082859466725, 31.241361710093699 ], [ 74.652778543418677, 31.281944357017814 ], [ 74.691497839346283, 31.343000428903657 ] ] } },
{ "type": "Feature", "properties": { "MED_DESCRI": "Without Median", "RTT_DESCRI": "Secondary Route", "F_CODE_DES": "Road", "ISO": "IND", "ISOCOUNTRY": "INDIA" }, "geometry": { "type": "LineString", "coordinates": [ [ 75.617668145614587, 31.161083204243795 ], [ 75.62602988359896, 31.176027245215856 ], [ 75.612526022624209, 31.204277075163034 ], [ 75.613357622622644, 31.210832540150776 ], [ 75.615608234618435, 31.228221863118264 ], [ 75.611442485626227, 31.256360939065651 ], [ 75.602775512642438, 31.281665771018339 ] ] } },
{ "type": "Feature", "properties": { "MED_DESCRI": "Without Median", "RTT_DESCRI": "Secondary Route", "F_CODE_DES": "Road", "ISO": "IND", "ISOCOUNTRY": "INDIA" }, "geometry": { "type": "LineString", "coordinates": [ [ 74.948829654865136, 31.158721838248212 ], [ 74.955001827853607, 31.161750752242547 ], [ 74.95916738784581, 31.163804993238706 ], [ 74.960418756843481, 31.16441735323756 ], [ 74.957138094849611, 31.173416210220736 ], [ 74.955024696853556, 31.17925064020983 ], [ 74.95378107685589, 31.182750731203285 ], [ 74.954780508854014, 31.234971998105642 ], [ 74.952804513857714, 31.241777510092916 ], [ 74.945526123871318, 31.266916211045917 ], [ 74.945198019871938, 31.277055683026958 ], [ 74.945053056872212, 31.280666339020208 ], [ 74.953803945855839, 31.323610351939912 ], [ 74.958419892847218, 31.346221933897631 ], [ 74.956970262849921, 31.373527519846583 ], [ 74.946029619870373, 31.400361928796407 ], [ 74.940887496879995, 31.41288941577298 ], [ 74.93844599488456, 31.418861437761819 ], [ 74.931610053897344, 31.435562044730595 ], [ 74.931419352897692, 31.436027551729723 ], [ 74.928306522903512, 31.443695092715387 ] ] } },
{ "type": "Feature", "properties": { "MED_DESCRI": "Without Median", "RTT_DESCRI": "Secondary Route", "F_CODE_DES": "Road", "ISO": "IND", "ISOCOUNTRY": "INDIA" }, "geometry": { "type": "LineString", "coordinates": [ [ 74.816467285112623, 31.253088026071772 ], [ 74.816558761112461, 31.253026979071883 ], [ 74.818641730108567, 31.251583019074587 ], [ 74.862220783027084, 31.221332624131144 ], [ 74.885948220982712, 31.204860707161941 ], [ 74.903808531949323, 31.192472513185109 ], [ 74.922721950913953, 31.179332666209675 ], [ 74.943191595875689, 31.16513819923621 ], [ 74.944610607873031, 31.164138767238079 ], [ 74.947524987867581, 31.162111364241873 ], [ 74.948829654865136, 31.158721838248212 ] ] } },
{ "type": "Feature", "properties": { "MED_DESCRI": "Without Median", "RTT_DESCRI": "Secondary Route", "F_CODE_DES": "Road", "ISO": "IND", "ISOCOUNTRY": "INDIA" }, "geometry": { "type": "LineString", "coordinates": [ [ 75.654472304545777, 31.143527939276616 ], [ 75.617668145614587, 31.161083204243795 ] ] } },
{ "type": "Feature", "properties": { "MED_DESCRI": "Without Median", "RTT_DESCRI": "Secondary Route", "F_CODE_DES": "Road", "ISO": "IND", "ISOCOUNTRY": "INDIA" }, "geometry": { "type": "MultiLineString", "coordinates": [ [ [ 79.112996906079246, 31.444243381714358 ], [ 79.114364699076688, 31.439777311722708 ], [ 79.123306289059968, 31.431388924738393 ], [ 79.135696373036794, 31.425611572749197 ], [ 79.139907671028922, 31.423639924752884 ] ], [ [ 79.150801631008548, 31.40948325777935 ], [ 79.150863623008433, 31.408250788781658 ], [ 79.146415697016749, 31.403278387790955 ], [ 79.129028264049268, 31.38388831082721 ], [ 79.125083834056639, 31.359666826872498 ], [ 79.131027128045531, 31.341304720906827 ], [ 79.13155368204454, 31.324583134938095 ], [ 79.12683113905338, 31.314638143956685 ], [ 79.114082333077206, 31.287750248006958 ], [ 79.113830585077679, 31.286027891010178 ], [ 79.111641020081777, 31.271360357037608 ], [ 79.09896857010547, 31.251888254074011 ], [ 79.092613256117346, 31.234027943107407 ], [ 79.098808298105766, 31.215665837141742 ], [ 79.101058910101557, 31.196251001178041 ], [ 79.100753864102131, 31.195444160179548 ], [ 79.098915083105567, 31.190666240188484 ], [ 79.090553345121208, 31.184722946199592 ], [ 79.084999013131593, 31.180778516206971 ], [ 79.077392519145818, 31.172471966222503 ], [ 79.077194258146179, 31.165805747234963 ], [ 79.079139635142539, 31.158861131247953 ], [ 79.081359818138395, 31.151056376262545 ], [ 79.080024722140891, 31.134027476294385 ], [ 79.081413305138298, 31.132694270296874 ] ] ] } },
{ "type": "Feature", "properties": { "MED_DESCRI": "Without Median", "RTT_DESCRI": "Secondary Route", "F_CODE_DES": "Road", "ISO": "IND", "ISOCOUNTRY": "INDIA" }, "geometry": { "type": "LineString", "coordinates": [ [ 77.743057246640674, 31.129722623302435 ], [ 77.744392342638179, 31.137805964287317 ], [ 77.738113384649907, 31.153139156258646 ], [ 77.723113966677957, 31.1588898592479 ], [ 77.72025307368331, 31.166555321233567 ], [ 77.724639952675105, 31.181917241204843 ], [ 77.723220751677758, 31.187583839194247 ], [ 77.713218682696464, 31.19425005818178 ], [ 77.714385946694279, 31.197055763176536 ], [ 77.733276307658954, 31.198110572174564 ], [ 77.743110733640563, 31.203138350165162 ], [ 77.748802090629923, 31.203887924163759 ], [ 77.763664294602137, 31.205804762160177 ], [ 77.770111084590084, 31.206638252158619 ], [ 77.798553505536901, 31.221445079130937 ], [ 77.810997076513644, 31.223138897127768 ], [ 77.823417589490418, 31.22069361513234 ], [ 77.828277535481334, 31.219749371134107 ], [ 77.83541871146798, 31.220527673132651 ], [ 77.850891196439051, 31.226833280120857 ], [ 77.851829581437286, 31.227222431120133 ], [ 77.852165245436666, 31.227416912119772 ], [ 77.864471413413654, 31.234666763106212 ], [ 77.872276357399059, 31.235889404103929 ], [ 77.879554747385455, 31.237054778101751 ] ] } },
{ "type": "Feature", "properties": { "MED_DESCRI": "Without Median", "RTT_DESCRI": "Secondary Route", "F_CODE_DES": "Road", "ISO": "IND", "ISOCOUNTRY": "INDIA" }, "geometry": { "type": "LineString", "coordinates": [ [ 75.240722577319374, 31.174278239219127 ], [ 75.286415028233947, 31.154111939256829 ], [ 75.325637820160608, 31.143999116275737 ], [ 75.337280220138837, 31.137277520288308 ], [ 75.34041591913298, 31.135444598291734 ], [ 75.344718882124937, 31.131166394299733 ], [ 75.350753841113644, 31.128889133303993 ] ] } },
{ "type": "Feature", "properties": { "MED_DESCRI": "Without Median", "RTT_DESCRI": "Secondary Route", "F_CODE_DES": "Road", "ISO": "IND", "ISOCOUNTRY": "INDIA" }, "geometry": { "type": "LineString", "coordinates": [ [ 76.571113608831894, 31.182167099204371 ], [ 76.586585904802973, 31.178638469210973 ], [ 76.599670374778498, 31.175638283216578 ], [ 76.599807777778253, 31.175611445216632 ], [ 76.614830064750151, 31.16875074522946 ], [ 76.634498538713387, 31.163278628239688 ], [ 76.649085936686106, 31.144250864275264 ], [ 76.650528006683416, 31.142944307277709 ], [ 76.65869148366815, 31.135583891291475 ], [ 76.672225962642841, 31.126750976307989 ] ] } },
{ "type": "Feature", "properties": { "MED_DESCRI": "Without Median", "RTT_DESCRI": "Secondary Route", "F_CODE_DES": "Road", "ISO": "IND", "ISOCOUNTRY": "INDIA" }, "geometry": { "type": "LineString", "coordinates": [ [ 74.541094852627495, 31.142808416277965 ], [ 74.565719662581458, 31.150888355262857 ], [ 74.581558240551843, 31.168056548230759 ], [ 74.584030171547226, 31.170722960225774 ] ] } },
{ "type": "Feature", "properties": { "MED_DESCRI": "Without Median", "RTT_DESCRI": "Secondary Route", "F_CODE_DES": "Road", "ISO": "IND", "ISOCOUNTRY": "INDIA" }, "geometry": { "type": "LineString", "coordinates": [ [ 75.475891118879673, 31.125833570309702 ], [ 75.486526526859791, 31.142723177278121 ], [ 75.499916042834755, 31.19197279718604 ], [ 75.50155637383169, 31.195360244179703 ], [ 75.523780883790138, 31.241193689094011 ], [ 75.525054932787754, 31.243833452089071 ], [ 75.527862527782503, 31.24963953207822 ], [ 75.546111989748383, 31.27805511502509 ], [ 75.566528336710206, 31.305833767973148 ], [ 75.568054133707349, 31.307945275969203 ], [ 75.576805022690991, 31.320083611946508 ] ] } },
{ "type": "Feature", "properties": { "MED_DESCRI": "Without Median", "RTT_DESCRI": "Secondary Route", "F_CODE_DES": "Road", "ISO": "IND", "ISOCOUNTRY": "INDIA" }, "geometry": { "type": "LineString", "coordinates": [ [ 76.121635510672306, 31.125389042310537 ], [ 76.123779337668296, 31.136304926290123 ], [ 76.124107441667675, 31.137971906287007 ], [ 76.125946033664249, 31.14722251126971 ], [ 76.140388468637241, 31.176889463214245 ], [ 76.145080582628466, 31.190166524189415 ], [ 76.149581995620053, 31.202861843165678 ] ] } },
{ "type": "Feature", "properties": { "MED_DESCRI": "Without Median", "RTT_DESCRI": "Secondary Route", "F_CODE_DES": "Road", "ISO": "IND", "ISOCOUNTRY": "INDIA" }, "geometry": { "type": "LineString", "coordinates": [ [ 76.121635510672306, 31.125389042310537 ], [ 76.110641569692859, 31.130472197301032 ], [ 76.110107455693864, 31.130722055300559 ], [ 76.078636120752705, 31.145276945273352 ], [ 76.077415558754979, 31.147167134269814 ], [ 76.007362330885968, 31.177305263213462 ], [ 75.991722013915208, 31.182611438203544 ], [ 75.988304137921602, 31.183750163201417 ] ] } },
{ "type": "Feature", "properties": { "MED_DESCRI": "Without Median", "RTT_DESCRI": "Secondary Route", "F_CODE_DES": "Road", "ISO": "IND", "ISOCOUNTRY": "INDIA" }, "geometry": { "type": "LineString", "coordinates": [ [ 77.634307780843997, 31.124750222311725 ], [ 77.624832076861722, 31.143917090275892 ], [ 77.604942283898907, 31.155166559254859 ], [ 77.598640456910687, 31.162445138241246 ], [ 77.58252707294082, 31.198667555173522 ], [ 77.574447700955929, 31.20863919515488 ], [ 77.57438665395604, 31.213916831145013 ], [ 77.583862357938315, 31.224666584124911 ], [ 77.584587172936963, 31.230583229113847 ], [ 77.585441641935375, 31.23758322210076 ], [ 77.583358672939269, 31.245750479085487 ], [ 77.55486295399254, 31.244667131087517 ], [ 77.537277260025419, 31.252832498072252 ], [ 77.523780770050664, 31.255193675067837 ], [ 77.503280696088993, 31.254472640069181 ], [ 77.501861495091646, 31.256389667065598 ] ] } },
{ "type": "Feature", "properties": { "MED_DESCRI": "Without Median", "RTT_DESCRI": "Secondary Route", "F_CODE_DES": "Road", "ISO": "IND", "ISOCOUNTRY": "INDIA" }, "geometry": { "type": "LineString", "coordinates": [ [ 75.350753841113644, 31.128889133303993 ], [ 75.356781051102388, 31.126611683308248 ], [ 75.376083432066295, 31.123861355313387 ], [ 75.407470662007611, 31.122499421315936 ], [ 75.443580623940093, 31.125749654309857 ], [ 75.475891118879673, 31.125833570309702 ] ] } },
{ "type": "Feature", "properties": { "MED_DESCRI": "Without Median", "RTT_DESCRI": "Secondary Route", "F_CODE_DES": "Road", "ISO": "IND", "ISOCOUNTRY": "INDIA" }, "geometry": { "type": "LineString", "coordinates": [ [ 77.223304790612474, 31.119167351322169 ], [ 77.241752702577983, 31.138889312285293 ], [ 77.25666801555009, 31.14324954227714 ], [ 77.263580312537172, 31.14772222726878 ], [ 77.264251640535903, 31.149583877265293 ], [ 77.257614149548317, 31.153165805258595 ], [ 77.259475799544845, 31.157638490250235 ], [ 77.270500169524226, 31.164361976237664 ], [ 77.272834697519869, 31.177555121212997 ], [ 77.277999878510201, 31.188360251192798 ], [ 77.279357843507668, 31.204721414162201 ], [ 77.285278268496597, 31.212110558148389 ], [ 77.287025384493333, 31.216138904140855 ], [ 77.292472931483147, 31.228750307117274 ], [ 77.300086985468909, 31.238971616098162 ], [ 77.301414521466427, 31.247083685082998 ], [ 77.293113641481952, 31.260221453058435 ], [ 77.290664579486531, 31.261028294056921 ], [ 77.283554021499825, 31.259082728060562 ], [ 77.268722624527555, 31.261806407055467 ], [ 77.268974372527083, 31.26619536504726 ], [ 77.271858134521693, 31.268362061043213 ], [ 77.274558944516642, 31.270360925039476 ], [ 77.276969828512136, 31.276832663027378 ], [ 77.277526811511095, 31.278304973024625 ], [ 77.275085498515651, 31.283000867015843 ], [ 77.262138431539867, 31.293167176996832 ], [ 77.260444613543029, 31.302723016978966 ], [ 77.257026737549424, 31.308666310967851 ], [ 77.251724153559337, 31.317916915950555 ], [ 77.245887833570251, 31.337610337913738 ], [ 77.235221807590193, 31.349721835891089 ], [ 77.226974414605607, 31.354278625882571 ], [ 77.224136390610909, 31.355832961879663 ], [ 77.203857446648826, 31.379861854834736 ], [ 77.207832305641404, 31.387777363819936 ], [ 77.210945135635583, 31.393972405808356 ], [ 77.209999001637343, 31.395999997804566 ], [ 77.205886928645043, 31.397388391801968 ], [ 77.200447130655206, 31.39922150279854 ], [ 77.199249248657452, 31.412000737774648 ], [ 77.197807367660147, 31.42730520174603 ], [ 77.194663919666027, 31.442304619717987 ], [ 77.203086893650266, 31.477138453652856 ], [ 77.210670518636093, 31.491027874626887 ] ] } },
{ "type": "Feature", "properties": { "MED_DESCRI": "Without Median", "RTT_DESCRI": "Secondary Route", "F_CODE_DES": "Road", "ISO": "IND", "ISOCOUNTRY": "INDIA" }, "geometry": { "type": "LineString", "coordinates": [ [ 79.081413305138298, 31.132694270296874 ], [ 79.084442219132626, 31.130527574300928 ], [ 79.094390801114031, 31.129028237303729 ], [ 79.106887859090662, 31.129249556303314 ], [ 79.145225564018986, 31.118415887323572 ], [ 79.15027621100954, 31.118804849322842 ], [ 79.163001958985745, 31.125917486309547 ], [ 79.170860200971049, 31.127777057306069 ], [ 79.174331752964562, 31.128583898304562 ], [ 79.182609574949083, 31.133916911294591 ], [ 79.194190927927423, 31.159999856245818 ], [ 79.194221545927377, 31.164194144237982 ], [ 79.194305461927215, 31.174472720218759 ], [ 79.203941437909194, 31.18511190819887 ], [ 79.208030641901559, 31.195110386180176 ], [ 79.215469303887645, 31.202833115165731 ], [ 79.21741486988401, 31.204834058161993 ], [ 79.229942356860576, 31.211000372150465 ], [ 79.23161311685746, 31.210111694152125 ], [ 79.237335280846764, 31.207111319157733 ], [ 79.257247942809528, 31.202972408165472 ], [ 79.257637093808796, 31.203193727165058 ], [ 79.263748219797378, 31.206417122159031 ], [ 79.270942693783923, 31.206417122159031 ], [ 79.280493619766062, 31.213476083145835 ] ] } },
{ "type": "Feature", "properties": { "MED_DESCRI": "Without Median", "RTT_DESCRI": "Secondary Route", "F_CODE_DES": "Road", "ISO": "IND", "ISOCOUNTRY": "INDIA" }, "geometry": { "type": "LineString", "coordinates": [ [ 77.371170074336007, 31.118333861323727 ], [ 77.381774864316171, 31.129917104302066 ], [ 77.38458245931092, 31.1401673302829 ], [ 77.37660987232583, 31.164806315236831 ], [ 77.376831002325417, 31.173749984220109 ], [ 77.381858780316009, 31.182945212202917 ], [ 77.381248499317152, 31.196472131177629 ], [ 77.406112583270669, 31.216917017139401 ], [ 77.410385117262678, 31.216888478139452 ], [ 77.416137710251917, 31.208972969154253 ], [ 77.417968742248505, 31.20644377115898 ], [ 77.421607937241689, 31.20800018615607 ], [ 77.431472792223246, 31.224971819124342 ], [ 77.421302702242272, 31.238277419099461 ], [ 77.423614550237943, 31.243888829088974 ], [ 77.432662925221024, 31.244304629088191 ], [ 77.446830743194539, 31.256221835065908 ], [ 77.453224235182574, 31.256750090064926 ], [ 77.457054131175425, 31.255306319067621 ] ] } },
{ "type": "Feature", "properties": { "MED_DESCRI": "Without Median", "RTT_DESCRI": "Secondary Route", "F_CODE_DES": "Road", "ISO": "IND", "ISOCOUNTRY": "INDIA" }, "geometry": { "type": "LineString", "coordinates": [ [ 75.475891118879673, 31.125833570309702 ], [ 75.484023977864467, 31.124721494311785 ], [ 75.50775141582011, 31.117332539325595 ], [ 75.578224223688338, 31.095306479366783 ], [ 75.580749452683619, 31.092916574371252 ] ] } },
{ "type": "Feature", "properties": { "MED_DESCRI": "Without Median", "RTT_DESCRI": "Secondary Route", "F_CODE_DES": "Road", "ISO": "IND", "ISOCOUNTRY": "INDIA" }, "geometry": { "type": "LineString", "coordinates": [ [ 75.015502995740476, 31.115360324329288 ], [ 75.04208376669078, 31.134221957294017 ], [ 75.048805173678218, 31.138999877285087 ], [ 75.049392774677116, 31.139139170284828 ], [ 75.070030251638528, 31.143611855276461 ], [ 75.090499896600264, 31.148056001268152 ], [ 75.105331482572524, 31.151277506262126 ], [ 75.138885408509793, 31.162500326241144 ], [ 75.147918663492902, 31.162971503240264 ], [ 75.19394677840684, 31.165416785235692 ], [ 75.198501678398316, 31.166276924234083 ], [ 75.203475969389018, 31.167223058232317 ], [ 75.240722577319374, 31.174278239219127 ] ] } },
{ "type": "Feature", "properties": { "MED_DESCRI": "Without Median", "RTT_DESCRI": "Secondary Route", "F_CODE_DES": "Road", "ISO": "IND", "ISOCOUNTRY": "INDIA" }, "geometry": { "type": "LineString", "coordinates": [ [ 74.998558011772161, 31.112054903335462 ], [ 75.000000081769471, 31.112333300334946 ], [ 75.015502995740476, 31.115360324329288 ] ] } },
{ "type": "Feature", "properties": { "MED_DESCRI": "Without Median", "RTT_DESCRI": "Secondary Route", "F_CODE_DES": "Road", "ISO": "IND", "ISOCOUNTRY": "INDIA" }, "geometry": { "type": "LineString", "coordinates": [ [ 74.977111803812264, 31.111528349336453 ], [ 74.998558011772161, 31.112054903335462 ] ] } },
{ "type": "Feature", "properties": { "MED_DESCRI": "Without Median", "RTT_DESCRI": "Secondary Route", "F_CODE_DES": "Road", "ISO": "IND", "ISOCOUNTRY": "INDIA" }, "geometry": { "type": "LineString", "coordinates": [ [ 74.948829654865136, 31.158721838248212 ], [ 74.954444844854649, 31.145555531272826 ], [ 74.959083471845972, 31.134666485293188 ], [ 74.974525527817093, 31.122249563316402 ], [ 74.977111803812264, 31.111528349336453 ] ] } },
{ "type": "Feature", "properties": { "MED_DESCRI": "Without Median", "RTT_DESCRI": "Secondary Route", "F_CODE_DES": "Road", "ISO": "IND", "ISOCOUNTRY": "INDIA" }, "geometry": { "type": "LineString", "coordinates": [ [ 74.998558011772161, 31.112054903335462 ], [ 75.000000081769471, 31.11038962433858 ], [ 75.006446871757419, 31.102888025352605 ], [ 75.070892280636912, 31.027749941493092 ], [ 75.083969190612464, 31.009832363526591 ], [ 75.104026815574969, 30.982305458578061 ], [ 75.11538703855372, 30.966722408607197 ], [ 75.118720998547488, 30.962165807615719 ], [ 75.120109581544895, 30.960722036618421 ], [ 75.138748194510043, 30.941305121654722 ] ] } },
{ "type": "Feature", "properties": { "MED_DESCRI": "Without Median", "RTT_DESCRI": "Secondary Route", "F_CODE_DES": "Road", "ISO": "IND", "ISOCOUNTRY": "INDIA" }, "geometry": { "type": "LineString", "coordinates": [ [ 77.659942606796065, 31.108667456341799 ], [ 77.672470093772645, 31.110500378338372 ], [ 77.684333812750467, 31.116750797326688 ], [ 77.715026845693075, 31.120445180319777 ], [ 77.721580420680823, 31.122554798315832 ], [ 77.731529191662219, 31.129667246302532 ], [ 77.743057246640674, 31.129722623302435 ] ] } },
{ "type": "Feature", "properties": { "MED_DESCRI": "Without Median", "RTT_DESCRI": "Secondary Route", "F_CODE_DES": "Road", "ISO": "IND", "ISOCOUNTRY": "INDIA" }, "geometry": { "type": "LineString", "coordinates": [ [ 77.634307780843997, 31.124750222311725 ], [ 77.642303425829056, 31.124277155312612 ], [ 77.659942606796065, 31.108667456341799 ] ] } },
{ "type": "Feature", "properties": { "MED_DESCRI": "Without Median", "RTT_DESCRI": "Secondary Route", "F_CODE_DES": "Road", "ISO": "IND", "ISOCOUNTRY": "INDIA" }, "geometry": { "type": "LineString", "coordinates": [ [ 74.977111803812264, 31.111528349336453 ], [ 74.977691655811185, 31.106222174346371 ], [ 74.977912974810764, 31.104166043350219 ], [ 74.979080238808578, 31.093666148369849 ], [ 74.97772208481112, 31.068944948416068 ], [ 74.983802781799753, 31.050416900450713 ], [ 74.981361468804323, 31.03325078648281 ], [ 74.981086662804827, 31.031250032486547 ], [ 74.988502455790965, 30.986999462569287 ], [ 74.990943957786399, 30.972249902596865 ], [ 74.989723206788682, 30.96613877660829 ] ] } },
{ "type": "Feature", "properties": { "MED_DESCRI": "Without Median", "RTT_DESCRI": "Secondary Route", "F_CODE_DES": "Road", "ISO": "IND", "ISOCOUNTRY": "INDIA" }, "geometry": { "type": "LineString", "coordinates": [ [ 77.192390438670273, 31.106889722345123 ], [ 77.196975767661698, 31.106193635346422 ], [ 77.203803959648937, 31.107665945343669 ], [ 77.218528760621396, 31.114583912330737 ], [ 77.223304790612474, 31.119167351322169 ] ] } },
{ "type": "Feature", "properties": { "MED_DESCRI": "Unknown", "RTT_DESCRI": "Unknown", "F_CODE_DES": "Road", "ISO": "IND", "ISOCOUNTRY": "INDIA" }, "geometry": { "type": "LineString", "coordinates": [ [ 77.16544338572065, 31.105806374347146 ], [ 77.178108275696971, 31.108249577342583 ], [ 77.192390438670273, 31.106889722345123 ] ] } },
{ "type": "Feature", "properties": { "MED_DESCRI": "Without Median", "RTT_DESCRI": "Secondary Route", "F_CODE_DES": "Road", "ISO": "IND", "ISOCOUNTRY": "INDIA" }, "geometry": { "type": "LineString", "coordinates": [ [ 77.223304790612474, 31.119167351322169 ], [ 77.237693738585563, 31.119388670321754 ], [ 77.243415902574867, 31.117389617325493 ], [ 77.25783546854791, 31.104749675349126 ], [ 77.262390179539395, 31.102693544352967 ] ] } },
{ "type": "Feature", "properties": { "MED_DESCRI": "Without Median", "RTT_DESCRI": "Secondary Route", "F_CODE_DES": "Road", "ISO": "IND", "ISOCOUNTRY": "INDIA" }, "geometry": { "type": "LineString", "coordinates": [ [ 76.758331338481852, 31.306694095971544 ], [ 76.765663215468138, 31.304306080976005 ], [ 76.771224918457747, 31.299444244985096 ], [ 76.782165561437282, 31.281972896017763 ], [ 76.790527299421655, 31.274723045031315 ], [ 76.795753527411875, 31.272861395034802 ], [ 76.807167048390539, 31.272111821036198 ], [ 76.817390436371426, 31.264528196050378 ], [ 76.844360358320998, 31.256389667065598 ], [ 76.853691099303546, 31.256194997065961 ], [ 76.865165667282099, 31.260250181058382 ], [ 76.872581460268236, 31.25966636005947 ], [ 76.877777070258517, 31.255027733068147 ], [ 76.884719796245534, 31.248777314079831 ], [ 76.893669135228805, 31.246528592084033 ], [ 76.899887046217174, 31.239360767097438 ], [ 76.938247620145447, 31.175611445216632 ], [ 76.946441715130135, 31.166055605234497 ], [ 76.953613320116716, 31.150499393263587 ], [ 76.954635621114818, 31.148250671267789 ], [ 76.959609912105506, 31.146638879270803 ], [ 76.970970135084272, 31.153194344258544 ], [ 76.978363059070446, 31.148027462268203 ], [ 76.991668659045573, 31.151527364261661 ], [ 76.999999968029996, 31.149026894266335 ], [ 77.011642368008225, 31.146694256270699 ], [ 77.027885405977855, 31.147028030270071 ], [ 77.035697909963247, 31.138000445286956 ], [ 77.041053791953232, 31.137582755287738 ], [ 77.05102543193459, 31.143583316276512 ], [ 77.057891801921755, 31.144027655275686 ], [ 77.06830589090228, 31.144666664274489 ], [ 77.077468799885139, 31.143278081277089 ], [ 77.093612612854955, 31.128915782303942 ], [ 77.09880822284525, 31.111055282337333 ], [ 77.097747743847222, 31.111000094337435 ], [ 77.104057319835434, 31.104194582350161 ], [ 77.118698204808055, 31.102638167353071 ], [ 77.118888905807694, 31.102611518353122 ], [ 77.129302994788233, 31.101528170355145 ], [ 77.131835972783492, 31.103250527351925 ], [ 77.137641863772643, 31.113889715332036 ], [ 77.140167281767916, 31.108943963341282 ], [ 77.140274066767716, 31.108722644341697 ], [ 77.141197142765989, 31.106916371345072 ], [ 77.145752042757479, 31.110584294338217 ], [ 77.147552456754113, 31.110584294338217 ], [ 77.147781335753677, 31.110584294338217 ], [ 77.15027613574901, 31.110584294338217 ], [ 77.151863168746047, 31.111749668336039 ], [ 77.156890946736652, 31.115499428329024 ], [ 77.158081079734416, 31.113805799332191 ], [ 77.15988924273104, 31.111221224337022 ], [ 77.16544338572065, 31.105806374347146 ] ] } },
{ "type": "Feature", "properties": { "MED_DESCRI": "Without Median", "RTT_DESCRI": "Secondary Route", "F_CODE_DES": "Road", "ISO": "IND", "ISOCOUNTRY": "INDIA" }, "geometry": { "type": "LineString", "coordinates": [ [ 79.081413305138298, 31.132694270296874 ], [ 79.069778465160041, 31.130638139300721 ], [ 79.052360603192611, 31.127555927306481 ], [ 79.028640725236968, 31.127639843306326 ], [ 79.024719164244303, 31.126361825308713 ], [ 79.017974888256902, 31.119083435322324 ], [ 79.013000408266208, 31.113750422332295 ], [ 79.011276161269436, 31.111888961335772 ], [ 78.982025198324123, 31.105556516347619 ], [ 78.973747187339598, 31.100444822357176 ] ] } },
{ "type": "Feature", "properties": { "MED_DESCRI": "Without Median", "RTT_DESCRI": "Secondary Route", "F_CODE_DES": "Road", "ISO": "IND", "ISOCOUNTRY": "INDIA" }, "geometry": { "type": "LineString", "coordinates": [ [ 78.899360567478681, 31.237222610101433 ], [ 78.900718721476139, 31.215250037142518 ], [ 78.902557313472713, 31.210500656151396 ], [ 78.908142074462262, 31.205194481161321 ], [ 78.909690929459373, 31.205028539161631 ], [ 78.919136015441708, 31.204000379163553 ], [ 78.928222568424715, 31.192638455184792 ], [ 78.942085340398805, 31.16513819923621 ], [ 78.950859098382395, 31.154666843255789 ], [ 78.954330461375903, 31.143333458276985 ], [ 78.954498293375593, 31.1401673302829 ], [ 78.955024658374612, 31.129417388303004 ], [ 78.95561225937351, 31.117471643325338 ], [ 78.95835880736837, 31.110000662339303 ], [ 78.964500362356887, 31.104473168349642 ], [ 78.964775168356383, 31.10436052434985 ], [ 78.973747187339598, 31.100444822357176 ] ] } },
{ "type": "Feature", "properties": { "MED_DESCRI": "Without Median", "RTT_DESCRI": "Secondary Route", "F_CODE_DES": "Road", "ISO": "IND", "ISOCOUNTRY": "INDIA" }, "geometry": { "type": "LineString", "coordinates": [ [ 75.069419781639667, 31.100027132357951 ], [ 75.045585558684238, 31.109083256341023 ], [ 75.015502995740476, 31.115360324329288 ] ] } },
{ "type": "Feature", "properties": { "MED_DESCRI": "Without Median", "RTT_DESCRI": "Secondary Route", "F_CODE_DES": "Road", "ISO": "IND", "ISOCOUNTRY": "INDIA" }, "geometry": { "type": "LineString", "coordinates": [ [ 77.371170074336007, 31.118333861323727 ], [ 77.37808218232307, 31.104278498350006 ], [ 77.387947037304627, 31.099916378358159 ], [ 77.414024312255876, 31.10022161335759 ], [ 77.425277750234827, 31.104999533348661 ], [ 77.426750249232086, 31.105638542347464 ], [ 77.431808456222626, 31.105888400346998 ], [ 77.437530431211925, 31.104139394350263 ], [ 77.444305514199257, 31.102111802354059 ], [ 77.458114610173439, 31.10297194135245 ], [ 77.473747178144208, 31.112638535334376 ], [ 77.484306419124465, 31.114528724330839 ], [ 77.499496538096068, 31.114833770330272 ], [ 77.502670226090132, 31.114915796330116 ], [ 77.511085451074393, 31.112777639334112 ], [ 77.54066470701909, 31.116666881326843 ], [ 77.556693985989114, 31.115167544329644 ], [ 77.55891416898497, 31.114973063330012 ], [ 77.577308593950576, 31.119249377322014 ], [ 77.617996135874506, 31.120889708318948 ], [ 77.634307780843997, 31.124750222311725 ] ] } },
{ "type": "Feature", "properties": { "MED_DESCRI": "Unknown", "RTT_DESCRI": "Unknown", "F_CODE_DES": "Road", "ISO": "IND", "ISOCOUNTRY": "INDIA" }, "geometry": { "type": "LineString", "coordinates": [ [ 77.16544338572065, 31.105806374347146 ], [ 77.173835741704963, 31.099637981358683 ], [ 77.176582289699823, 31.089222002378158 ] ] } },
{ "type": "Feature", "properties": { "MED_DESCRI": "Without Median", "RTT_DESCRI": "Secondary Route", "F_CODE_DES": "Road", "ISO": "IND", "ISOCOUNTRY": "INDIA" }, "geometry": { "type": "LineString", "coordinates": [ [ 75.580749452683619, 31.092916574371252 ], [ 75.586166381673493, 31.094304968368654 ], [ 75.594497690657917, 31.101554819355101 ], [ 75.600723350646277, 31.113472025332818 ], [ 75.606361409635724, 31.146055247271896 ], [ 75.617668145614587, 31.161083204243795 ] ] } },
{ "type": "Feature", "properties": { "MED_DESCRI": "Without Median", "RTT_DESCRI": "Secondary Route", "F_CODE_DES": "Road", "ISO": "IND", "ISOCOUNTRY": "INDIA" }, "geometry": { "type": "LineString", "coordinates": [ [ 77.192390438670273, 31.106889722345123 ], [ 77.176582289699823, 31.089222002378158 ] ] } },
{ "type": "Feature", "properties": { "MED_DESCRI": "Without Median", "RTT_DESCRI": "Secondary Route", "F_CODE_DES": "Road", "ISO": "IND", "ISOCOUNTRY": "INDIA" }, "geometry": { "type": "LineString", "coordinates": [ [ 77.262390179539395, 31.102693544352967 ], [ 77.275024451515762, 31.098693926360447 ], [ 77.292198125483651, 31.088722286379088 ], [ 77.302635272464144, 31.08783341938075 ], [ 77.308608995452971, 31.094333696368601 ], [ 77.318420363434626, 31.111778207335981 ], [ 77.334419213404715, 31.124027297313077 ], [ 77.340919490392565, 31.126861541307782 ], [ 77.349197312377086, 31.126333286308771 ], [ 77.355781505364774, 31.123638146313809 ], [ 77.363891684349611, 31.117610936325079 ], [ 77.371170074336007, 31.118333861323727 ] ] } },
{ "type": "Feature", "properties": { "MED_DESCRI": "Without Median", "RTT_DESCRI": "Secondary Route", "F_CODE_DES": "Road", "ISO": "IND", "ISOCOUNTRY": "INDIA" }, "geometry": { "type": "LineString", "coordinates": [ [ 75.581664968681906, 31.082027528391606 ], [ 75.581138603682888, 31.084194224387559 ], [ 75.579139739686624, 31.092527423371976 ], [ 75.580749452683619, 31.092916574371252 ] ] } },
{ "type": "Feature", "properties": { "MED_DESCRI": "Without Median", "RTT_DESCRI": "Secondary Route", "F_CODE_DES": "Road", "ISO": "IND", "ISOCOUNTRY": "INDIA" }, "geometry": { "type": "LineString", "coordinates": [ [ 75.581664968681906, 31.082027528391606 ], [ 75.591720524663103, 31.081083284393372 ], [ 75.641441321570142, 31.076389280402154 ], [ 75.657836882539485, 31.073943998406726 ], [ 75.680221475497632, 31.067806223418202 ] ] } },
{ "type": "Feature", "properties": { "MED_DESCRI": "Without Median", "RTT_DESCRI": "Secondary Route", "F_CODE_DES": "Road", "ISO": "IND", "ISOCOUNTRY": "INDIA" }, "geometry": { "type": "LineString", "coordinates": [ [ 77.176582289699823, 31.089222002378158 ], [ 77.1792755396948, 31.078916588397426 ] ] } },
{ "type": "Feature", "properties": { "MED_DESCRI": "Without Median", "RTT_DESCRI": "Secondary Route", "F_CODE_DES": "Road", "ISO": "IND", "ISOCOUNTRY": "INDIA" }, "geometry": { "type": "LineString", "coordinates": [ [ 78.252502398688137, 31.076415929402103 ], [ 78.258247431677404, 31.079277011396755 ], [ 78.269721999655943, 31.084943798386156 ], [ 78.285278400626851, 31.088111816380234 ], [ 78.294441309609724, 31.095806195365846 ], [ 78.307586637585146, 31.098888407360086 ], [ 78.313613847573876, 31.1057776463472 ], [ 78.315391581570552, 31.109693537339879 ], [ 78.316474929568528, 31.112083442335411 ], [ 78.323890722554665, 31.117444994325389 ], [ 78.339775038524962, 31.119443858321652 ], [ 78.357696585491453, 31.128194747305287 ], [ 78.377525331454379, 31.130416820301136 ], [ 78.380195523449387, 31.130722055300559 ], [ 78.396637011418647, 31.137332897288204 ], [ 78.414138789385916, 31.148805575266749 ], [ 78.424804626365983, 31.159889291246024 ], [ 78.427001940361876, 31.162166552241771 ], [ 78.428108157359802, 31.164527918237354 ], [ 78.437057496343073, 31.183444928201986 ], [ 78.438697827340008, 31.202554718166255 ], [ 78.445861872326603, 31.208555279155036 ], [ 78.461051991298206, 31.208694383154771 ], [ 78.465385383290098, 31.212333767147967 ], [ 78.466888500287297, 31.214889614143189 ], [ 78.470779443280023, 31.221471728130886 ], [ 78.471580425278518, 31.226110544122214 ], [ 78.461830104296752, 31.248666749080037 ], [ 78.462944070294668, 31.257888815062792 ], [ 78.478141749266257, 31.293111799996936 ], [ 78.485054046253325, 31.303943578976686 ], [ 78.488471922246944, 31.314832624956324 ], [ 78.487220742249278, 31.318250689949934 ], [ 78.477638253267187, 31.322666107941679 ], [ 78.474250806273531, 31.328527375930719 ], [ 78.473220756275452, 31.330305109927394 ], [ 78.466056900288848, 31.334388643919759 ], [ 78.451667763315754, 31.339082647910985 ], [ 78.4373092443426, 31.348972261892492 ], [ 78.432998721350657, 31.351943908886938 ] ] } },
{ "type": "Feature", "properties": { "MED_DESCRI": "Without Median", "RTT_DESCRI": "Secondary Route", "F_CODE_DES": "Road", "ISO": "IND", "ISOCOUNTRY": "INDIA" }, "geometry": { "type": "LineString", "coordinates": [ [ 76.149581995620053, 31.202861843165678 ], [ 76.151138221617146, 31.201026842169114 ], [ 76.184608420554554, 31.162195280241718 ], [ 76.184997571553836, 31.161832778242392 ], [ 76.203857503518563, 31.144193597275375 ], [ 76.222747864483253, 31.134221957294017 ], [ 76.231780930466357, 31.125305126310693 ], [ 76.247024536437863, 31.110221792338891 ], [ 76.252220146428144, 31.105083449348498 ], [ 76.264640848404923, 31.092777281371511 ], [ 76.29325110135143, 31.06680490142007 ], [ 76.29308326935174, 31.063833254425624 ] ] } },
{ "type": "Feature", "properties": { "MED_DESCRI": "Without Median", "RTT_DESCRI": "Secondary Route", "F_CODE_DES": "Road", "ISO": "IND", "ISOCOUNTRY": "INDIA" }, "geometry": { "type": "LineString", "coordinates": [ [ 76.121635510672306, 31.125389042310537 ], [ 76.157196049605815, 31.11038962433858 ], [ 76.21633150349524, 31.090139408376444 ], [ 76.256469811420203, 31.076389280402154 ], [ 76.29308326935174, 31.063833254425624 ] ] } },
{ "type": "Feature", "properties": { "MED_DESCRI": "Without Median", "RTT_DESCRI": "Secondary Route", "F_CODE_DES": "Road", "ISO": "IND", "ISOCOUNTRY": "INDIA" }, "geometry": { "type": "LineString", "coordinates": [ [ 74.864502013022815, 31.062139436428794 ], [ 74.871391252009929, 31.063667312425935 ], [ 74.883613503987078, 31.06633372442095 ], [ 74.94108575787962, 31.100360906357331 ], [ 74.94527437587179, 31.102832837352707 ], [ 74.947608903867419, 31.104221420350115 ], [ 74.959915071844421, 31.111499810336504 ], [ 74.977111803812264, 31.111528349336453 ] ] } },
{ "type": "Feature", "properties": { "MED_DESCRI": "Without Median", "RTT_DESCRI": "Secondary Route", "F_CODE_DES": "Road", "ISO": "IND", "ISOCOUNTRY": "INDIA" }, "geometry": { "type": "LineString", "coordinates": [ [ 76.391418457167873, 31.233333557108708 ], [ 76.415527297122807, 31.226165732122105 ], [ 76.430221480095327, 31.217056310139142 ], [ 76.432220533091595, 31.215000179142983 ], [ 76.463531407033045, 31.182806108203181 ], [ 76.465164178029994, 31.18111040020635 ], [ 76.474586395012381, 31.168777394229409 ], [ 76.470558238019905, 31.163917448238493 ], [ 76.460136400039389, 31.163917448238493 ], [ 76.446746884064424, 31.167083765232576 ], [ 76.441223170074764, 31.16841697123008 ], [ 76.424972572105148, 31.1688881482292 ], [ 76.412055934129299, 31.1666946142333 ], [ 76.400055001151728, 31.161945422242184 ], [ 76.364585938218056, 31.138944689285189 ], [ 76.354751512236433, 31.130416820301136 ], [ 76.337471053268743, 31.099637981358683 ], [ 76.328002909286454, 31.082721725390314 ], [ 76.303390573332464, 31.058555618435499 ] ] } },
{ "type": "Feature", "properties": { "MED_DESCRI": "Without Median", "RTT_DESCRI": "Secondary Route", "F_CODE_DES": "Road", "ISO": "IND", "ISOCOUNTRY": "INDIA" }, "geometry": { "type": "LineString", "coordinates": [ [ 76.29308326935174, 31.063833254425624 ], [ 76.299362227339998, 31.061721746429576 ], [ 76.303390573332464, 31.058555618435499 ] ] } },
{ "type": "Feature", "properties": { "MED_DESCRI": "Without Median", "RTT_DESCRI": "Secondary Route", "F_CODE_DES": "Road", "ISO": "IND", "ISOCOUNTRY": "INDIA" }, "geometry": { "type": "LineString", "coordinates": [ [ 75.680221475497632, 31.067806223418202 ], [ 75.670944221514972, 31.059444485433836 ], [ 75.667778093520894, 31.057695479437101 ], [ 75.651191642551908, 31.048500062454295 ], [ 75.625221341600465, 31.029777533489302 ], [ 75.61380763162181, 31.014388964518076 ], [ 75.607360841633863, 31.013721416519324 ], [ 75.603332495641396, 31.033832528481717 ], [ 75.598388633650643, 31.046611763457825 ], [ 75.59330755766014, 31.052499680446822 ], [ 75.587059028671817, 31.059667505433417 ], [ 75.581664968681906, 31.082027528391606 ] ] } },
{ "type": "Feature", "properties": { "MED_DESCRI": "Without Median", "RTT_DESCRI": "Secondary Route", "F_CODE_DES": "Road", "ISO": "IND", "ISOCOUNTRY": "INDIA" }, "geometry": { "type": "LineString", "coordinates": [ [ 76.571113608831894, 31.182167099204371 ], [ 76.574195820826134, 31.172306024222813 ], [ 76.58877565879888, 31.125638900310065 ], [ 76.591278018794199, 31.121833763317184 ], [ 76.595138532786976, 31.115972495328144 ], [ 76.61458587675061, 31.102693544352967 ], [ 76.615692093748549, 31.098972323359924 ], [ 76.605834987766983, 31.090249973376238 ], [ 76.604278572769886, 31.086639317382989 ], [ 76.604614236769265, 31.071527444411238 ], [ 76.604637105769214, 31.070360180413424 ], [ 76.601554893774974, 31.063611935426039 ], [ 76.588943490798556, 31.053722321444532 ], [ 76.583557179808636, 31.049499494452427 ], [ 76.583000196809678, 31.04905515545326 ], [ 76.574996991824634, 31.042778087464995 ], [ 76.572914211828532, 31.039028138472005 ], [ 76.554695178862602, 31.006000577533761 ], [ 76.554107577863689, 31.004943878535734 ] ] } },
{ "type": "Feature", "properties": { "MED_DESCRI": "Without Median", "RTT_DESCRI": "Secondary Route", "F_CODE_DES": "Road", "ISO": "IND", "ISOCOUNTRY": "INDIA" }, "geometry": { "type": "LineString", "coordinates": [ [ 75.680221475497632, 31.067806223418202 ], [ 75.696220325467721, 31.0642224054249 ], [ 75.706108049449227, 31.059944201432899 ], [ 75.719497754424197, 31.051416332448845 ], [ 75.728027324408245, 31.046028131458918 ], [ 75.753501878360623, 31.034027009481356 ], [ 75.776252753318076, 31.025222822497817 ], [ 75.777252185316215, 31.024833671498548 ], [ 75.780357455310408, 31.024723106498755 ], [ 75.784164482303282, 31.024583813499014 ] ] } },
{ "type": "Feature", "properties": { "MED_DESCRI": "Without Median", "RTT_DESCRI": "Secondary Route", "F_CODE_DES": "Road", "ISO": "IND", "ISOCOUNTRY": "INDIA" }, "geometry": { "type": "LineString", "coordinates": [ [ 78.485641458252232, 31.347610516895038 ], [ 78.489135690245703, 31.347221365895763 ], [ 78.507919266210578, 31.335777226917166 ], [ 78.51667015519422, 31.326723181934092 ], [ 78.51992038818814, 31.31058314896427 ], [ 78.525276270178125, 31.310083432965207 ], [ 78.530471880168406, 31.302944146978554 ], [ 78.539718705151117, 31.29941740698515 ], [ 78.565193259103495, 31.297637971988472 ], [ 78.589416444058202, 31.293750808995739 ], [ 78.599555916039236, 31.29369354199585 ], [ 78.601196247036171, 31.294221796994862 ], [ 78.612915003014265, 31.298111038987592 ], [ 78.619026129002833, 31.293750808995739 ], [ 78.627891551986266, 31.292943967997253 ], [ 78.646919315950683, 31.29663853999034 ], [ 78.66930390890883, 31.286722277008884 ], [ 78.675445463897347, 31.281221432019166 ], [ 78.67569740089688, 31.279333133022696 ], [ 78.676750130894902, 31.271417624037497 ], [ 78.685943657877715, 31.258916786060873 ], [ 78.689056487871895, 31.245027554086839 ], [ 78.693496664863602, 31.23602869710367 ], [ 78.692336960865759, 31.229944220115044 ], [ 78.691612334867116, 31.226333564121795 ], [ 78.691329968867649, 31.225915874122578 ], [ 78.678253247892101, 31.205862029160073 ], [ 78.675415034897398, 31.198860146173161 ], [ 78.67439273389931, 31.187833697193781 ], [ 78.681503291886017, 31.173860549219903 ], [ 78.687278753875219, 31.170194705226763 ], [ 78.692718551865056, 31.158000992249555 ], [ 78.689415020871223, 31.149610526265249 ], [ 78.698890724853513, 31.146778172270544 ], [ 78.717475850818758, 31.132333847297552 ], [ 78.724830596805006, 31.129612058302641 ], [ 78.725364710804016, 31.129417388303004 ], [ 78.730110122795139, 31.12500008031126 ], [ 78.732498137790671, 31.114528724330839 ], [ 78.74197384177296, 31.095861383365744 ], [ 78.747001619763552, 31.075861025403135 ], [ 78.752975531752384, 31.062999764427182 ], [ 78.75697325974491, 31.059139250434406 ], [ 78.760246361738794, 31.055944394440374 ], [ 78.761917121735664, 31.04888921345357 ], [ 78.764358434731108, 31.046749166457573 ] ] } },
{ "type": "Feature", "properties": { "MED_DESCRI": "Without Median", "RTT_DESCRI": "Secondary Route", "F_CODE_DES": "Road", "ISO": "IND", "ISOCOUNTRY": "INDIA" }, "geometry": { "type": "LineString", "coordinates": [ [ 75.942169238007864, 31.046722328457619 ], [ 75.947776867997376, 31.046972186457154 ], [ 75.968803495958056, 31.056888638438615 ], [ 75.985832206926219, 31.062000332429058 ], [ 76.007247985886181, 31.068416504417058 ], [ 76.022392366857858, 31.067556365418667 ], [ 76.035224899833864, 31.07299994340849 ], [ 76.043609695818191, 31.072750085408956 ], [ 76.056503275794086, 31.07236093440968 ], [ 76.059280441788886, 31.0714435284114 ], [ 76.080169666749839, 31.064582828424228 ], [ 76.085281360740282, 31.062915848427345 ], [ 76.11677556468139, 31.054500623443076 ], [ 76.119468625676362, 31.055305574441569 ], [ 76.121139574673236, 31.067556365418667 ], [ 76.121276788672972, 31.06852725841685 ], [ 76.116218581682432, 31.097639117362419 ], [ 76.121635510672306, 31.125389042310537 ] ] } },
{ "type": "Feature", "properties": { "MED_DESCRI": "Without Median", "RTT_DESCRI": "Secondary Route", "F_CODE_DES": "Road", "ISO": "IND", "ISOCOUNTRY": "INDIA" }, "geometry": { "type": "LineString", "coordinates": [ [ 75.942169238007864, 31.046722328457619 ], [ 75.941307020009475, 31.055250197441673 ], [ 75.94666290199946, 31.070861786412486 ], [ 75.941085890009887, 31.100889161356342 ], [ 75.948280363996432, 31.130166962301601 ], [ 75.947418145998043, 31.148555717267222 ], [ 75.951942427989579, 31.158471980248677 ], [ 75.962249731970317, 31.166166359234289 ], [ 75.963890062967252, 31.167389000232006 ], [ 75.97924801393853, 31.175693471216476 ], [ 75.983085658931358, 31.17908280821014 ], [ 75.988304137921602, 31.183750163201417 ] ] } },
{ "type": "Feature", "properties": { "MED_DESCRI": "Without Median", "RTT_DESCRI": "Secondary Route", "F_CODE_DES": "Road", "ISO": "IND", "ISOCOUNTRY": "INDIA" }, "geometry": { "type": "LineString", "coordinates": [ [ 76.672225962642841, 31.126750976307989 ], [ 76.674278313639007, 31.123527581314015 ], [ 76.681892367624769, 31.111694291336143 ], [ 76.686386031616365, 31.104723026349177 ], [ 76.69441985460135, 31.096111241365278 ], [ 76.707389790577096, 31.073278340407967 ], [ 76.709114037573869, 31.069305371415396 ], [ 76.713668748565354, 31.058860853434922 ], [ 76.718612610556107, 31.047527279456112 ], [ 76.717636047557932, 31.043666765463335 ] ] } },
{ "type": "Feature", "properties": { "MED_DESCRI": "Without Median", "RTT_DESCRI": "Secondary Route", "F_CODE_DES": "Road", "ISO": "IND", "ISOCOUNTRY": "INDIA" }, "geometry": { "type": "LineString", "coordinates": [ [ 78.973747187339598, 31.100444822357176 ], [ 78.975334220336634, 31.094999354367353 ], [ 78.968917859348636, 31.084917149386207 ], [ 78.950248628383534, 31.063360187426511 ], [ 78.937889162406648, 31.054889585442346 ], [ 78.930053789421294, 31.052110718447544 ], [ 78.917724563444352, 31.047721949455749 ], [ 78.888694730498628, 31.04255487846541 ], [ 78.869666966534197, 31.034166302481097 ] ] } },
{ "type": "Feature", "properties": { "MED_DESCRI": "Without Median", "RTT_DESCRI": "Secondary Route", "F_CODE_DES": "Road", "ISO": "IND", "ISOCOUNTRY": "INDIA" }, "geometry": { "type": "LineString", "coordinates": [ [ 78.764358434731108, 31.046749166457573 ], [ 78.778945832703826, 31.049528033452376 ], [ 78.804695192655686, 31.050693596450195 ], [ 78.81761164163153, 31.053472463444997 ], [ 78.835441523598192, 31.053667133444634 ], [ 78.846031193578398, 31.049693975452065 ], [ 78.869666966534197, 31.034166302481097 ] ] } },
{ "type": "Feature", "properties": { "MED_DESCRI": "Without Median", "RTT_DESCRI": "Primary Route", "F_CODE_DES": "Road", "ISO": "IND", "ISOCOUNTRY": "INDIA" }, "geometry": { "type": "LineString", "coordinates": [ [ 75.784164482303282, 31.024583813499014 ], [ 75.786888161298194, 31.031110739486813 ], [ 75.779663069311695, 31.149944300264622 ], [ 75.777748121315284, 31.181638655205361 ], [ 75.774696338320993, 31.207111319157733 ], [ 75.773475587323276, 31.21711149813904 ], [ 75.774330056321674, 31.223499320127097 ] ] } },
{ "type": "Feature", "properties": { "MED_DESCRI": "Without Median", "RTT_DESCRI": "Secondary Route", "F_CODE_DES": "Road", "ISO": "IND", "ISOCOUNTRY": "INDIA" }, "geometry": { "type": "LineString", "coordinates": [ [ 78.050499010065835, 31.024415981499324 ], [ 78.055915750055703, 31.031999606485151 ], [ 78.072860734024019, 31.047638033455911 ], [ 78.07963562801136, 31.04997256145154 ], [ 78.09369666098506, 31.05150024844869 ], [ 78.100585899972188, 31.056833261438719 ], [ 78.113197302948606, 31.073638952407293 ], [ 78.123725925928923, 31.080749510394 ], [ 78.130806054915681, 31.082416490390884 ], [ 78.162361116856687, 31.080305171394826 ], [ 78.167221062847588, 31.079526869396283 ], [ 78.181999161819959, 31.077194231400647 ], [ 78.203392071779959, 31.065916034421733 ], [ 78.218917854750927, 31.064500802424377 ], [ 78.241470279708764, 31.070943812412331 ], [ 78.252502398688137, 31.076415929402103 ] ] } },
{ "type": "Feature", "properties": { "MED_DESCRI": "Without Median", "RTT_DESCRI": "Secondary Route", "F_CODE_DES": "Road", "ISO": "IND", "ISOCOUNTRY": "INDIA" }, "geometry": { "type": "LineString", "coordinates": [ [ 78.074249317021426, 31.192722371184637 ], [ 78.078056344014314, 31.185527708198087 ], [ 78.101470986970526, 31.167472916231851 ], [ 78.102943485967771, 31.161806129242443 ], [ 78.103530897966678, 31.159526789246705 ], [ 78.099998487973281, 31.146749444270597 ], [ 78.101860137969808, 31.142026901279422 ], [ 78.090698175990667, 31.127306069306947 ], [ 78.089942931992084, 31.116971927326269 ], [ 78.079719544011198, 31.100250152357539 ], [ 78.072525070024653, 31.095333128366732 ], [ 78.071281450026973, 31.094888600367561 ], [ 78.061752259044795, 31.091388698374104 ], [ 78.060523948047091, 31.090944359374937 ], [ 78.052970941061204, 31.083278708389273 ], [ 78.047027647072326, 31.066278536421052 ], [ 78.039916900085615, 31.059999389432797 ], [ 78.04169463408229, 31.047695111455802 ], [ 78.040412836084698, 31.037527100474811 ], [ 78.04477684607653, 31.029611591489612 ], [ 78.045753409074706, 31.027889234492832 ], [ 78.050499010065835, 31.024415981499324 ] ] } },
{ "type": "Feature", "properties": { "MED_DESCRI": "Without Median", "RTT_DESCRI": "Secondary Route", "F_CODE_DES": "Road", "ISO": "IND", "ISOCOUNTRY": "INDIA" }, "geometry": { "type": "LineString", "coordinates": [ [ 75.784164482303282, 31.024583813499014 ], [ 75.790527356291392, 31.024333955499479 ], [ 75.81224818125078, 31.032194087484783 ], [ 75.822639401231342, 31.042333559465824 ], [ 75.858833279163676, 31.042278371465926 ], [ 75.923248259043234, 31.045722896459488 ], [ 75.942169238007864, 31.046722328457619 ] ] } },
{ "type": "Feature", "properties": { "MED_DESCRI": "Without Median", "RTT_DESCRI": "Secondary Route", "F_CODE_DES": "Road", "ISO": "IND", "ISOCOUNTRY": "INDIA" }, "geometry": { "type": "LineString", "coordinates": [ [ 78.043777414078406, 31.017389339512462 ], [ 78.046302832073678, 31.018499336510388 ], [ 78.050499010065835, 31.024415981499324 ] ] } },
{ "type": "Feature", "properties": { "MED_DESCRI": "Without Median", "RTT_DESCRI": "Secondary Route", "F_CODE_DES": "Road", "ISO": "IND", "ISOCOUNTRY": "INDIA" }, "geometry": { "type": "LineString", "coordinates": [ [ 77.978584321200302, 31.015388396516208 ], [ 77.977806019201751, 31.019721977508105 ], [ 77.970726079214984, 31.02722168649408 ], [ 77.961807169231662, 31.042888652464789 ], [ 77.944969159263152, 31.057556186437367 ], [ 77.933113189285308, 31.06461136742417 ], [ 77.924888665300685, 31.064250944424849 ], [ 77.919975232309881, 31.056917177438557 ], [ 77.906807035334495, 31.054750481442611 ], [ 77.900886610345566, 31.050832700449938 ], [ 77.887443607370699, 31.057806044436894 ], [ 77.8810272463827, 31.058221844436119 ], [ 77.873832772396156, 31.053777698444428 ], [ 77.872360273398911, 31.053472463444997 ], [ 77.859886084422229, 31.050861428449885 ], [ 77.854194727432869, 31.043500823463646 ], [ 77.826805036484089, 31.04841614645445 ], [ 77.824302676488756, 31.048860485453623 ], [ 77.817443866501591, 31.056583403439184 ], [ 77.811553870512597, 31.070554661413063 ], [ 77.800857604532595, 31.084777856386467 ], [ 77.766113356597558, 31.104110666350316 ], [ 77.763885424601725, 31.10608288134663 ], [ 77.7534713356212, 31.115249570329489 ], [ 77.743057246640674, 31.129722623302435 ] ] } },
{ "type": "Feature", "properties": { "MED_DESCRI": "Without Median", "RTT_DESCRI": "Secondary Route", "F_CODE_DES": "Road", "ISO": "IND", "ISOCOUNTRY": "INDIA" }, "geometry": { "type": "LineString", "coordinates": [ [ 78.764358434731108, 31.046749166457573 ], [ 78.749969486758005, 31.043167049464266 ], [ 78.745635905766107, 31.042917191464738 ], [ 78.739112759778308, 31.04255487846541 ], [ 78.735885584784342, 31.04238893646572 ], [ 78.726219179802413, 31.044332423462087 ], [ 78.718246403817318, 31.043806058463076 ], [ 78.7084197268357, 31.040193512469827 ], [ 78.707801885836844, 31.039972382470239 ], [ 78.701469440848683, 31.033777151481821 ], [ 78.701469440848683, 31.013334344520047 ] ] } },
{ "type": "Feature", "properties": { "MED_DESCRI": "Without Median", "RTT_DESCRI": "Primary Route", "F_CODE_DES": "Road", "ISO": "IND", "ISOCOUNTRY": "INDIA" }, "geometry": { "type": "LineString", "coordinates": [ [ 75.784164482303282, 31.024583813499014 ], [ 75.788948072294346, 31.014305048518231 ], [ 75.784446659302759, 31.010139488526022 ], [ 75.782501282306399, 31.008361754529346 ], [ 75.783332882304848, 30.997694027549294 ], [ 75.783637928304273, 30.993804974556561 ], [ 75.783943163303704, 30.989972999563726 ], [ 75.78505712930162, 30.975694616590424 ], [ 75.789947504292471, 30.975805370590216 ], [ 75.793914803285048, 30.97591593559001 ], [ 75.803169188267745, 30.976139144589595 ], [ 75.804580640265115, 30.977693480586687 ], [ 75.809196398256489, 30.974527352592609 ], [ 75.809082053256702, 30.972221363596915 ], [ 75.826553402224036, 30.950221952638053 ], [ 75.832611041212701, 30.939222341658621 ] ] } },
{ "type": "Feature", "properties": { "MED_DESCRI": "Without Median", "RTT_DESCRI": "Secondary Route", "F_CODE_DES": "Road", "ISO": "IND", "ISOCOUNTRY": "INDIA" }, "geometry": { "type": "LineString", "coordinates": [ [ 74.544495151621149, 31.01006596752616 ], [ 74.544502333621125, 31.010055572526177 ], [ 74.544776950620616, 31.009639772526953 ], [ 74.547111478616245, 31.003778504537912 ], [ 74.551307656608401, 30.993165965557758 ] ] } },
{ "type": "Feature", "properties": { "MED_DESCRI": "Without Median", "RTT_DESCRI": "Secondary Route", "F_CODE_DES": "Road", "ISO": "IND", "ISOCOUNTRY": "INDIA" }, "geometry": { "type": "LineString", "coordinates": [ [ 76.717636047557932, 31.043666765463335 ], [ 76.705307010580995, 31.047889781455439 ], [ 76.678497360631113, 31.036277810477152 ], [ 76.676445009634961, 31.036167056477353 ], [ 76.630668642720551, 31.033638047482086 ], [ 76.614135678751452, 31.029222440490344 ], [ 76.599807777778253, 31.025388764497507 ], [ 76.590080325796436, 31.018943864509559 ], [ 76.582885662809886, 31.012306184521968 ], [ 76.565551716842293, 30.99641600955168 ], [ 76.551391647868769, 30.990612008562529 ], [ 76.547637918875793, 30.990333611563052 ] ] } },
{ "type": "Feature", "properties": { "MED_DESCRI": "Without Median", "RTT_DESCRI": "Secondary Route", "F_CODE_DES": "Road", "ISO": "IND", "ISOCOUNTRY": "INDIA" }, "geometry": { "type": "LineString", "coordinates": [ [ 76.303390573332464, 31.058555618435499 ], [ 76.315666123309512, 31.048860485453623 ], [ 76.332000826278971, 31.039333373471436 ], [ 76.355613730234822, 31.025583245497145 ], [ 76.364502022218204, 31.021804757504206 ], [ 76.373527528201336, 31.01794424351143 ], [ 76.430969164093923, 31.007415809531111 ], [ 76.433525011089145, 31.006694774532463 ], [ 76.455055324048899, 31.000610297543837 ], [ 76.467025828026507, 30.995721812552979 ], [ 76.493583729976862, 30.981250838580031 ], [ 76.50619513295328, 30.978416405585335 ] ] } },
{ "type": "Feature", "properties": { "MED_DESCRI": "Without Median", "RTT_DESCRI": "Primary Route", "F_CODE_DES": "Road", "ISO": "IND", "ISOCOUNTRY": "INDIA" }, "geometry": { "type": "LineString", "coordinates": [ [ 77.109390332825456, 30.972888911595668 ], [ 77.107414337829155, 30.981056168580402 ], [ 77.102912924837568, 30.988889651565749 ], [ 77.094833363852672, 30.990333611563052 ], [ 77.090309081861136, 30.99813836654846 ], [ 77.090026904861659, 31.006389539533032 ], [ 77.092697096856668, 31.010639204525084 ], [ 77.098083407846602, 31.013444909519841 ], [ 77.103691037836114, 31.026695321495069 ], [ 77.103721655836054, 31.026777347494914 ], [ 77.10594183883191, 31.032054983485047 ], [ 77.106613166830655, 31.033611209482132 ], [ 77.116531319812111, 31.03683290347611 ], [ 77.130332855786307, 31.053583217444789 ], [ 77.133392387780589, 31.071638198411037 ], [ 77.136306767775139, 31.075500413403816 ], [ 77.136581384774615, 31.075861025403135 ], [ 77.136718787774356, 31.076055506402774 ], [ 77.138809127770458, 31.078805834397635 ], [ 77.138473463771078, 31.095777467365899 ], [ 77.144332841760132, 31.099027700359819 ], [ 77.149780199749941, 31.102056425354156 ], [ 77.16544338572065, 31.105806374347146 ] ] } },
{ "type": "Feature", "properties": { "MED_DESCRI": "Without Median", "RTT_DESCRI": "Secondary Route", "F_CODE_DES": "Road", "ISO": "IND", "ISOCOUNTRY": "INDIA" }, "geometry": { "type": "LineString", "coordinates": [ [ 74.54565334361898, 30.990496529562748 ], [ 74.548057612614485, 30.985195079572662 ], [ 74.548164397614286, 30.984972059573074 ], [ 74.548309360614013, 30.984666824573651 ], [ 74.551277227608466, 30.978111359585903 ], [ 74.55488580460171, 30.970138583600814 ], [ 74.558975197594066, 30.965722976609065 ], [ 74.560691884590852, 30.96386151561255 ], [ 74.564056462584574, 30.9602508596193 ], [ 74.574859702564368, 30.956582936626155 ], [ 74.575057963563992, 30.956527748626257 ], [ 74.581108042552685, 30.954444968630156 ], [ 74.582557672549981, 30.954471617630105 ], [ 74.591941900532433, 30.954694826629691 ], [ 74.594139025528321, 30.954750014629582 ], [ 74.602775569512175, 30.956777606625792 ], [ 74.604858349508277, 30.957267683624877 ] ] } },
{ "type": "Feature", "properties": { "MED_DESCRI": "Without Median", "RTT_DESCRI": "Secondary Route", "F_CODE_DES": "Road", "ISO": "IND", "ISOCOUNTRY": "INDIA" }, "geometry": { "type": "LineString", "coordinates": [ [ 77.262390179539395, 31.102693544352967 ], [ 77.264694278535089, 31.089250541378107 ], [ 77.265113858534292, 31.070444096413269 ], [ 77.263748144536848, 31.066694336420277 ], [ 77.249031092564366, 31.055665997440897 ], [ 77.239219724582711, 31.038444506473098 ], [ 77.225250167608834, 31.027889234492832 ], [ 77.22374723961164, 31.022527682502854 ], [ 77.225974982607482, 31.008861470528409 ], [ 77.221862720615164, 31.002471947540357 ], [ 77.213806217630236, 30.995195447553961 ], [ 77.212722869632259, 30.994638464555003 ], [ 77.206863491643205, 30.991666817560557 ], [ 77.196472082662638, 30.975082445591568 ], [ 77.201942498652414, 30.960638120618576 ], [ 77.194526705666277, 30.960056378619662 ], [ 77.191085771672718, 30.967916510604965 ], [ 77.178863519695568, 30.974666645592343 ], [ 77.174247761704194, 30.968721461603458 ], [ 77.169639563712806, 30.974222117593179 ], [ 77.163329987724609, 30.973249523594994 ], [ 77.157585143735346, 30.983749418575364 ], [ 77.161140422728707, 30.990360260563001 ], [ 77.160247775730369, 30.995805728552824 ], [ 77.159805326731203, 30.99586110555272 ], [ 77.156753543736897, 30.996333983551835 ], [ 77.143997177760752, 30.991750733560401 ], [ 77.143470812761734, 30.99155625256077 ], [ 77.13919071876974, 30.983777957575313 ], [ 77.128585739789571, 30.98347291157588 ], [ 77.126724278793048, 30.975110984591517 ], [ 77.121444752802915, 30.974445326592758 ], [ 77.121307349803175, 30.974416787592816 ], [ 77.109390332825456, 30.972888911595668 ] ] } },
{ "type": "Feature", "properties": { "MED_DESCRI": "Without Median", "RTT_DESCRI": "Secondary Route", "F_CODE_DES": "Road", "ISO": "IND", "ISOCOUNTRY": "INDIA" }, "geometry": { "type": "LineString", "coordinates": [ [ 74.989723206788682, 30.96613877660829 ], [ 75.000000081769471, 30.959638688620444 ], [ 75.028419444716334, 30.941638895654101 ], [ 75.085525605609561, 30.893611916743893 ], [ 75.092247012596985, 30.887027723756205 ], [ 75.097663941586859, 30.88172154876613 ], [ 75.101806632579112, 30.877695092773656 ], [ 75.164497365461898, 30.825527123871197 ], [ 75.166191183458736, 30.822000572877791 ] ] } },
{ "type": "Feature", "properties": { "MED_DESCRI": "Without Median", "RTT_DESCRI": "Secondary Route", "F_CODE_DES": "Road", "ISO": "IND", "ISOCOUNTRY": "INDIA" }, "geometry": { "type": "LineString", "coordinates": [ [ 74.604919396508166, 30.959304725621067 ], [ 74.605064359507892, 30.959268626621139 ], [ 74.60890200450072, 30.958330241622889 ] ] } },
{ "type": "Feature", "properties": { "MED_DESCRI": "Without Median", "RTT_DESCRI": "Secondary Route", "F_CODE_DES": "Road", "ISO": "IND", "ISOCOUNTRY": "INDIA" }, "geometry": { "type": "LineString", "coordinates": [ [ 74.864502013022815, 31.062139436428794 ], [ 74.782837003175501, 31.044166481462398 ], [ 74.747306893241941, 31.041416153467544 ], [ 74.733558655267643, 31.037471723474916 ], [ 74.72941596427539, 31.035333566478911 ], [ 74.703613306323632, 31.021917401503998 ], [ 74.671058623384496, 31.000722941543629 ], [ 74.659919719405323, 30.99505615455422 ], [ 74.638725259444954, 30.984306401574322 ], [ 74.625946024468846, 30.973611836594316 ], [ 74.611557076495757, 30.961584065616805 ], [ 74.60890200450072, 30.958330241622889 ] ] } },
{ "type": "Feature", "properties": { "MED_DESCRI": "Without Median", "RTT_DESCRI": "Secondary Route", "F_CODE_DES": "Road", "ISO": "IND", "ISOCOUNTRY": "INDIA" }, "geometry": { "type": "LineString", "coordinates": [ [ 74.604858349508277, 30.957267683624877 ], [ 74.607910132502568, 30.957988718623525 ], [ 74.608795219500919, 30.958196618623141 ], [ 74.60890200450072, 30.958330241622889 ] ] } },
{ "type": "Feature", "properties": { "MED_DESCRI": "Without Median", "RTT_DESCRI": "Secondary Route", "F_CODE_DES": "Road", "ISO": "IND", "ISOCOUNTRY": "INDIA" }, "geometry": { "type": "LineString", "coordinates": [ [ 78.869666966534197, 31.034166302481097 ], [ 78.871170083531396, 31.032361919484472 ], [ 78.88214115551088, 31.019138345509198 ], [ 78.892692647491145, 31.010110949526073 ], [ 78.907081595464248, 31.004222843537086 ], [ 78.920249981439625, 31.001943503541348 ], [ 78.936775196408732, 31.001167280542795 ], [ 78.943557650396045, 30.998416952547942 ], [ 78.947746268388215, 30.993389174557336 ], [ 78.948364298387062, 30.992639600558739 ], [ 78.942695621397661, 30.988971677565601 ], [ 78.935363744411362, 30.99194521456004 ], [ 78.928001438425127, 30.990278234563156 ], [ 78.917442386444876, 30.970193771600705 ], [ 78.913635170451997, 30.962917271614316 ], [ 78.913085936453015, 30.947082473643924 ] ] } },
{ "type": "Feature", "properties": { "MED_DESCRI": "Without Median", "RTT_DESCRI": "Secondary Route", "F_CODE_DES": "Road", "ISO": "IND", "ISOCOUNTRY": "INDIA" }, "geometry": { "type": "LineString", "coordinates": [ [ 75.234527535330969, 30.942138611653164 ], [ 75.235832202328524, 30.946611485644802 ], [ 75.249885486302247, 30.968584058603717 ], [ 75.28305819924023, 30.98919488656518 ], [ 75.293746905220232, 31.006471565532877 ], [ 75.310470570188969, 31.016860895513453 ], [ 75.311111469187765, 31.017833678511636 ], [ 75.315635751179315, 31.024694378498808 ], [ 75.316947978176856, 31.039388750471332 ], [ 75.317947410174995, 31.050306335450919 ], [ 75.338195736137124, 31.084194224387559 ], [ 75.3436661521269, 31.098194210361385 ], [ 75.344886714124627, 31.107194957344554 ], [ 75.347000112120668, 31.122833195315316 ], [ 75.350753841113644, 31.128889133303993 ] ] } },
{ "type": "Feature", "properties": { "MED_DESCRI": "Without Median", "RTT_DESCRI": "Secondary Route", "F_CODE_DES": "Road", "ISO": "IND", "ISOCOUNTRY": "INDIA" }, "geometry": { "type": "LineString", "coordinates": [ [ 74.60890200450072, 30.958330241622889 ], [ 74.613029386492997, 30.95731928062478 ], [ 74.616104038487251, 30.956733758625873 ], [ 74.616531367486459, 30.955610342627978 ], [ 74.634162988453483, 30.941722811653939 ] ] } },
{ "type": "Feature", "properties": { "MED_DESCRI": "Without Median", "RTT_DESCRI": "Secondary Route", "F_CODE_DES": "Road", "ISO": "IND", "ISOCOUNTRY": "INDIA" }, "geometry": { "type": "LineString", "coordinates": [ [ 75.138748194510043, 30.941305121654722 ], [ 75.180030897432857, 30.943027478651501 ], [ 75.213638310370015, 30.944416061648909 ], [ 75.234527535330969, 30.942138611653164 ] ] } },
{ "type": "Feature", "properties": { "MED_DESCRI": "Without Median", "RTT_DESCRI": "Secondary Route", "F_CODE_DES": "Road", "ISO": "IND", "ISOCOUNTRY": "INDIA" }, "geometry": { "type": "LineString", "coordinates": [ [ 75.138748194510043, 30.941305121654722 ], [ 75.093971259593772, 30.944889128648022 ], [ 75.058860729659415, 30.950695019637166 ], [ 75.003913893762146, 30.964695005610992 ], [ 75.000000081769471, 30.96508415661026 ], [ 74.995781034777352, 30.965528495609433 ], [ 74.989723206788682, 30.96613877660829 ] ] } },
{ "type": "Feature", "properties": { "MED_DESCRI": "Without Median", "RTT_DESCRI": "Secondary Route", "F_CODE_DES": "Road", "ISO": "IND", "ISOCOUNTRY": "INDIA" }, "geometry": { "type": "LineString", "coordinates": [ [ 78.701469440848683, 31.013334344520047 ], [ 78.689834600870441, 31.011083543524258 ], [ 78.665359478916201, 31.000499732544043 ], [ 78.656333972933083, 30.993305258557498 ], [ 78.650558510943881, 30.988695170566118 ], [ 78.636222860970676, 30.982416212577853 ], [ 78.629608238983053, 30.976667399588607 ], [ 78.618888915003097, 30.957416615624595 ], [ 78.60855874202241, 30.951528509635608 ], [ 78.597221388043607, 30.949722236638983 ], [ 78.595138608047506, 30.93891710665919 ], [ 78.592331013052743, 30.936445175663806 ], [ 78.587524365061739, 30.936500552663709 ], [ 78.581527773072949, 30.939472199658148 ], [ 78.5743331100864, 30.949972094638518 ], [ 78.566970804100166, 30.953138411632601 ], [ 78.552002004128155, 30.954833930629427 ], [ 78.545669559139995, 30.952611857633585 ], [ 78.544670127141856, 30.952249544634263 ], [ 78.529586793170068, 30.940889321655497 ], [ 78.520805286186487, 30.941000075655296 ] ] } },
{ "type": "Feature", "properties": { "MED_DESCRI": "Without Median", "RTT_DESCRI": "Secondary Route", "F_CODE_DES": "Road", "ISO": "IND", "ISOCOUNTRY": "INDIA" }, "geometry": { "type": "LineString", "coordinates": [ [ 74.644859254433484, 30.927999521679602 ], [ 74.645362939432545, 30.929056220677623 ], [ 74.645469724432346, 30.929306078677158 ], [ 74.649558928424696, 30.930360887675185 ], [ 74.675857522375523, 30.937084184662616 ], [ 74.721496675290197, 30.941139179655032 ], [ 74.721725554289762, 30.941194556654928 ], [ 74.758140562221683, 30.95236199963405 ], [ 74.767471303204232, 30.953388269632129 ], [ 74.786056429169491, 30.955415672628341 ], [ 74.788864213164231, 30.955722797627764 ], [ 74.838531523071367, 30.967556087605644 ], [ 74.868415825015489, 30.974695184592292 ], [ 74.883636561987032, 30.976028390589796 ], [ 74.929222038901798, 30.974527352592609 ], [ 74.943420474875253, 30.974056175593489 ], [ 74.980697700805564, 30.968915942603097 ], [ 74.989723206788682, 30.96613877660829 ] ] } },
{ "type": "Feature", "properties": { "MED_DESCRI": "Without Median", "RTT_DESCRI": "Secondary Route", "F_CODE_DES": "Road", "ISO": "IND", "ISOCOUNTRY": "INDIA" }, "geometry": { "type": "LineString", "coordinates": [ [ 74.644859254433484, 30.927999521679602 ], [ 74.640083224442421, 30.935167346666198 ], [ 74.637390163447449, 30.939193802658671 ], [ 74.634162988453483, 30.941722811653939 ] ] } },
{ "type": "Feature", "properties": { "MED_DESCRI": "Without Median", "RTT_DESCRI": "Secondary Route", "F_CODE_DES": "Road", "ISO": "IND", "ISOCOUNTRY": "INDIA" }, "geometry": { "type": "LineString", "coordinates": [ [ 75.234527535330969, 30.942138611653164 ], [ 75.297637848212958, 30.926527022682357 ], [ 75.31647491117775, 30.925638155684013 ], [ 75.377670276063327, 30.932332913671502 ], [ 75.384109506051288, 30.93305583867015 ], [ 75.416053718991563, 30.933721496668902 ], [ 75.47074880688929, 30.931722632672638 ] ] } },
{ "type": "Feature", "properties": { "MED_DESCRI": "Without Median", "RTT_DESCRI": "Secondary Route", "F_CODE_DES": "Road", "ISO": "IND", "ISOCOUNTRY": "INDIA" }, "geometry": { "type": "LineString", "coordinates": [ [ 74.64074699244118, 30.919500380695489 ], [ 74.641914445438999, 30.921943583690926 ], [ 74.642524726437856, 30.923166224688636 ], [ 74.644859254433484, 30.927999521679602 ] ] } },
{ "type": "Feature", "properties": { "MED_DESCRI": "Without Median", "RTT_DESCRI": "Secondary Route", "F_CODE_DES": "Road", "ISO": "IND", "ISOCOUNTRY": "INDIA" }, "geometry": { "type": "LineString", "coordinates": [ [ 74.64074699244118, 30.919500380695489 ], [ 74.642524726437856, 30.918556136697255 ], [ 74.642829961437286, 30.918417032697519 ], [ 74.685554545357405, 30.896028470739381 ], [ 74.726638798280575, 30.874500236779632 ], [ 74.771613994196485, 30.86780547879215 ], [ 74.778335590183929, 30.866806046794018 ], [ 74.816223097113081, 30.861165908804566 ], [ 74.82585907309506, 30.85972213780726 ], [ 74.915580774927307, 30.846332621832296 ], [ 74.9291687409019, 30.844305029836086 ] ] } },
{ "type": "Feature", "properties": { "MED_DESCRI": "Without Median", "RTT_DESCRI": "Secondary Route", "F_CODE_DES": "Road", "ISO": "IND", "ISOCOUNTRY": "INDIA" }, "geometry": { "type": "LineString", "coordinates": [ [ 75.47074880688929, 30.931722632672638 ], [ 75.541610765756801, 30.934110647668177 ], [ 75.570556682702673, 30.938083616660748 ], [ 75.596664386653856, 30.93938828365831 ], [ 75.616470263616833, 30.938138993660644 ], [ 75.659774699535859, 30.935388476665786 ], [ 75.732475250399929, 30.92638961968261 ], [ 75.736473167392461, 30.925666883683959 ], [ 75.787002506297981, 30.918138446698038 ] ] } },
{ "type": "Feature", "properties": { "MED_DESCRI": "Unknown", "RTT_DESCRI": "Unknown", "F_CODE_DES": "Road", "ISO": "IND", "ISOCOUNTRY": "INDIA" }, "geometry": { "type": "LineString", "coordinates": [ [ 74.621314957477509, 30.917007470700156 ], [ 74.627029372466822, 30.926666315682091 ], [ 74.632247851457066, 30.92394452668718 ], [ 74.64074699244118, 30.919500380695489 ] ] } },
{ "type": "Feature", "properties": { "MED_DESCRI": "Without Median", "RTT_DESCRI": "Secondary Route", "F_CODE_DES": "Road", "ISO": "IND", "ISOCOUNTRY": "INDIA" }, "geometry": { "type": "LineString", "coordinates": [ [ 74.621314957477509, 30.917007470700156 ], [ 74.618072473483579, 30.920122190694329 ] ] } },
{ "type": "Feature", "properties": { "MED_DESCRI": "Without Median", "RTT_DESCRI": "Secondary Route", "F_CODE_DES": "Road", "ISO": "IND", "ISOCOUNTRY": "INDIA" }, "geometry": { "type": "LineString", "coordinates": [ [ 74.604858349508277, 30.957267683624877 ], [ 74.604843229508305, 30.957172427625054 ], [ 74.603530813510758, 30.955419452628334 ], [ 74.601943969513727, 30.952249544634263 ], [ 74.583778423547699, 30.929138246677475 ], [ 74.566223158580513, 30.915721892702557 ], [ 74.560417267591376, 30.912138074709254 ], [ 74.559028684593969, 30.911275856710873 ], [ 74.558586046594797, 30.910999349711389 ], [ 74.558219953595483, 30.910778030711803 ], [ 74.555885236599849, 30.909334259714498 ], [ 74.541137755627418, 30.900194219731588 ], [ 74.539192189631052, 30.89963912673263 ], [ 74.537864653633534, 30.899249975733355 ], [ 74.529586831649013, 30.89688879873777 ], [ 74.511970519681952, 30.882278531765088 ], [ 74.494079590715401, 30.869972174788096 ], [ 74.489280691724375, 30.866693402794226 ], [ 74.42669674384139, 30.808944641902201 ], [ 74.402305537887003, 30.77297208296946 ], [ 74.398498510894115, 30.767389211979904 ], [ 74.373275704941278, 30.746610552018751 ], [ 74.342857288998147, 30.721555767065595 ], [ 74.320861847039282, 30.694665981115875 ], [ 74.305832000067383, 30.679138119144909 ], [ 74.269500719135308, 30.641582496215129 ], [ 74.261222897150788, 30.606750552280253 ], [ 74.261085494151047, 30.606166920281346 ] ] } },
{ "type": "Feature", "properties": { "MED_DESCRI": "Unknown", "RTT_DESCRI": "Unknown", "F_CODE_DES": "Road", "ISO": "IND", "ISOCOUNTRY": "INDIA" }, "geometry": { "type": "LineString", "coordinates": [ [ 75.853637669173395, 30.903417614725562 ], [ 75.866554307149244, 30.906888977719071 ], [ 75.87596896413163, 30.907167374718554 ], [ 75.887885981109349, 30.904750820723066 ], [ 75.912307805063691, 30.897027902737513 ], [ 75.933891227023338, 30.888139799754128 ], [ 75.956024260981948, 30.874860848778958 ], [ 75.978691030939572, 30.866388356794801 ], [ 76.010498029880097, 30.862667135801757 ], [ 76.020973165860511, 30.86144449480404 ], [ 76.04377752781788, 30.855693791814794 ], [ 76.10424807770481, 30.848749175827777 ], [ 76.120918255673644, 30.846834227831359 ] ] } },
{ "type": "Feature", "properties": { "MED_DESCRI": "Unknown", "RTT_DESCRI": "Unknown", "F_CODE_DES": "Road", "ISO": "IND", "ISOCOUNTRY": "INDIA" }, "geometry": { "type": "LineString", "coordinates": [ [ 75.853637669173395, 30.903417614725562 ], [ 75.846054044187568, 30.911832839709831 ], [ 75.842750513193749, 30.920805047693051 ], [ 75.839057831200648, 30.927499805680533 ], [ 75.832611041212701, 30.939222341658621 ] ] } },
{ "type": "Feature", "properties": { "MED_DESCRI": "Unknown", "RTT_DESCRI": "Unknown", "F_CODE_DES": "Road", "ISO": "IND", "ISOCOUNTRY": "INDIA" }, "geometry": { "type": "LineString", "coordinates": [ [ 75.849639941180868, 30.902334266727586 ], [ 75.850334138179562, 30.902526857727231 ], [ 75.853637669173395, 30.903417614725562 ] ] } },
{ "type": "Feature", "properties": { "MED_DESCRI": "Unknown", "RTT_DESCRI": "Unknown", "F_CODE_DES": "Road", "ISO": "IND", "ISOCOUNTRY": "INDIA" }, "geometry": { "type": "LineString", "coordinates": [ [ 75.849639941180868, 30.902334266727586 ], [ 75.830612177216437, 30.9115276047104 ], [ 75.820579490235204, 30.913110668707439 ], [ 75.816947855241992, 30.913665761706405 ], [ 75.813774167247928, 30.914138828705518 ], [ 75.787002506297981, 30.918138446698038 ] ] } },
{ "type": "Feature", "properties": { "MED_DESCRI": "Unknown", "RTT_DESCRI": "Unknown", "F_CODE_DES": "Road", "ISO": "IND", "ISOCOUNTRY": "INDIA" }, "geometry": { "type": "LineString", "coordinates": [ [ 75.853637669173395, 30.903417614725562 ], [ 75.863693225154591, 30.894388139742446 ], [ 75.870330716142178, 30.888389657753663 ], [ 75.877418594128926, 30.885250178759534 ], [ 75.899558999087532, 30.873027737782387 ], [ 75.976753213943198, 30.830444336862001 ], [ 75.998969974901655, 30.815444918890051 ], [ 76.022445664857756, 30.799612010919653 ], [ 76.033584568836929, 30.792083762933729 ] ] } },
{ "type": "Feature", "properties": { "MED_DESCRI": "Unknown", "RTT_DESCRI": "Unknown", "F_CODE_DES": "Road", "ISO": "IND", "ISOCOUNTRY": "INDIA" }, "geometry": { "type": "LineString", "coordinates": [ [ 75.852058385176335, 30.893362058744366 ], [ 75.851608187177177, 30.896028470739381 ], [ 75.852218657176039, 30.898222004735274 ], [ 75.852470405175566, 30.899139410733561 ], [ 75.853637669173395, 30.903417614725562 ] ] } },
{ "type": "Feature", "properties": { "MED_DESCRI": "Without Median", "RTT_DESCRI": "Secondary Route", "F_CODE_DES": "Road", "ISO": "IND", "ISOCOUNTRY": "INDIA" }, "geometry": { "type": "LineString", "coordinates": [ [ 77.667999298781012, 30.890638379749454 ], [ 77.675140474767659, 30.900138842731693 ], [ 77.675834671766353, 30.91049963371232 ], [ 77.669555713778095, 30.930860603674255 ], [ 77.67411042476958, 30.951973037634779 ], [ 77.67136387677472, 30.958026896623458 ], [ 77.667030295782823, 30.959222699621222 ], [ 77.65280917980941, 30.952611857633585 ], [ 77.647697485818966, 30.953056385632749 ], [ 77.632774423846868, 30.975334193591095 ], [ 77.635780279841242, 30.982166354578325 ], [ 77.636970601839025, 30.984945221573128 ], [ 77.636970601839025, 30.993444362557234 ], [ 77.641052245831389, 31.005333029535009 ], [ 77.636306833840266, 31.017749762511791 ], [ 77.640052813833265, 31.047750488455698 ], [ 77.643997243825879, 31.052972747445935 ], [ 77.650276201814151, 31.054639727442819 ], [ 77.654502808806242, 31.059638966433468 ], [ 77.655975307803487, 31.070499473413165 ], [ 77.653777993807594, 31.075916213403033 ], [ 77.640052813833265, 31.086750071382781 ], [ 77.639999326833362, 31.092027707372914 ], [ 77.640891973831685, 31.094833412367663 ], [ 77.641136161831241, 31.095527609366364 ], [ 77.659942606796065, 31.108667456341799 ] ] } },
{ "type": "Feature", "properties": { "MED_DESCRI": "Unknown", "RTT_DESCRI": "Unknown", "F_CODE_DES": "Road", "ISO": "IND", "ISOCOUNTRY": "INDIA" }, "geometry": { "type": "LineString", "coordinates": [ [ 75.849639941180868, 30.902334266727586 ], [ 75.831749012214317, 30.897499079736626 ], [ 75.816718976242413, 30.895139603741043 ], [ 75.796417163280381, 30.888055883754284 ], [ 75.794281085284368, 30.887306120755689 ], [ 75.787025375297929, 30.884777111760414 ] ] } },
{ "type": "Feature", "properties": { "MED_DESCRI": "Without Median", "RTT_DESCRI": "Primary Route", "F_CODE_DES": "Road", "ISO": "IND", "ISOCOUNTRY": "INDIA" }, "geometry": { "type": "LineString", "coordinates": [ [ 77.054885945927367, 30.886638572756937 ], [ 77.058609056920403, 30.890499086749713 ], [ 77.066497727905656, 30.892026962746861 ], [ 77.06830589090228, 30.896943986737668 ], [ 77.083610543873661, 30.894721913741819 ], [ 77.086776671867739, 30.907028270718811 ], [ 77.102973971837457, 30.912000671709514 ], [ 77.103225719836985, 30.912082697709359 ], [ 77.106330800831174, 30.913055480707541 ], [ 77.108329853827442, 30.915222176703494 ], [ 77.103836000835841, 30.922582592689729 ], [ 77.127723710791187, 30.927888956679809 ], [ 77.1333313407807, 30.935277911665992 ], [ 77.132698001781876, 30.941194556654928 ], [ 77.119697636806194, 30.955165814628806 ], [ 77.119224569807074, 30.955694258627815 ], [ 77.112586889819482, 30.959499395620703 ], [ 77.110138016824067, 30.969749432601539 ], [ 77.110054100824215, 30.970138583600814 ], [ 77.109748865824784, 30.971361224598525 ], [ 77.109390332825456, 30.972888911595668 ] ] } },
{ "type": "Feature", "properties": { "MED_DESCRI": "Without Median", "RTT_DESCRI": "Secondary Route", "F_CODE_DES": "Road", "ISO": "IND", "ISOCOUNTRY": "INDIA" }, "geometry": { "type": "LineString", "coordinates": [ [ 77.054885945927367, 30.886638572756937 ], [ 77.055419870926372, 30.883943621761972 ], [ 77.057304389922848, 30.874111085780356 ], [ 77.095054682852265, 30.842472107839512 ], [ 77.102859437837665, 30.832750325857695 ], [ 77.108306795827488, 30.810972233898411 ], [ 77.130752624785515, 30.788888906939704 ], [ 77.134918184777732, 30.786222494944688 ], [ 77.141860910764748, 30.781833725952893 ], [ 77.149139489751136, 30.759916340993875 ], [ 77.152641281744593, 30.755027856003011 ], [ 77.164642403722155, 30.750333852011792 ], [ 77.171447726709431, 30.731611323046792 ], [ 77.194885238665606, 30.71047205108632 ], [ 77.195968586663582, 30.701583948102936 ], [ 77.210250938636875, 30.690555609123557 ], [ 77.211975185633648, 30.686471886131194 ], [ 77.212448063632763, 30.685388538133218 ], [ 77.204025278648515, 30.684055332135713 ], [ 77.197807367660147, 30.677999583147034 ], [ 77.198608349658642, 30.66933242116324 ], [ 77.207275322642445, 30.662639553175758 ], [ 77.280029360506404, 30.625249872245661 ], [ 77.29936217047026, 30.620056152255373 ], [ 77.304611267460444, 30.618639030258024 ], [ 77.306083766457689, 30.616167099262647 ], [ 77.30016334146876, 30.613138185268312 ], [ 77.299942022469182, 30.608528097276931 ], [ 77.290664579486531, 30.60855474627688 ], [ 77.29922476747052, 30.59494391130233 ], [ 77.300636219467876, 30.589500333312508 ], [ 77.29430396347972, 30.576555345336708 ], [ 77.297302259474108, 30.570972474347151 ], [ 77.290832600486212, 30.564472197359301 ], [ 77.295387311477697, 30.559610361368392 ], [ 77.279808041506826, 30.546249384393377 ] ] } },
{ "type": "Feature", "properties": { "MED_DESCRI": "Without Median", "RTT_DESCRI": "Secondary Route", "F_CODE_DES": "Road", "ISO": "IND", "ISOCOUNTRY": "INDIA" }, "geometry": { "type": "LineString", "coordinates": [ [ 75.751747202363902, 30.872499482783368 ], [ 75.787025375297929, 30.884777111760414 ] ] } },
{ "type": "Feature", "properties": { "MED_DESCRI": "Unknown", "RTT_DESCRI": "Unknown", "F_CODE_DES": "Road", "ISO": "IND", "ISOCOUNTRY": "INDIA" }, "geometry": { "type": "LineString", "coordinates": [ [ 75.751747202363902, 30.872499482783368 ], [ 75.743331977379626, 30.869556374788871 ] ] } },
{ "type": "Feature", "properties": { "MED_DESCRI": "Without Median", "RTT_DESCRI": "Secondary Route", "F_CODE_DES": "Road", "ISO": "IND", "ISOCOUNTRY": "INDIA" }, "geometry": { "type": "LineString", "coordinates": [ [ 74.989723206788682, 30.96613877660829 ], [ 74.960357709843592, 30.930860603674255 ], [ 74.945358291871628, 30.898332569735068 ], [ 74.93505854789089, 30.863832509799579 ], [ 74.935775802889552, 30.861665813803626 ], [ 74.936859150887528, 30.858360203809809 ], [ 74.939331081882898, 30.850694741824142 ], [ 74.939750661882115, 30.849472100826425 ], [ 74.938362078884708, 30.843221681838116 ] ] } },
{ "type": "Feature", "properties": { "MED_DESCRI": "Without Median", "RTT_DESCRI": "Secondary Route", "F_CODE_DES": "Road", "ISO": "IND", "ISOCOUNTRY": "INDIA" }, "geometry": { "type": "LineString", "coordinates": [ [ 75.190719603412873, 30.857026997812298 ], [ 75.220558167357083, 30.876527828775842 ], [ 75.231391836336826, 30.886693949756832 ], [ 75.237808197324824, 30.898639694734499 ], [ 75.239028948322542, 30.905332562721981 ], [ 75.239250267322134, 30.906610580719594 ], [ 75.232635456334506, 30.935722439665163 ], [ 75.234527535330969, 30.942138611653164 ] ] } },
{ "type": "Feature", "properties": { "MED_DESCRI": "Without Median", "RTT_DESCRI": "Secondary Route", "F_CODE_DES": "Road", "ISO": "IND", "ISOCOUNTRY": "INDIA" }, "geometry": { "type": "LineString", "coordinates": [ [ 75.138748194510043, 30.941305121654722 ], [ 75.152114841485059, 30.919639673695229 ], [ 75.190719603412873, 30.857026997812298 ] ] } },
{ "type": "Feature", "properties": { "MED_DESCRI": "Without Median", "RTT_DESCRI": "Secondary Route", "F_CODE_DES": "Road", "ISO": "IND", "ISOCOUNTRY": "INDIA" }, "geometry": { "type": "LineString", "coordinates": [ [ 75.675804167505888, 30.848777714827726 ], [ 75.727859492408555, 30.864166283798951 ], [ 75.743331977379626, 30.869556374788871 ] ] } },
{ "type": "Feature", "properties": { "MED_DESCRI": "Without Median", "RTT_DESCRI": "Secondary Route", "F_CODE_DES": "Road", "ISO": "IND", "ISOCOUNTRY": "INDIA" }, "geometry": { "type": "LineString", "coordinates": [ [ 76.120918255673644, 30.846834227831359 ], [ 76.203361567519494, 30.885528575759011 ], [ 76.255607593421814, 30.88400069976187 ], [ 76.362114007222672, 30.880806032767843 ], [ 76.386497464177083, 30.893278142744521 ], [ 76.397468536156566, 30.895416299740525 ], [ 76.404807973142852, 30.896833421737874 ], [ 76.450691314057053, 30.899415917733045 ], [ 76.470443704020127, 30.904750820723066 ], [ 76.486030533990984, 30.912082697709359 ], [ 76.510169991945844, 30.931833197672432 ], [ 76.524887043918326, 30.943860968649943 ] ] } },
{ "type": "Feature", "properties": { "MED_DESCRI": "Unknown", "RTT_DESCRI": "Unknown", "F_CODE_DES": "Road", "ISO": "IND", "ISOCOUNTRY": "INDIA" }, "geometry": { "type": "LineString", "coordinates": [ [ 75.852058385176335, 30.893362058744366 ], [ 75.853027388174525, 30.887472062755378 ], [ 75.858329783164621, 30.877166837774645 ], [ 75.857749931165699, 30.873556181781396 ], [ 75.860137946161231, 30.846221867832504 ] ] } },
{ "type": "Feature", "properties": { "MED_DESCRI": "Without Median", "RTT_DESCRI": "Secondary Route", "F_CODE_DES": "Road", "ISO": "IND", "ISOCOUNTRY": "INDIA" }, "geometry": { "type": "LineString", "coordinates": [ [ 74.9291687409019, 30.844305029836086 ], [ 74.93177788589702, 30.843889229836869 ], [ 74.938362078884708, 30.843221681838116 ] ] } },
{ "type": "Feature", "properties": { "MED_DESCRI": "Unknown", "RTT_DESCRI": "Unknown", "F_CODE_DES": "Road", "ISO": "IND", "ISOCOUNTRY": "INDIA" }, "geometry": { "type": "LineString", "coordinates": [ [ 74.938362078884708, 30.843221681838116 ], [ 74.940193110881296, 30.843027200838478 ], [ 75.000000081769471, 30.837472868848863 ], [ 75.019722042732596, 30.835638056852289 ], [ 75.041778531691349, 30.833610464856086 ], [ 75.085441500609718, 30.829555469863664 ], [ 75.166191183458736, 30.822000572877791 ] ] } },
{ "type": "Feature", "properties": { "MED_DESCRI": "Without Median", "RTT_DESCRI": "Secondary Route", "F_CODE_DES": "Road", "ISO": "IND", "ISOCOUNTRY": "INDIA" }, "geometry": { "type": "LineString", "coordinates": [ [ 79.816108656764598, 30.832111316858885 ], [ 79.815002439766673, 30.838861451846263 ], [ 79.81913757075894, 30.848167433828863 ], [ 79.834335249730529, 30.866500811794587 ], [ 79.83464048472996, 30.867027365793604 ], [ 79.844802825710957, 30.884027537761817 ], [ 79.853584332694538, 30.910194398712889 ], [ 79.853805462694126, 30.937499984661841 ], [ 79.85871889568493, 30.949249358639868 ], [ 79.859169093684088, 30.950277329637949 ], [ 79.867054740669346, 30.957880232623729 ] ] } },
{ "type": "Feature", "properties": { "MED_DESCRI": "Without Median", "RTT_DESCRI": "Secondary Route", "F_CODE_DES": "Road", "ISO": "IND", "ISOCOUNTRY": "INDIA" }, "geometry": { "type": "LineString", "coordinates": [ [ 75.166191183458736, 30.822000572877791 ], [ 75.168113691455133, 30.821832740878108 ], [ 75.172386225447156, 30.821388212878936 ] ] } },
{ "type": "Feature", "properties": { "MED_DESCRI": "Unknown", "RTT_DESCRI": "Unknown", "F_CODE_DES": "Road", "ISO": "IND", "ISOCOUNTRY": "INDIA" }, "geometry": { "type": "LineString", "coordinates": [ [ 75.172386225447156, 30.821388212878936 ], [ 75.172554057446831, 30.822250430877325 ], [ 75.180809010431403, 30.845138519834528 ], [ 75.190719603412873, 30.857026997812298 ] ] } },
{ "type": "Feature", "properties": { "MED_DESCRI": "Unknown", "RTT_DESCRI": "Unknown", "F_CODE_DES": "Road", "ISO": "IND", "ISOCOUNTRY": "INDIA" }, "geometry": { "type": "LineString", "coordinates": [ [ 75.172386225447156, 30.821388212878936 ], [ 75.181915227429329, 30.82047269688065 ] ] } },
{ "type": "Feature", "properties": { "MED_DESCRI": "Without Median", "RTT_DESCRI": "Secondary Route", "F_CODE_DES": "Road", "ISO": "IND", "ISOCOUNTRY": "INDIA" }, "geometry": { "type": "LineString", "coordinates": [ [ 75.190719603412873, 30.857026997812298 ], [ 75.217498824362806, 30.816972794887192 ] ] } },
{ "type": "Feature", "properties": { "MED_DESCRI": "Without Median", "RTT_DESCRI": "Secondary Route", "F_CODE_DES": "Road", "ISO": "IND", "ISOCOUNTRY": "INDIA" }, "geometry": { "type": "LineString", "coordinates": [ [ 75.217498824362806, 30.816972794887192 ], [ 75.181915227429329, 30.82047269688065 ] ] } },
{ "type": "Feature", "properties": { "MED_DESCRI": "Without Median", "RTT_DESCRI": "Secondary Route", "F_CODE_DES": "Road", "ISO": "IND", "ISOCOUNTRY": "INDIA" }, "geometry": { "type": "LineString", "coordinates": [ [ 75.217498824362806, 30.816972794887192 ], [ 75.221946750354491, 30.810388601899504 ], [ 75.227996829343169, 30.801389744916328 ], [ 75.245056158311272, 30.776056373963698 ], [ 75.2470245933076, 30.773111375969201 ], [ 75.255752613291278, 30.755138421002805 ], [ 75.272247399260436, 30.729084015051519 ], [ 75.27672575425207, 30.722055483064665 ], [ 75.283996584238466, 30.705110499096342 ], [ 75.292335453222876, 30.685638396132752 ], [ 75.296554500214995, 30.675722133151297 ], [ 75.30094137920679, 30.667222992167183 ], [ 75.310752936188436, 30.648250605202655 ], [ 75.319862358171406, 30.630611424235639 ], [ 75.335945124141332, 30.606637908280462 ], [ 75.349029594116871, 30.593194905305594 ], [ 75.36502844408696, 30.576723177336397 ], [ 75.36827848808089, 30.573360489342683 ], [ 75.376724331065091, 30.556083621374988 ], [ 75.382919373053511, 30.535888593412743 ], [ 75.381836025055534, 30.532110294419809 ] ] } },
{ "type": "Feature", "properties": { "MED_DESCRI": "Without Median", "RTT_DESCRI": "Secondary Route", "F_CODE_DES": "Road", "ISO": "IND", "ISOCOUNTRY": "INDIA" }, "geometry": { "type": "LineString", "coordinates": [ [ 75.47074880688929, 30.931722632672638 ], [ 75.471496490887887, 30.844554887835621 ], [ 75.474777152881757, 30.808639595902775 ] ] } },
{ "type": "Feature", "properties": { "MED_DESCRI": "Without Median", "RTT_DESCRI": "Secondary Route", "F_CODE_DES": "Road", "ISO": "IND", "ISOCOUNTRY": "INDIA" }, "geometry": { "type": "LineString", "coordinates": [ [ 75.217498824362806, 30.816972794887192 ], [ 75.26694481527035, 30.81208412089633 ], [ 75.363166794090446, 30.809499734901166 ], [ 75.391357467037736, 30.808750160902569 ], [ 75.474777152881757, 30.808639595902775 ] ] } },
{ "type": "Feature", "properties": { "MED_DESCRI": "Without Median", "RTT_DESCRI": "Secondary Route", "F_CODE_DES": "Road", "ISO": "IND", "ISOCOUNTRY": "INDIA" }, "geometry": { "type": "LineString", "coordinates": [ [ 75.474777152881757, 30.808639595902775 ], [ 75.494941751844053, 30.80858421890288 ], [ 75.606971690634595, 30.827554715867407 ], [ 75.618026678613916, 30.830944052861071 ], [ 75.675804167505888, 30.848777714827726 ] ] } },
{ "type": "Feature", "properties": { "MED_DESCRI": "Without Median", "RTT_DESCRI": "Secondary Route", "F_CODE_DES": "Road", "ISO": "IND", "ISOCOUNTRY": "INDIA" }, "geometry": { "type": "LineString", "coordinates": [ [ 76.717636047557932, 31.043666765463335 ], [ 76.716468783560117, 31.038917573472212 ], [ 76.71233365256785, 31.036582856476578 ], [ 76.711975119568521, 31.030611023487744 ], [ 76.724998542544171, 31.013055758520565 ], [ 76.766136093467253, 30.963611657613015 ], [ 76.785888672430318, 30.939861350657424 ], [ 76.793640129415834, 30.930528719674875 ], [ 76.802474934399314, 30.926889335681679 ], [ 76.802719122398855, 30.926555561682299 ], [ 76.812080292381353, 30.914583167704684 ], [ 76.830558822346802, 30.890943614748885 ], [ 76.840835508327586, 30.885194801759631 ], [ 76.845611538318664, 30.880611362768207 ], [ 76.857475257296471, 30.857805299810849 ], [ 76.870224063272644, 30.84458342683557 ], [ 76.872169440269005, 30.841138901842008 ], [ 76.878417969257313, 30.830139101862571 ], [ 76.88385776724715, 30.820528073880546 ], [ 76.892501871230991, 30.810027989900178 ], [ 76.897277901222054, 30.801555686916018 ], [ 76.899749832217438, 30.800556254917886 ], [ 76.91155250419537, 30.795749606926876 ], [ 76.914665145189545, 30.792583478932791 ] ] } },
{ "type": "Feature", "properties": { "MED_DESCRI": "Without Median", "RTT_DESCRI": "Secondary Route", "F_CODE_DES": "Road", "ISO": "IND", "ISOCOUNTRY": "INDIA" }, "geometry": { "type": "LineString", "coordinates": [ [ 78.240386931710788, 30.800277668918405 ], [ 78.236190753718631, 30.810943694898462 ], [ 78.238388067714524, 30.814472135891869 ], [ 78.248802156695064, 30.808694783902666 ], [ 78.251136873690697, 30.814306193892179 ], [ 78.245780991700713, 30.822416372877015 ], [ 78.245361411701495, 30.823028543875871 ], [ 78.247108527698231, 30.839389706845274 ], [ 78.248581026695476, 30.842277437839876 ], [ 78.24974829069329, 30.844554887835621 ], [ 78.26132964367163, 30.84180644984076 ], [ 78.264556818665596, 30.845832905833234 ], [ 78.264526389665662, 30.85111054182336 ], [ 78.258361776677191, 30.861665813803626 ], [ 78.256080546681446, 30.869583212788825 ], [ 78.249862635693077, 30.871389296785445 ], [ 78.246414141699518, 30.87586028077709 ], [ 78.246109095700092, 30.886333526757504 ], [ 78.245803860700661, 30.896472998738545 ], [ 78.231582555727257, 30.91791731669845 ], [ 78.223358220742625, 30.927221219681059 ], [ 78.223915014741593, 30.931833197672432 ], [ 78.234664956721488, 30.943750403650149 ], [ 78.234527553721747, 30.951555158635557 ], [ 78.230308506729642, 30.960332885619145 ], [ 78.233497692723674, 30.974695184592292 ], [ 78.244026126703986, 30.991193750561443 ], [ 78.242080749707625, 30.997528085549604 ], [ 78.242530758706778, 30.999971477545031 ], [ 78.24372108070456, 31.006332461533141 ], [ 78.237083400716969, 31.019443580508621 ], [ 78.236557035717951, 31.020471551506702 ], [ 78.235496556719937, 31.034666018480159 ], [ 78.248886072694901, 31.057249061437936 ], [ 78.252502398688137, 31.076415929402103 ] ] } },
{ "type": "Feature", "properties": { "MED_DESCRI": "Without Median", "RTT_DESCRI": "Secondary Route", "F_CODE_DES": "Road", "ISO": "IND", "ISOCOUNTRY": "INDIA" }, "geometry": { "type": "LineString", "coordinates": [ [ 75.474777152881757, 30.808639595902775 ], [ 75.475692668880043, 30.802000025915184 ], [ 75.476554886878432, 30.795833522926713 ], [ 75.477218654877191, 30.791139518935495 ], [ 75.477302570877043, 30.790445321936794 ], [ 75.486831572859217, 30.770000435975021 ], [ 75.488609306855892, 30.767026898980575 ], [ 75.49047095685242, 30.763944686986342 ], [ 75.508529717818647, 30.73402787704228 ], [ 75.518775974799496, 30.707277384092293 ], [ 75.535308749768575, 30.664222806172795 ], [ 75.541946429756166, 30.653862015192168 ], [ 75.553611698734358, 30.648389898202396 ], [ 75.586585961672711, 30.644611410209464 ], [ 75.599777216648036, 30.640693629216784 ] ] } },
{ "type": "Feature", "properties": { "MED_DESCRI": "Without Median", "RTT_DESCRI": "Secondary Route", "F_CODE_DES": "Road", "ISO": "IND", "ISOCOUNTRY": "INDIA" }, "geometry": { "type": "LineString", "coordinates": [ [ 78.141502320895682, 30.793306403931439 ], [ 78.142806987893238, 30.79880516992116 ], [ 78.147941550883644, 30.802000025915184 ], [ 78.160362252860423, 30.803194127912953 ], [ 78.169219926843851, 30.798694604921366 ], [ 78.175414968832271, 30.795555125927237 ], [ 78.182357694819288, 30.794721635928795 ], [ 78.199722258786821, 30.80255511891415 ], [ 78.209747385768082, 30.804111533911239 ], [ 78.217056204754414, 30.811056149898256 ], [ 78.222915582743454, 30.810611810899083 ], [ 78.23458104072165, 30.801694790915761 ], [ 78.240386931710788, 30.800277668918405 ] ] } },
{ "type": "Feature", "properties": { "MED_DESCRI": "Without Median", "RTT_DESCRI": "Secondary Route", "F_CODE_DES": "Road", "ISO": "IND", "ISOCOUNTRY": "INDIA" }, "geometry": { "type": "LineString", "coordinates": [ [ 78.043777414078406, 31.017389339512462 ], [ 78.069694606029941, 30.99586110555272 ], [ 78.082832374005378, 30.975305465591148 ], [ 78.089805528992343, 30.969638867601745 ], [ 78.092613312987083, 30.964055996612181 ], [ 78.096725385979397, 30.955917278627403 ], [ 78.107391411959455, 30.941223095654877 ], [ 78.108558675957283, 30.934833572666825 ], [ 78.103225662967247, 30.923416082688171 ], [ 78.100250235972808, 30.917055098700061 ], [ 78.100555470972239, 30.91169354671009 ], [ 78.10083008797173, 30.906528554719749 ], [ 78.098556606975976, 30.899999549731952 ], [ 78.099639954973952, 30.890417060749868 ], [ 78.094558689983458, 30.876888251775163 ], [ 78.086639400998266, 30.866443544794691 ], [ 78.087303168997025, 30.85958284480752 ], [ 78.09430694198393, 30.848417291828397 ], [ 78.097442640978059, 30.839805695844497 ], [ 78.10083008797173, 30.836526923850627 ], [ 78.104057262965696, 30.835721972852134 ], [ 78.109970127954639, 30.815555483889838 ], [ 78.121139460933748, 30.801555686916018 ], [ 78.124664310927159, 30.798889085921004 ], [ 78.13030236991662, 30.794611070929001 ], [ 78.141502320895682, 30.793306403931439 ] ] } },
{ "type": "Feature", "properties": { "MED_DESCRI": "Unknown", "RTT_DESCRI": "Unknown", "F_CODE_DES": "Road", "ISO": "IND", "ISOCOUNTRY": "INDIA" }, "geometry": { "type": "LineString", "coordinates": [ [ 76.914665145189545, 30.792583478932791 ], [ 76.919197176181072, 30.799138943920539 ], [ 76.920196608179197, 30.817750907885738 ], [ 76.920753402178164, 30.827749196867046 ], [ 76.924636785170904, 30.830778110861381 ], [ 76.940002485142173, 30.836250227851146 ], [ 76.943969784134751, 30.8376675388485 ], [ 76.951416006120837, 30.837778103848294 ], [ 76.959442080105831, 30.834638624854158 ], [ 76.979080125069103, 30.833694380855924 ], [ 76.985832150056481, 30.835443575852658 ], [ 76.998527469032751, 30.846776960831463 ], [ 76.999999968029996, 30.851249645823103 ], [ 77.005996749018777, 30.85802831981043 ], [ 77.003913969022676, 30.868055336791677 ], [ 77.003501949023445, 30.870082928787888 ], [ 77.003250201023917, 30.871221464785762 ], [ 76.999999968029996, 30.876666932775578 ], [ 76.995941193037581, 30.877500611774018 ], [ 76.994751060039803, 30.883666925762491 ], [ 76.995887706037678, 30.885805082758495 ], [ 76.999999968029996, 30.893638565743849 ], [ 77.001083316027959, 30.8993338917332 ], [ 77.00380699502287, 30.902471480727328 ], [ 77.015136789001687, 30.900554642730917 ], [ 77.015388537001215, 30.900527993730968 ], [ 77.0293579049751, 30.894555971742129 ], [ 77.045974784944036, 30.880695278768044 ], [ 77.051391524933905, 30.883028105763685 ], [ 77.052085910932604, 30.883750841762335 ], [ 77.054885945927367, 30.886638572756937 ] ] } },
{ "type": "Feature", "properties": { "MED_DESCRI": "Without Median", "RTT_DESCRI": "Secondary Route", "F_CODE_DES": "Road", "ISO": "IND", "ISOCOUNTRY": "INDIA" }, "geometry": { "type": "LineString", "coordinates": [ [ 76.033584568836929, 30.792083762933729 ], [ 76.04283139381964, 30.802972808913367 ], [ 76.052970865800688, 30.814945202890982 ], [ 76.120918255673644, 30.846834227831359 ] ] } },
{ "type": "Feature", "properties": { "MED_DESCRI": "Without Median", "RTT_DESCRI": "Secondary Route", "F_CODE_DES": "Road", "ISO": "IND", "ISOCOUNTRY": "INDIA" }, "geometry": { "type": "LineString", "coordinates": [ [ 76.484611521993628, 30.789278057938972 ], [ 76.514892534937019, 30.802305260914615 ], [ 76.554031410863843, 30.8168601508874 ], [ 76.557113622858068, 30.817832933885583 ], [ 76.574890206824833, 30.823499720874985 ], [ 76.585830660804376, 30.824388587873329 ], [ 76.589416557797676, 30.82169533787836 ], [ 76.605003387768534, 30.797945030922769 ], [ 76.608642582761732, 30.792388997933159 ], [ 76.632164010717744, 30.762666668988729 ], [ 76.637832687707146, 30.75552757200208 ], [ 76.644447309694783, 30.747167535017709 ], [ 76.647857625688403, 30.746000271019895 ] ] } },
{ "type": "Feature", "properties": { "MED_DESCRI": "Without Median", "RTT_DESCRI": "Secondary Route", "F_CODE_DES": "Road", "ISO": "IND", "ISOCOUNTRY": "INDIA" }, "geometry": { "type": "LineString", "coordinates": [ [ 76.120918255673644, 30.846834227831359 ], [ 76.181503339560365, 30.836915885849905 ], [ 76.185638470552632, 30.834888482853692 ], [ 76.264442398405293, 30.824806277872547 ], [ 76.279304413377503, 30.822889250876131 ], [ 76.32241814829689, 30.818971658883456 ], [ 76.348358209248389, 30.81305501389452 ], [ 76.371002110206049, 30.804721814910096 ], [ 76.402030996148042, 30.789833150937937 ], [ 76.402725193146736, 30.789667208938248 ], [ 76.41461178112452, 30.786777587943646 ], [ 76.443557698070393, 30.78641697594432 ], [ 76.484611521993628, 30.789278057938972 ] ] } },
{ "type": "Feature", "properties": { "MED_DESCRI": "Without Median", "RTT_DESCRI": "Secondary Route", "F_CODE_DES": "Road", "ISO": "IND", "ISOCOUNTRY": "INDIA" }, "geometry": { "type": "LineString", "coordinates": [ [ 80.077550844275777, 30.797999651922666 ], [ 80.077667268275562, 30.79738804792381 ], [ 80.0778579692752, 30.796888331924741 ], [ 80.083526646264602, 30.782638487951388 ], [ 80.082000660267454, 30.780471791955442 ] ] } },
{ "type": "Feature", "properties": { "MED_DESCRI": "Without Median", "RTT_DESCRI": "Secondary Route", "F_CODE_DES": "Road", "ISO": "IND", "ISOCOUNTRY": "INDIA" }, "geometry": { "type": "LineString", "coordinates": [ [ 79.816108656764598, 30.832111316858885 ], [ 79.829414445739729, 30.836526923850627 ], [ 79.837448079724709, 30.835166879853176 ], [ 79.842857448714597, 30.832582493858006 ], [ 79.883529681638549, 30.831111884860753 ], [ 79.888359009629511, 30.830944052861071 ], [ 79.897972116611541, 30.829389527863974 ], [ 79.907081538594511, 30.833778296855769 ], [ 79.920608457569216, 30.834861833853743 ], [ 79.933555524545014, 30.846834227831359 ], [ 79.939834671533276, 30.85263822882051 ], [ 79.94983674051457, 30.853332425819211 ], [ 79.956779466501587, 30.853805492818324 ], [ 79.960357614494896, 30.85094459982367 ], [ 79.966529787483353, 30.835527491852503 ], [ 79.970474217475982, 30.836778671850162 ], [ 79.977890010462119, 30.844110548836454 ], [ 79.984916652448973, 30.84752842483006 ], [ 79.989524850440361, 30.847055357830946 ], [ 79.992111126435532, 30.846805499831412 ], [ 79.999999986420775, 30.840305411843566 ], [ 80.006111112409357, 30.835277633852968 ], [ 80.013030969396411, 30.821027789879608 ], [ 80.019531246384261, 30.818000765885273 ], [ 80.029640289365361, 30.817361756886463 ], [ 80.034583962356109, 30.813138929894357 ], [ 80.037498531350664, 30.806360255907038 ], [ 80.047775217331449, 30.797637905923345 ], [ 80.055335973317312, 30.791250272935287 ], [ 80.068946808291869, 30.782249525952118 ], [ 80.082000660267454, 30.780471791955442 ] ] } },
{ "type": "Feature", "properties": { "MED_DESCRI": "Unknown", "RTT_DESCRI": "Unknown", "F_CODE_DES": "Road", "ISO": "IND", "ISOCOUNTRY": "INDIA" }, "geometry": { "type": "LineString", "coordinates": [ [ 76.914665145189545, 30.792583478932791 ], [ 76.909225536199713, 30.784250279948374 ], [ 76.908889683200343, 30.77174944197175 ] ] } },
{ "type": "Feature", "properties": { "MED_DESCRI": "Without Median", "RTT_DESCRI": "Secondary Route", "F_CODE_DES": "Road", "ISO": "IND", "ISOCOUNTRY": "INDIA" }, "geometry": { "type": "LineString", "coordinates": [ [ 76.647857625688403, 30.746000271019895 ], [ 76.66408535465807, 30.74283414302581 ], [ 76.700691252589621, 30.731222172047524 ] ] } },
{ "type": "Feature", "properties": { "MED_DESCRI": "Without Median", "RTT_DESCRI": "Primary Route", "F_CODE_DES": "Road", "ISO": "IND", "ISOCOUNTRY": "INDIA" }, "geometry": { "type": "LineString", "coordinates": [ [ 76.033584568836929, 30.792083762933729 ], [ 76.072586041764012, 30.765750959982967 ], [ 76.158691417603023, 30.728250525053078 ], [ 76.21646871749499, 30.703083096100137 ], [ 76.219665463489008, 30.698804892108136 ] ] } },
{ "type": "Feature", "properties": { "MED_DESCRI": "Without Median", "RTT_DESCRI": "Secondary Route", "F_CODE_DES": "Road", "ISO": "IND", "ISOCOUNTRY": "INDIA" }, "geometry": { "type": "LineString", "coordinates": [ [ 74.621314957477509, 30.917007470700156 ], [ 74.632446301456696, 30.906305345720163 ], [ 74.649223264425331, 30.874610990779424 ], [ 74.693107552343278, 30.791666072934511 ], [ 74.742721564250516, 30.697721544110159 ], [ 74.753639149230096, 30.677028690148852 ], [ 74.7572785332233, 30.670139262161733 ] ] } },
{ "type": "Feature", "properties": { "MED_DESCRI": "Without Median", "RTT_DESCRI": "Primary Route", "F_CODE_DES": "Road", "ISO": "IND", "ISOCOUNTRY": "INDIA" }, "geometry": { "type": "LineString", "coordinates": [ [ 76.219665463489008, 30.698804892108136 ], [ 76.22286220948304, 30.698888808107981 ], [ 76.228363054472752, 30.695611926114104 ] ] } },
{ "type": "Feature", "properties": { "MED_DESCRI": "Unknown", "RTT_DESCRI": "Unknown", "F_CODE_DES": "Road", "ISO": "IND", "ISOCOUNTRY": "INDIA" }, "geometry": { "type": "LineString", "coordinates": [ [ 76.8014144554013, 30.690639525123402 ], [ 76.790107719422437, 30.710193654086844 ], [ 76.777114914446727, 30.723417228062118 ], [ 76.770225486459609, 30.728082693053395 ], [ 76.768943877462007, 30.728361090052871 ], [ 76.758056721482362, 30.730833021048248 ], [ 76.744003248508633, 30.730638540048616 ], [ 76.720359726552843, 30.730028070049755 ], [ 76.700691252589621, 30.731222172047524 ] ] } },
{ "type": "Feature", "properties": { "MED_DESCRI": "Without Median", "RTT_DESCRI": "Secondary Route", "F_CODE_DES": "Road", "ISO": "IND", "ISOCOUNTRY": "INDIA" }, "geometry": { "type": "LineString", "coordinates": [ [ 75.100807200580988, 30.679695102143867 ], [ 75.10175314557921, 30.685777689132493 ], [ 75.103225644576469, 30.706138659094421 ], [ 75.106361343570597, 30.717277563073594 ], [ 75.111274776561416, 30.734750802040928 ], [ 75.112747275558661, 30.739973061031158 ], [ 75.123863310537871, 30.762527375988988 ], [ 75.133666929519549, 30.773416610968631 ], [ 75.161224452468019, 30.795555125927237 ], [ 75.162139968466306, 30.796278050925885 ], [ 75.166191183458736, 30.799554743919757 ], [ 75.170112555451396, 30.809528273901108 ], [ 75.170913726449911, 30.813667373893374 ], [ 75.172386225447156, 30.821388212878936 ] ] } },
{ "type": "Feature", "properties": { "MED_DESCRI": "Without Median", "RTT_DESCRI": "Secondary Route", "F_CODE_DES": "Road", "ISO": "IND", "ISOCOUNTRY": "INDIA" }, "geometry": { "type": "LineString", "coordinates": [ [ 75.854858420171112, 30.673334118155758 ], [ 75.882141137120101, 30.70030593010533 ], [ 75.958946200976484, 30.726804675055782 ], [ 75.970390339955088, 30.73736183703604 ], [ 75.972831652950532, 30.741138435028979 ], [ 75.979080181938841, 30.750778191010959 ], [ 75.983222872931094, 30.76366610098686 ], [ 75.984695371928339, 30.775777787964216 ], [ 75.999359125900924, 30.775527929964682 ], [ 76.012802128875791, 30.775304720965103 ], [ 76.019859388862599, 30.777778541960473 ], [ 76.033584568836929, 30.792083762933729 ] ] } },
{ "type": "Feature", "properties": { "MED_DESCRI": "Without Median", "RTT_DESCRI": "Secondary Route", "F_CODE_DES": "Road", "ISO": "IND", "ISOCOUNTRY": "INDIA" }, "geometry": { "type": "LineString", "coordinates": [ [ 75.854858420171112, 30.673334118155758 ], [ 75.853111304174377, 30.682806042138047 ], [ 75.848945555182155, 30.705528189095567 ], [ 75.852142301176187, 30.748582767015066 ], [ 75.854057249172598, 30.774583874966446 ], [ 75.854637101171519, 30.782611838951439 ], [ 75.866386475149554, 30.795194702927908 ], [ 75.867858974146799, 30.796749038925007 ], [ 75.868225067146113, 30.803388608912591 ], [ 75.860137946161231, 30.846221867832504 ] ] } },
{ "type": "Feature", "properties": { "MED_DESCRI": "Without Median", "RTT_DESCRI": "Primary Route", "F_CODE_DES": "Road", "ISO": "IND", "ISOCOUNTRY": "INDIA" }, "geometry": { "type": "LineString", "coordinates": [ [ 76.857864408295754, 30.67261119315711 ], [ 76.862503035287077, 30.679056093145057 ], [ 76.874359194264912, 30.702806400100656 ], [ 76.902191145212868, 30.744417207022849 ], [ 76.906806903204242, 30.758417192996674 ], [ 76.908889683200343, 30.77174944197175 ] ] } },
{ "type": "Feature", "properties": { "MED_DESCRI": "Unknown", "RTT_DESCRI": "Unknown", "F_CODE_DES": "Road", "ISO": "IND", "ISOCOUNTRY": "INDIA" }, "geometry": { "type": "LineString", "coordinates": [ [ 74.7572785332233, 30.670139262161733 ], [ 74.766609274205848, 30.674028315154459 ], [ 74.777725309185058, 30.67863840314584 ], [ 74.782913170175362, 30.680805288141791 ], [ 74.822197009101913, 30.705444273095722 ], [ 74.843307553062445, 30.721027323066586 ], [ 74.85633078703809, 30.734361651041652 ], [ 74.868026674016221, 30.749361069013609 ], [ 74.896003776963909, 30.785333627946351 ], [ 74.90147400395368, 30.794500316929209 ], [ 74.906723100943879, 30.803278043912798 ], [ 74.922081051915157, 30.828945188864807 ], [ 74.924469066910689, 30.834110180855149 ], [ 74.9291687409019, 30.844305029836086 ] ] } },
{ "type": "Feature", "properties": { "MED_DESCRI": "Unknown", "RTT_DESCRI": "Unknown", "F_CODE_DES": "Road", "ISO": "IND", "ISOCOUNTRY": "INDIA" }, "geometry": { "type": "LineString", "coordinates": [ [ 74.7572785332233, 30.670139262161733 ], [ 74.766746488205598, 30.654222438191489 ], [ 74.76816550020294, 30.651832533195957 ], [ 74.77063743119831, 30.647722161203646 ], [ 74.794670104153383, 30.616832757261399 ], [ 74.797500568148095, 30.613193562268208 ], [ 74.806694095130894, 30.601389000290276 ], [ 74.810333290124092, 30.59666626829911 ], [ 74.822670076101033, 30.578222325333591 ], [ 74.828025769091013, 30.5701941723486 ], [ 74.831863414083841, 30.562166208363614 ], [ 74.848197928053295, 30.528055110427395 ], [ 74.879280111995186, 30.463222440548613 ], [ 74.88339237398749, 30.454610844564712 ], [ 74.883720477986884, 30.450250614572866 ], [ 74.885444724983657, 30.447027219578892 ], [ 74.886253266982138, 30.445499343581751 ], [ 74.890335099974507, 30.43783369259608 ], [ 74.891502363972336, 30.435666996600133 ], [ 74.891555850972225, 30.43555643160034 ], [ 74.897918724960334, 30.412889472642725 ] ] } },
{ "type": "Feature", "properties": { "MED_DESCRI": "Without Median", "RTT_DESCRI": "Secondary Route", "F_CODE_DES": "Road", "ISO": "IND", "ISOCOUNTRY": "INDIA" }, "geometry": { "type": "LineString", "coordinates": [ [ 76.8014144554013, 30.690639525123402 ], [ 76.802780169398744, 30.687778443128749 ], [ 76.819221468367999, 30.653305032193209 ] ] } },
{ "type": "Feature", "properties": { "MED_DESCRI": "Without Median", "RTT_DESCRI": "Secondary Route", "F_CODE_DES": "Road", "ISO": "IND", "ISOCOUNTRY": "INDIA" }, "geometry": { "type": "LineString", "coordinates": [ [ 76.484611521993628, 30.789278057938972 ], [ 76.423889224107171, 30.718444827071416 ], [ 76.406944240138856, 30.691667496121482 ], [ 76.403526364145236, 30.684888822134155 ], [ 76.391639776167466, 30.661361724178143 ], [ 76.395446803160354, 30.652721400194302 ], [ 76.397720284156094, 30.647556219203956 ], [ 76.3970260871574, 30.645444900207906 ], [ 76.395805336159682, 30.641666412214967 ], [ 76.385169928179565, 30.627695154241088 ], [ 76.381500304186417, 30.62080572625397 ], [ 76.374580447199364, 30.607889088278121 ] ] } },
{ "type": "Feature", "properties": { "MED_DESCRI": "Without Median", "RTT_DESCRI": "Secondary Route", "F_CODE_DES": "Road", "ISO": "IND", "ISOCOUNTRY": "INDIA" }, "geometry": { "type": "LineString", "coordinates": [ [ 75.599777216648036, 30.640693629216784 ], [ 75.59899910364949, 30.649194660200891 ], [ 75.60422514263972, 30.673528599155397 ], [ 75.612861686623575, 30.692472447119975 ], [ 75.626640353597821, 30.711416295084554 ], [ 75.636253271579847, 30.724611330059886 ], [ 75.644470235564484, 30.739665936031734 ], [ 75.648612926556737, 30.75708398699917 ], [ 75.650558492553088, 30.765111950984156 ], [ 75.651191642551908, 30.771194537972782 ], [ 75.65422055654625, 30.800527526917939 ], [ 75.667915307520644, 30.831083345860812 ], [ 75.669891302516945, 30.835500653852549 ], [ 75.673721387509786, 30.844110548836454 ], [ 75.675804167505888, 30.848777714827726 ] ] } },
{ "type": "Feature", "properties": { "MED_DESCRI": "Without Median", "RTT_DESCRI": "Secondary Route", "F_CODE_DES": "Road", "ISO": "IND", "ISOCOUNTRY": "INDIA" }, "geometry": { "type": "LineString", "coordinates": [ [ 78.701469440848683, 31.013334344520047 ], [ 78.697669973855795, 30.982915928576922 ], [ 78.694305395862088, 30.97216598659702 ], [ 78.691253612867783, 30.962472932615142 ], [ 78.680580215887744, 30.9423332816528 ], [ 78.678642209891365, 30.933555554669212 ], [ 78.678833099891008, 30.920694293693259 ], [ 78.679000931890698, 30.910861946711641 ], [ 78.677635217893254, 30.906665768719492 ], [ 78.673942535900153, 30.895277006740784 ], [ 78.671165558905344, 30.891666350747535 ], [ 78.668472308910381, 30.888194987754026 ], [ 78.652114925940964, 30.875638961777504 ], [ 78.640586870962522, 30.871973117784357 ], [ 78.635475176972079, 30.863056097801028 ], [ 78.630195650981946, 30.862167419802688 ], [ 78.627197354987558, 30.858612140809335 ], [ 78.634391828974103, 30.853166672819519 ], [ 78.632751497977168, 30.848722526827828 ], [ 78.624031037993475, 30.842889797838737 ], [ 78.620025561000972, 30.837694187848449 ], [ 78.61863716700357, 30.808500302903035 ], [ 78.610336287019081, 30.799222859920377 ], [ 78.610168455019391, 30.795389183927547 ], [ 78.609970005019775, 30.790945037935856 ], [ 78.612083403015816, 30.781165988954143 ], [ 78.610138026019456, 30.777639437960737 ], [ 78.600753798037005, 30.769027652976838 ], [ 78.587860029061105, 30.761861717990236 ], [ 78.561500577110394, 30.753026913006757 ], [ 78.548667855134383, 30.744277914023115 ], [ 78.539085366152307, 30.739999710031114 ], [ 78.525253212178171, 30.740139003030848 ], [ 78.517501755192654, 30.736389243037863 ], [ 78.510581898205601, 30.736360515037916 ], [ 78.501251157223038, 30.740999142029246 ], [ 78.498580965228044, 30.742305699026801 ], [ 78.480415419262002, 30.754917102003219 ], [ 78.465248169290362, 30.755472195002184 ], [ 78.458808939302401, 30.757360493998654 ], [ 78.457694973304484, 30.757694267998026 ], [ 78.452194128314773, 30.756082476001041 ], [ 78.448249887322149, 30.750638898011218 ], [ 78.45050049931794, 30.738111411034645 ], [ 78.447975081322653, 30.730667079048558 ], [ 78.444663990328849, 30.728250525053078 ], [ 78.428642271358811, 30.729917505049961 ], [ 78.390747015429653, 30.738222165034436 ], [ 78.388885554433145, 30.738639855033654 ], [ 78.358886718489231, 30.738361269034172 ], [ 78.350807157504335, 30.735721506039113 ], [ 78.348525927508604, 30.733804668042694 ], [ 78.348640461508381, 30.726472791056402 ], [ 78.358055118490782, 30.719278317069858 ], [ 78.347000130511447, 30.712861956081852 ], [ 78.346580550512243, 30.700666353104651 ], [ 78.351219177503566, 30.688693959127036 ], [ 78.351112392503765, 30.680889204141636 ], [ 78.349555977506668, 30.675556191151607 ], [ 78.3398589545248, 30.668027943165683 ], [ 78.335746692532496, 30.659526912181576 ], [ 78.327224682548433, 30.642055563214242 ], [ 78.326614401549563, 30.619304688256783 ], [ 78.323303310555758, 30.616638276261767 ], [ 78.318107511565472, 30.619638462256155 ], [ 78.307525590585257, 30.648361170202449 ], [ 78.30386352659211, 30.676445058149945 ], [ 78.304000929591851, 30.683555616136644 ], [ 78.3068085245866, 30.692777682119406 ], [ 78.307609506585109, 30.695417445114465 ], [ 78.306892440586438, 30.698610222108499 ], [ 78.298889235601408, 30.704250360097951 ], [ 78.296752968605404, 30.709667289087825 ], [ 78.2768021286427, 30.734556132041291 ], [ 78.271247796653086, 30.748556118015117 ], [ 78.270553599654392, 30.758527757996468 ], [ 78.270027234655373, 30.765972089982547 ], [ 78.264808566665124, 30.77377703396796 ], [ 78.262802142668889, 30.781055423954349 ], [ 78.256805361680094, 30.784250279948374 ], [ 78.241218531709237, 30.799472717919912 ], [ 78.240386931710788, 30.800277668918405 ] ] } },
{ "type": "Feature", "properties": { "MED_DESCRI": "Without Median", "RTT_DESCRI": "Secondary Route", "F_CODE_DES": "Road", "ISO": "IND", "ISOCOUNTRY": "INDIA" }, "geometry": { "type": "LineString", "coordinates": [ [ 78.141502320895682, 30.793306403931439 ], [ 78.144752553889603, 30.79291725293217 ], [ 78.14614113688701, 30.791915930934039 ], [ 78.16080470185959, 30.78119471695409 ], [ 78.161857620857617, 30.776861135962193 ], [ 78.160110504860882, 30.774499958966608 ], [ 78.151580745876842, 30.770250293974549 ], [ 78.146942118885505, 30.763389593987377 ], [ 78.136947609904198, 30.761611859990701 ], [ 78.133888266909921, 30.759387896994859 ], [ 78.132164019913148, 30.751972104008729 ], [ 78.135139446907573, 30.741556125028204 ], [ 78.146583585886177, 30.727111800055205 ], [ 78.145690938887853, 30.723749112061498 ], [ 78.1435242428919, 30.715499829076919 ], [ 78.135635382906656, 30.70944408008824 ], [ 78.131111100915106, 30.697694706110212 ], [ 78.130752567915778, 30.696832677111821 ], [ 78.131973318913495, 30.694360746116445 ], [ 78.138000528902225, 30.690721551123247 ], [ 78.131278932914796, 30.683082549137531 ], [ 78.133079535911435, 30.674667324153269 ], [ 78.138442977901406, 30.668916621164016 ], [ 78.152221644875638, 30.664443936172383 ], [ 78.152946459874286, 30.660804741179184 ], [ 78.142669584893497, 30.655082766189885 ], [ 78.134666379908467, 30.646278390206348 ], [ 78.128913786919213, 30.644889807208941 ], [ 78.128250207920459, 30.642555279213305 ], [ 78.13358303191049, 30.637277643223172 ], [ 78.134246799909249, 30.62558364624504 ], [ 78.141113358896405, 30.616222287262545 ] ] } },
{ "type": "Feature", "properties": { "MED_DESCRI": "Without Median", "RTT_DESCRI": "Secondary Route", "F_CODE_DES": "Road", "ISO": "IND", "ISOCOUNTRY": "INDIA" }, "geometry": { "type": "LineString", "coordinates": [ [ 76.819221468367999, 30.653305032193209 ], [ 76.820526135365554, 30.645111126208526 ], [ 76.823608347359794, 30.625804965244626 ], [ 76.827079710353303, 30.618694218257922 ], [ 76.828720041350238, 30.615388797264103 ], [ 76.836524985335643, 30.606527343280668 ] ] } },
{ "type": "Feature", "properties": { "MED_DESCRI": "Without Median", "RTT_DESCRI": "Primary Route", "F_CODE_DES": "Road", "ISO": "IND", "ISOCOUNTRY": "INDIA" }, "geometry": { "type": "LineString", "coordinates": [ [ 76.228363054472752, 30.695611926114104 ], [ 76.297027510344364, 30.654417108191126 ], [ 76.32358560129471, 30.638471556220942 ], [ 76.34813689024881, 30.623750724248467 ], [ 76.353080752239563, 30.620777187254028 ], [ 76.374580447199364, 30.607889088278121 ] ] } },
{ "type": "Feature", "properties": { "MED_DESCRI": "Unknown", "RTT_DESCRI": "Unknown", "F_CODE_DES": "Road", "ISO": "IND", "ISOCOUNTRY": "INDIA" }, "geometry": { "type": "LineString", "coordinates": [ [ 74.261085494151047, 30.606166920281346 ], [ 74.260444595152237, 30.60611154328145 ], [ 74.207916203250463, 30.600416217292093 ], [ 74.196334850272109, 30.599166927294434 ], [ 74.158386296343068, 30.56433290435956 ], [ 74.146415792365445, 30.553333293380128 ], [ 74.140388582376715, 30.548334054389478 ], [ 74.116920452420601, 30.528917328425777 ], [ 74.109413183434626, 30.492639534493613 ], [ 74.107612580438001, 30.483999210509765 ], [ 74.085029537480224, 30.460527489553648 ], [ 74.077079819495083, 30.452278206569076 ], [ 74.06852719151108, 30.444110949584349 ], [ 74.040916370562698, 30.417722769633684 ], [ 74.036003126571885, 30.410610132646987 ] ] } },
{ "type": "Feature", "properties": { "MED_DESCRI": "Unknown", "RTT_DESCRI": "Unknown", "F_CODE_DES": "Road", "ISO": "IND", "ISOCOUNTRY": "INDIA" }, "geometry": { "type": "LineString", "coordinates": [ [ 74.261085494151047, 30.606166920281346 ], [ 74.261108363150996, 30.606027627281605 ], [ 74.261299064150649, 30.601619769289847 ] ] } },
{ "type": "Feature", "properties": { "MED_DESCRI": "Without Median", "RTT_DESCRI": "Secondary Route", "F_CODE_DES": "Road", "ISO": "IND", "ISOCOUNTRY": "INDIA" }, "geometry": { "type": "LineString", "coordinates": [ [ 76.842636111324225, 30.599971689292929 ], [ 76.839027345330962, 30.603834093285705 ], [ 76.836524985335643, 30.606527343280668 ] ] } },
{ "type": "Feature", "properties": { "MED_DESCRI": "Without Median", "RTT_DESCRI": "Primary Route", "F_CODE_DES": "Road", "ISO": "IND", "ISOCOUNTRY": "INDIA" }, "geometry": { "type": "LineString", "coordinates": [ [ 76.847137524315798, 30.595111932302011 ], [ 76.85260775130557, 30.605611827282381 ], [ 76.852302516306153, 30.617555682260047 ], [ 76.852081386306565, 30.618305256258651 ], [ 76.852058328306597, 30.618389172258489 ], [ 76.846336353317298, 30.636888492223903 ], [ 76.846641588316729, 30.650417301198608 ], [ 76.852058328306597, 30.664638606172019 ], [ 76.857864408295754, 30.67261119315711 ] ] } },
{ "type": "Feature", "properties": { "MED_DESCRI": "Without Median", "RTT_DESCRI": "Secondary Route", "F_CODE_DES": "Road", "ISO": "IND", "ISOCOUNTRY": "INDIA" }, "geometry": { "type": "LineString", "coordinates": [ [ 76.842636111324225, 30.599971689292929 ], [ 76.847137524315798, 30.595111932302011 ] ] } },
{ "type": "Feature", "properties": { "MED_DESCRI": "Without Median", "RTT_DESCRI": "Secondary Route", "F_CODE_DES": "Road", "ISO": "IND", "ISOCOUNTRY": "INDIA" }, "geometry": { "type": "LineString", "coordinates": [ [ 75.624809321601234, 30.581472369327514 ], [ 75.709724375442462, 30.594249714303629 ], [ 75.71436319143379, 30.594499572303157 ], [ 75.731529305401693, 30.595472355301339 ], [ 75.767112713335166, 30.60627748528114 ], [ 75.768974363331694, 30.606832578280098 ], [ 75.783920294303741, 30.608777955276459 ], [ 75.797363297278608, 30.617416389260313 ], [ 75.814582898246414, 30.632360430232367 ], [ 75.837890567202834, 30.656055360188063 ], [ 75.854858420171112, 30.673334118155758 ] ] } },
{ "type": "Feature", "properties": { "MED_DESCRI": "Without Median", "RTT_DESCRI": "Secondary Route", "F_CODE_DES": "Road", "ISO": "IND", "ISOCOUNTRY": "INDIA" }, "geometry": { "type": "LineString", "coordinates": [ [ 75.624809321601234, 30.581472369327514 ], [ 75.62063601260904, 30.58566665731967 ], [ 75.61769101461455, 30.588611655314168 ], [ 75.60533135963766, 30.620111529255269 ], [ 75.600524900646647, 30.632389158232314 ], [ 75.599777216648036, 30.640693629216784 ] ] } },
{ "type": "Feature", "properties": { "MED_DESCRI": "Without Median", "RTT_DESCRI": "Secondary Route", "F_CODE_DES": "Road", "ISO": "IND", "ISOCOUNTRY": "INDIA" }, "geometry": { "type": "LineString", "coordinates": [ [ 80.171165379100742, 30.581306427327824 ], [ 80.181335469081731, 30.584861706321178 ], [ 80.190086358065358, 30.591749244308303 ], [ 80.19419106005769, 30.600805368291368 ], [ 80.196525588053319, 30.605917062281812 ], [ 80.202007155043077, 30.617909679259391 ] ] } },
{ "type": "Feature", "properties": { "MED_DESCRI": "Without Median", "RTT_DESCRI": "Secondary Route", "F_CODE_DES": "Road", "ISO": "IND", "ISOCOUNTRY": "INDIA" }, "geometry": { "type": "LineString", "coordinates": [ [ 80.082000660267454, 30.780471791955442 ], [ 80.08441929326294, 30.780166556956011 ], [ 80.088668769254994, 30.773166563969099 ], [ 80.112419076210585, 30.755945262001298 ], [ 80.145805359148156, 30.738611127033707 ], [ 80.156501814128163, 30.733055094044097 ], [ 80.160941991119856, 30.720582984067413 ], [ 80.162246658117411, 30.688804713126835 ], [ 80.163696288114707, 30.653888664192117 ], [ 80.163612372114869, 30.635610663226295 ], [ 80.163581754114915, 30.629222841238239 ], [ 80.163528456115017, 30.614889081265034 ], [ 80.171165379100742, 30.581306427327824 ] ] } },
{ "type": "Feature", "properties": { "MED_DESCRI": "Without Median", "RTT_DESCRI": "Secondary Route", "F_CODE_DES": "Road", "ISO": "IND", "ISOCOUNTRY": "INDIA" }, "geometry": { "type": "LineString", "coordinates": [ [ 78.324081423554304, 30.563167530361738 ], [ 78.329360949544437, 30.573722802342004 ], [ 78.319419927563018, 30.595361790301546 ], [ 78.313751250573617, 30.612112104270224 ], [ 78.314361531572473, 30.61558346726374 ], [ 78.314750682571756, 30.617889456259427 ] ] } },
{ "type": "Feature", "properties": { "MED_DESCRI": "Without Median", "RTT_DESCRI": "Secondary Route", "F_CODE_DES": "Road", "ISO": "IND", "ISOCOUNTRY": "INDIA" }, "geometry": { "type": "LineString", "coordinates": [ [ 76.7168579345594, 30.560472579366781 ], [ 76.725502038543226, 30.565639461357122 ], [ 76.760002098478722, 30.596389761299626 ], [ 76.778556795444032, 30.609306399275475 ], [ 76.817191986371796, 30.651111687197307 ], [ 76.817253033371685, 30.651166875197205 ], [ 76.819221468367999, 30.653305032193209 ] ] } },
{ "type": "Feature", "properties": { "MED_DESCRI": "Without Median", "RTT_DESCRI": "Secondary Route", "F_CODE_DES": "Road", "ISO": "IND", "ISOCOUNTRY": "INDIA" }, "geometry": { "type": "LineString", "coordinates": [ [ 76.7168579345594, 30.560472579366781 ], [ 76.678085340631881, 30.653862015192168 ], [ 76.668357888650078, 30.679305951144592 ], [ 76.660720776664348, 30.699333147107147 ], [ 76.651496820681601, 30.723444066062065 ], [ 76.645889190692088, 30.740444238030278 ], [ 76.647857625688403, 30.746000271019895 ] ] } },
{ "type": "Feature", "properties": { "MED_DESCRI": "Without Median", "RTT_DESCRI": "Secondary Route", "F_CODE_DES": "Road", "ISO": "IND", "ISOCOUNTRY": "INDIA" }, "geometry": { "type": "LineString", "coordinates": [ [ 79.405592530532161, 31.077409313400246 ], [ 79.401969967538932, 31.071556172411185 ], [ 79.402084312538719, 31.063304810426615 ], [ 79.39971916654315, 31.056360194439598 ], [ 79.388221729564648, 31.045638980459643 ], [ 79.376029906587434, 31.038360590473253 ], [ 79.37222287959456, 31.028139092492367 ], [ 79.371139531596583, 31.014610283517662 ], [ 79.370864914597092, 31.011138920524154 ], [ 79.376640376586295, 31.001222657542691 ], [ 79.401496900539826, 30.980028197582321 ], [ 79.422164995501177, 30.958000247623509 ], [ 79.437332245472817, 30.945861722646207 ], [ 79.448280259452346, 30.932916734670407 ], [ 79.456748971436511, 30.915222176703494 ], [ 79.467002788417346, 30.893833235743486 ], [ 79.477386448397922, 30.85677713981277 ], [ 79.494224458366446, 30.836221688851204 ], [ 79.499252236357037, 30.836610839850472 ], [ 79.501556335352731, 30.838306358847305 ], [ 79.50583642934474, 30.837528245848759 ], [ 79.505691466344999, 30.834972398853537 ], [ 79.497696010359959, 30.829221695864291 ], [ 79.495002760364983, 30.818361188884595 ], [ 79.494697525365567, 30.812110958896284 ], [ 79.494026197366821, 30.79791649192282 ], [ 79.494918844365145, 30.769416803976107 ], [ 79.495445209364163, 30.752971725006859 ], [ 79.489417999375434, 30.738555939033809 ], [ 79.490974414372516, 30.72163968306544 ], [ 79.50027472635513, 30.696472254112493 ], [ 79.504890484346504, 30.689332968125846 ], [ 79.506530815343439, 30.686805660130567 ], [ 79.514030524329414, 30.654472296191024 ], [ 79.519920331318403, 30.647083341204841 ], [ 79.553642278255353, 30.621305442253039 ], [ 79.565635651232924, 30.606777201280202 ], [ 79.569725044225279, 30.595388439301495 ], [ 79.573997578217288, 30.583416045323879 ], [ 79.579780600206476, 30.567304551354006 ], [ 79.577331538211055, 30.555973056375194 ], [ 79.576835602211986, 30.555221592376597 ], [ 79.575111355215213, 30.552694284381325 ] ] } },
{ "type": "Feature", "properties": { "MED_DESCRI": "Without Median", "RTT_DESCRI": "Secondary Route", "F_CODE_DES": "Road", "ISO": "IND", "ISOCOUNTRY": "INDIA" }, "geometry": { "type": "LineString", "coordinates": [ [ 79.575111355215213, 30.552694284381325 ], [ 79.570251409224298, 30.553777632379301 ] ] } },
{ "type": "Feature", "properties": { "MED_DESCRI": "Without Median", "RTT_DESCRI": "Secondary Route", "F_CODE_DES": "Road", "ISO": "IND", "ISOCOUNTRY": "INDIA" }, "geometry": { "type": "LineString", "coordinates": [ [ 78.141113358896405, 30.616222287262545 ], [ 78.149749713880254, 30.618667569257973 ], [ 78.16080470185959, 30.615222855264413 ], [ 78.172447290837823, 30.616167099262647 ], [ 78.19483188379597, 30.626861664242647 ], [ 78.197219898791502, 30.628000200240521 ], [ 78.208862298769731, 30.628915716238808 ], [ 78.21769710375321, 30.627445296241561 ], [ 78.240943914709746, 30.614416203265918 ], [ 78.265892103663106, 30.595222497301805 ], [ 78.267219450660619, 30.592695189306532 ], [ 78.268836912657605, 30.589611087312299 ], [ 78.268386903658438, 30.587749437315779 ], [ 78.267974883659207, 30.585916515319205 ], [ 78.257057109679621, 30.577417374335099 ], [ 78.257225130679316, 30.574222518341074 ], [ 78.265831056663217, 30.576416052336967 ], [ 78.270225495654998, 30.574054686341384 ], [ 78.274833693646386, 30.567138609354316 ], [ 78.28035740763606, 30.562999698362056 ], [ 78.29213721061403, 30.560722437366316 ], [ 78.302558859594541, 30.549917307386515 ], [ 78.310501017579696, 30.554805792377373 ], [ 78.324081423554304, 30.563167530361738 ] ] } },
{ "type": "Feature", "properties": { "MED_DESCRI": "Without Median", "RTT_DESCRI": "Secondary Route", "F_CODE_DES": "Road", "ISO": "IND", "ISOCOUNTRY": "INDIA" }, "geometry": { "type": "LineString", "coordinates": [ [ 75.854858420171112, 30.673334118155758 ], [ 75.856361348168292, 30.64491645620889 ], [ 75.862419176156976, 30.634111326229096 ], [ 75.871414253140145, 30.623666808248622 ], [ 75.877441463128889, 30.612194130270076 ], [ 75.8812256211218, 30.598722399295262 ], [ 75.880996742122235, 30.579471615331258 ], [ 75.886886549111225, 30.56066706036642 ], [ 75.886444100112044, 30.553333293380128 ], [ 75.88524621811429, 30.53419496441591 ], [ 75.885055517114651, 30.531139401421626 ], [ 75.891998243101668, 30.517778424446604 ] ] } },
{ "type": "Feature", "properties": { "MED_DESCRI": "Without Median", "RTT_DESCRI": "Secondary Route", "F_CODE_DES": "Road", "ISO": "IND", "ISOCOUNTRY": "INDIA" }, "geometry": { "type": "LineString", "coordinates": [ [ 75.100807200580988, 30.679695102143867 ], [ 75.108024543567495, 30.677528406147914 ], [ 75.127197270531639, 30.667917189165884 ], [ 75.128669769528884, 30.667139076167345 ], [ 75.161582985467348, 30.649889046199597 ], [ 75.189636255414896, 30.635194863227071 ], [ 75.22164151535506, 30.618444360258387 ], [ 75.226387116346189, 30.615943890263061 ], [ 75.273971646257209, 30.590972832309753 ], [ 75.31925207717255, 30.566278470355925 ], [ 75.341224650131466, 30.554277348378363 ], [ 75.350135811114811, 30.549417402387448 ], [ 75.355918833103999, 30.546249384393377 ], [ 75.381836025055534, 30.532110294419809 ] ] } },
{ "type": "Feature", "properties": { "MED_DESCRI": "Without Median", "RTT_DESCRI": "Secondary Route", "F_CODE_DES": "Road", "ISO": "IND", "ISOCOUNTRY": "INDIA" }, "geometry": { "type": "LineString", "coordinates": [ [ 75.381836025055534, 30.532110294419809 ], [ 75.399330054022826, 30.52474968943357 ], [ 75.416389382990928, 30.521610210439441 ], [ 75.417503348988845, 30.521555022439543 ], [ 75.428024222969171, 30.520971390440636 ] ] } },
{ "type": "Feature", "properties": { "MED_DESCRI": "Without Median", "RTT_DESCRI": "Secondary Route", "F_CODE_DES": "Road", "ISO": "IND", "ISOCOUNTRY": "INDIA" }, "geometry": { "type": "LineString", "coordinates": [ [ 75.428024222969171, 30.520971390440636 ], [ 75.430389368964754, 30.520860636440844 ], [ 75.463363631903093, 30.54486080139597 ], [ 75.483390827865648, 30.564083046360032 ], [ 75.492637652848359, 30.566278470355925 ], [ 75.523361114790916, 30.573610347342218 ], [ 75.55222311573695, 30.574167330341176 ], [ 75.583053551679313, 30.574777611340032 ], [ 75.624809321601234, 30.581472369327514 ] ] } },
{ "type": "Feature", "properties": { "MED_DESCRI": "Unknown", "RTT_DESCRI": "Unknown", "F_CODE_DES": "Road", "ISO": "IND", "ISOCOUNTRY": "INDIA" }, "geometry": { "type": "LineString", "coordinates": [ [ 75.891998243101668, 30.517778424446604 ], [ 75.895774841094607, 30.515277954451285 ], [ 75.939750605012378, 30.488556000501248 ], [ 75.955444408983041, 30.482944401511737 ], [ 75.964057894966928, 30.479888838517454 ] ] } },
{ "type": "Feature", "properties": { "MED_DESCRI": "Without Median", "RTT_DESCRI": "Secondary Route", "F_CODE_DES": "Road", "ISO": "IND", "ISOCOUNTRY": "INDIA" }, "geometry": { "type": "LineString", "coordinates": [ [ 75.414413387994628, 30.492082551494654 ], [ 75.428024222969171, 30.520971390440636 ] ] } },
{ "type": "Feature", "properties": { "MED_DESCRI": "Without Median", "RTT_DESCRI": "Secondary Route", "F_CODE_DES": "Road", "ISO": "IND", "ISOCOUNTRY": "INDIA" }, "geometry": { "type": "LineString", "coordinates": [ [ 79.575111355215213, 30.552694284381325 ], [ 79.589279173188714, 30.537305904410097 ], [ 79.602691558163642, 30.526721904429884 ], [ 79.608718957152377, 30.515666916450556 ], [ 79.612335283145612, 30.499027167481664 ], [ 79.621086172129253, 30.488500623501352 ] ] } },
{ "type": "Feature", "properties": { "MED_DESCRI": "Without Median", "RTT_DESCRI": "Secondary Route", "F_CODE_DES": "Road", "ISO": "IND", "ISOCOUNTRY": "INDIA" }, "geometry": { "type": "LineString", "coordinates": [ [ 79.621086172129253, 30.488500623501352 ], [ 79.625778286120479, 30.490417461497763 ], [ 79.627220167117784, 30.490999203496678 ], [ 79.652359057070768, 30.491556186495636 ], [ 79.671058717035805, 30.487777698502697 ], [ 79.690612845999254, 30.488832507500732 ], [ 79.717224045949493, 30.504804519470866 ], [ 79.723747191937292, 30.506860650467019 ], [ 79.727027853931162, 30.511083666459122 ], [ 79.728164688929041, 30.522138654438457 ], [ 79.736335725913762, 30.529499070424691 ], [ 79.738418505909863, 30.533582604417056 ], [ 79.741218540904626, 30.539054910406826 ], [ 79.756637538875808, 30.557666685372027 ], [ 79.770362907850142, 30.578722041332661 ], [ 79.778251578835395, 30.585889866319256 ], [ 79.781333979829625, 30.588693681314012 ], [ 79.790527317812433, 30.591028209309648 ], [ 79.80088810879306, 30.590416038310792 ], [ 79.806335466782883, 30.592889859306169 ], [ 79.812667911771044, 30.600194898292507 ], [ 79.821029649755403, 30.616500873262019 ], [ 79.823196345751356, 30.626054823244161 ], [ 79.823280261751194, 30.626388597243533 ], [ 79.828697190741067, 30.650472678198504 ], [ 79.83333581773239, 30.659778660181104 ], [ 79.838500998722736, 30.66313926917482 ], [ 79.838859531722065, 30.663221295174665 ], [ 79.870613043662701, 30.669611007162722 ], [ 79.883613597638387, 30.67619520015041 ], [ 79.890273957625936, 30.682111656139348 ], [ 79.891082688624422, 30.688110327128129 ], [ 79.888969479628372, 30.694471311116239 ], [ 79.881637602642087, 30.69905475010767 ], [ 79.878112752648676, 30.699167205107457 ], [ 79.8639755526751, 30.699583005106682 ], [ 79.842857448714597, 30.700222014105485 ], [ 79.835220336728867, 30.705499650095618 ], [ 79.827468879743364, 30.71994397506861 ], [ 79.827140775743985, 30.741500937028306 ], [ 79.824501012748911, 30.747833193016461 ], [ 79.827247560743771, 30.752056209008572 ], [ 79.840362459719259, 30.753084180006645 ], [ 79.84603113670866, 30.753528519005819 ], [ 79.851448065698534, 30.757833560997767 ], [ 79.849220322702692, 30.766695014981195 ], [ 79.842613260715055, 30.779111936957982 ], [ 79.838775615722227, 30.782777780951129 ], [ 79.830192558738275, 30.790916498935907 ], [ 79.813774128768969, 30.802804976913684 ], [ 79.811637861772965, 30.810083366900074 ], [ 79.817085219762774, 30.826305425869741 ], [ 79.816108656764598, 30.832111316858885 ] ] } },
{ "type": "Feature", "properties": { "MED_DESCRI": "Without Median", "RTT_DESCRI": "Secondary Route", "F_CODE_DES": "Road", "ISO": "IND", "ISOCOUNTRY": "INDIA" }, "geometry": { "type": "LineString", "coordinates": [ [ 77.279808041506826, 30.546249384393377 ], [ 77.272750781520017, 30.544527027396597 ], [ 77.267753621529366, 30.531665766420645 ], [ 77.263053947538154, 30.530750250422351 ], [ 77.25311273655673, 30.532777842418561 ], [ 77.242752134576108, 30.518777856444736 ], [ 77.239196855582762, 30.513971397453723 ], [ 77.223419135612261, 30.508388526464167 ], [ 77.21691885862441, 30.502082730475955 ], [ 77.21089164863568, 30.490194252498185 ], [ 77.209640468638014, 30.487722321502801 ] ] } },
{ "type": "Feature", "properties": { "MED_DESCRI": "Without Median", "RTT_DESCRI": "Secondary Route", "F_CODE_DES": "Road", "ISO": "IND", "ISOCOUNTRY": "INDIA" }, "geometry": { "type": "LineString", "coordinates": [ [ 76.7168579345594, 30.560472579366781 ], [ 76.717445346558293, 30.559028619369478 ], [ 76.718086245557103, 30.557472204372388 ], [ 76.713752664565206, 30.551471643383607 ], [ 76.708778373574503, 30.54827697638958 ], [ 76.600471545777012, 30.486944208504262 ] ] } },
{ "type": "Feature", "properties": { "MED_DESCRI": "Without Median", "RTT_DESCRI": "Secondary Route", "F_CODE_DES": "Road", "ISO": "IND", "ISOCOUNTRY": "INDIA" }, "geometry": { "type": "LineString", "coordinates": [ [ 78.141113358896405, 30.616222287262545 ], [ 78.144218439890608, 30.613138185268312 ], [ 78.146888820885607, 30.593973207304145 ], [ 78.141830424895062, 30.58480651832128 ], [ 78.146552967886237, 30.576278649337226 ], [ 78.145141515888881, 30.568639836351508 ], [ 78.154083294872152, 30.565111206358104 ], [ 78.160614000859951, 30.557361639372594 ], [ 78.1606368698599, 30.552084003382461 ], [ 78.154335042871693, 30.546083442393687 ], [ 78.153442395873356, 30.533861190416538 ], [ 78.159553521861923, 30.518972337444374 ], [ 78.157386825865984, 30.505806030468989 ], [ 78.159301773862396, 30.503915841472526 ], [ 78.166641210848681, 30.496778445485873 ], [ 78.16683191184832, 30.493333731492314 ], [ 78.167251680847542, 30.485221851507482 ] ] } },
{ "type": "Feature", "properties": { "MED_DESCRI": "Without Median", "RTT_DESCRI": "Secondary Route", "F_CODE_DES": "Road", "ISO": "IND", "ISOCOUNTRY": "INDIA" }, "geometry": { "type": "LineString", "coordinates": [ [ 78.167251680847542, 30.485221851507482 ], [ 78.173110869836577, 30.485111286507689 ] ] } },
{ "type": "Feature", "properties": { "MED_DESCRI": "Without Median", "RTT_DESCRI": "Primary Route", "F_CODE_DES": "Road", "ISO": "IND", "ISOCOUNTRY": "INDIA" }, "geometry": { "type": "LineString", "coordinates": [ [ 76.374580447199364, 30.607889088278121 ], [ 76.494636459974885, 30.536472414411655 ], [ 76.499473536965851, 30.533582604417056 ], [ 76.573082043828222, 30.489721374499069 ], [ 76.582031193811488, 30.484388361509041 ], [ 76.586891139802404, 30.481500630514439 ], [ 76.592056320792736, 30.479722896517764 ], [ 76.593307500790402, 30.47927855751859 ] ] } },
{ "type": "Feature", "properties": { "MED_DESCRI": "Without Median", "RTT_DESCRI": "Secondary Route", "F_CODE_DES": "Road", "ISO": "IND", "ISOCOUNTRY": "INDIA" }, "geometry": { "type": "LineString", "coordinates": [ [ 75.964057894966928, 30.479888838517454 ], [ 75.970390339955088, 30.487083501503996 ], [ 75.987167302923723, 30.498332970482963 ], [ 76.038612346827534, 30.524221434434558 ], [ 76.041114895822858, 30.525472614432218 ], [ 76.042724608819853, 30.526721904429884 ], [ 76.056053077794928, 30.537027318410615 ], [ 76.070777878767387, 30.559139184369272 ], [ 76.071388159766258, 30.56083300236611 ], [ 76.073448259762401, 30.566610354355305 ], [ 76.082695084745112, 30.592582734306745 ], [ 76.089164743733022, 30.604473102284508 ], [ 76.093803370724345, 30.625639023244936 ], [ 76.099639879713436, 30.630443592235956 ], [ 76.108528171696804, 30.633277836230654 ], [ 76.112251282689854, 30.637945191221924 ], [ 76.106750437700128, 30.648721782201775 ], [ 76.106086669701369, 30.655860879188431 ], [ 76.111389253691456, 30.665721954169989 ], [ 76.118278492678584, 30.670250016161525 ], [ 76.121582023672403, 30.672416712157471 ], [ 76.149803125619641, 30.678583215145942 ], [ 76.162780810595379, 30.683082549137531 ], [ 76.184639038554508, 30.694334097116496 ], [ 76.196304307532685, 30.694055511117014 ], [ 76.201332085523291, 30.698194422109275 ], [ 76.219665463489008, 30.698804892108136 ] ] } },
{ "type": "Feature", "properties": { "MED_DESCRI": "Unknown", "RTT_DESCRI": "Unknown", "F_CODE_DES": "Road", "ISO": "IND", "ISOCOUNTRY": "INDIA" }, "geometry": { "type": "LineString", "coordinates": [ [ 76.593307500790402, 30.47927855751859 ], [ 76.600471545777012, 30.486944208504262 ] ] } },
{ "type": "Feature", "properties": { "MED_DESCRI": "Without Median", "RTT_DESCRI": "Secondary Route", "F_CODE_DES": "Road", "ISO": "IND", "ISOCOUNTRY": "INDIA" }, "geometry": { "type": "LineString", "coordinates": [ [ 74.519996593666946, 30.478776951519528 ], [ 74.522972020661385, 30.495000900489195 ], [ 74.527305601653282, 30.518638563445002 ], [ 74.537330539634539, 30.547472025391087 ], [ 74.544914164620366, 30.569334033350209 ], [ 74.553863503603623, 30.595028016302173 ], [ 74.566139242580675, 30.630333027236162 ], [ 74.574081400565831, 30.653194467193416 ], [ 74.583251869548675, 30.707305923092242 ], [ 74.584136956547027, 30.712528182082472 ], [ 74.585029603545351, 30.717805818072605 ], [ 74.606193634505786, 30.842472107839512 ], [ 74.607002176504267, 30.847278566830525 ], [ 74.608528162501415, 30.862861616801389 ], [ 74.611419673496016, 30.892333898746287 ], [ 74.621314957477509, 30.917007470700156 ] ] } },
{ "type": "Feature", "properties": { "MED_DESCRI": "Without Median", "RTT_DESCRI": "Secondary Route", "F_CODE_DES": "Road", "ISO": "IND", "ISOCOUNTRY": "INDIA" }, "geometry": { "type": "LineString", "coordinates": [ [ 77.209640468638014, 30.487722321502801 ], [ 77.197860665660045, 30.486917559504306 ], [ 77.188636709677297, 30.486278550505503 ], [ 77.18614190968195, 30.48611071850582 ], [ 77.17485804270305, 30.48374935251023 ], [ 77.149360619750723, 30.478416528520206 ], [ 77.129524313787812, 30.474277428527941 ] ] } },
{ "type": "Feature", "properties": { "MED_DESCRI": "Without Median", "RTT_DESCRI": "Secondary Route", "F_CODE_DES": "Road", "ISO": "IND", "ISOCOUNTRY": "INDIA" }, "geometry": { "type": "LineString", "coordinates": [ [ 76.857864408295754, 30.67261119315711 ], [ 76.859863272292017, 30.670610439160853 ], [ 76.873023909267403, 30.657583236185211 ], [ 76.875610374262564, 30.655027389189989 ], [ 76.87983698125467, 30.652166307195337 ], [ 76.902832044211664, 30.636528069224575 ], [ 76.91302481419261, 30.633972222229353 ], [ 76.931274465158495, 30.633111894230964 ], [ 76.939529418143053, 30.629278218238134 ], [ 76.941612198139168, 30.627666426241149 ], [ 76.952163690119434, 30.619499169256414 ], [ 76.972000185082351, 30.610750170272773 ], [ 76.977218664072581, 30.608444181277086 ], [ 76.977859563071391, 30.608028381277862 ], [ 76.984191819059546, 30.60336121528659 ], [ 76.999999968029996, 30.591722406308349 ], [ 77.00802604201499, 30.58738901431645 ], [ 77.008468680014161, 30.587139156316923 ], [ 77.025444092982411, 30.575445159338784 ], [ 77.037391727960085, 30.567222525354161 ], [ 77.044944734945958, 30.563861916360445 ], [ 77.04666898194273, 30.563083614361901 ], [ 77.058418355920764, 30.555999705375143 ], [ 77.062499999913129, 30.553556502379713 ], [ 77.071334804896608, 30.548221599389684 ], [ 77.072364854894687, 30.547611318390828 ], [ 77.085220256870656, 30.528528177426509 ], [ 77.0873871418666, 30.525278133432586 ], [ 77.088836582863891, 30.523138086436589 ], [ 77.09696963084869, 30.516387951449204 ], [ 77.102531522838291, 30.511777863457823 ], [ 77.111274662821941, 30.504499473471434 ], [ 77.129524313787812, 30.474277428527941 ] ] } },
{ "type": "Feature", "properties": { "MED_DESCRI": "Without Median", "RTT_DESCRI": "Secondary Route", "F_CODE_DES": "Road", "ISO": "IND", "ISOCOUNTRY": "INDIA" }, "geometry": { "type": "LineString", "coordinates": [ [ 74.519996593666946, 30.478776951519528 ], [ 74.519302396668252, 30.474944976526693 ], [ 74.518943863668923, 30.472917573530488 ] ] } },
{ "type": "Feature", "properties": { "MED_DESCRI": "Unknown", "RTT_DESCRI": "Unknown", "F_CODE_DES": "Road", "ISO": "IND", "ISOCOUNTRY": "INDIA" }, "geometry": { "type": "LineString", "coordinates": [ [ 76.593307500790402, 30.47927855751859 ], [ 76.602142305773882, 30.476249643524255 ], [ 76.604614236769265, 30.473388750529601 ], [ 76.60916894776075, 30.471721581532719 ], [ 76.629219012723254, 30.464471730546279 ], [ 76.729385421535966, 30.40488815765768 ], [ 76.731277500532428, 30.403778160659755 ], [ 76.760330202478116, 30.386472753692111 ], [ 76.762695348473684, 30.386055063692893 ], [ 76.775192217450325, 30.374639463714239 ] ] } },
{ "type": "Feature", "properties": { "MED_DESCRI": "Unknown", "RTT_DESCRI": "Unknown", "F_CODE_DES": "Road", "ISO": "IND", "ISOCOUNTRY": "INDIA" }, "geometry": { "type": "LineString", "coordinates": [ [ 74.518196179670312, 30.469165734537498 ], [ 74.518943863668923, 30.472917573530488 ] ] } },
{ "type": "Feature", "properties": { "MED_DESCRI": "Unknown", "RTT_DESCRI": "Unknown", "F_CODE_DES": "Road", "ISO": "IND", "ISOCOUNTRY": "INDIA" }, "geometry": { "type": "LineString", "coordinates": [ [ 74.517105082672359, 30.469577754536729 ], [ 74.518196179670312, 30.469165734537498 ] ] } },
{ "type": "Feature", "properties": { "MED_DESCRI": "Unknown", "RTT_DESCRI": "Unknown", "F_CODE_DES": "Road", "ISO": "IND", "ISOCOUNTRY": "INDIA" }, "geometry": { "type": "LineString", "coordinates": [ [ 74.518196179670312, 30.469165734537498 ], [ 74.522750890661797, 30.467445456540716 ], [ 74.565444856581976, 30.438722559594417 ], [ 74.598503035520167, 30.416444751636071 ], [ 74.604530245508897, 30.412389756643655 ], [ 74.609611510499391, 30.407722401652386 ], [ 74.633331388455048, 30.385999686692998 ], [ 74.635887235450269, 30.383667048697362 ], [ 74.643554776435934, 30.380332899703596 ], [ 74.647834870427928, 30.378471438707074 ], [ 74.666664184392715, 30.367111215728315 ], [ 74.697502180335064, 30.344972700769709 ], [ 74.704414288322141, 30.340000110779009 ], [ 74.71311187930587, 30.326639133803987 ], [ 74.718917770295022, 30.32049946881547 ], [ 74.743774483248544, 30.306693963841276 ], [ 74.752357540232495, 30.301916043850213 ] ] } },
{ "type": "Feature", "properties": { "MED_DESCRI": "Without Median", "RTT_DESCRI": "Secondary Route", "F_CODE_DES": "Road", "ISO": "IND", "ISOCOUNTRY": "INDIA" }, "geometry": { "type": "LineString", "coordinates": [ [ 78.080085826010517, 30.453443580566898 ], [ 78.092781144986773, 30.45347211956684 ], [ 78.109642023955246, 30.460166877554329 ], [ 78.113525406947986, 30.466054983543316 ], [ 78.121582098932933, 30.46894460453791 ], [ 78.133392330910851, 30.465972957543471 ], [ 78.138610809901081, 30.462999420549032 ], [ 78.140274009897979, 30.480277989516722 ], [ 78.142776558893303, 30.483139071511374 ], [ 78.147918681883681, 30.4856395415067 ], [ 78.167251680847542, 30.485221851507482 ] ] } },
{ "type": "Feature", "properties": { "MED_DESCRI": "Without Median", "RTT_DESCRI": "Secondary Route", "F_CODE_DES": "Road", "ISO": "IND", "ISOCOUNTRY": "INDIA" }, "geometry": { "type": "LineString", "coordinates": [ [ 78.075302047019463, 30.453416742566944 ], [ 78.080085826010517, 30.453443580566898 ] ] } },
{ "type": "Feature", "properties": { "MED_DESCRI": "Without Median", "RTT_DESCRI": "Secondary Route", "F_CODE_DES": "Road", "ISO": "IND", "ISOCOUNTRY": "INDIA" }, "geometry": { "type": "LineString", "coordinates": [ [ 77.595916777915789, 30.441804960588655 ], [ 77.578086895949127, 30.451805139569963 ], [ 77.577720613949808, 30.451999620569595 ], [ 77.545387250010265, 30.470111868535732 ], [ 77.488418492116779, 30.495721746487845 ], [ 77.472999494145611, 30.496833822485769 ], [ 77.467277519156298, 30.496110897487121 ], [ 77.441970797203624, 30.492860853493198 ], [ 77.416442945251347, 30.498556179482549 ], [ 77.39533240129083, 30.509500413462085 ], [ 77.389190657302308, 30.510110883460946 ], [ 77.378418035322454, 30.504554661471332 ], [ 77.37366487433134, 30.504554661471332 ], [ 77.369529743339072, 30.507110508466553 ], [ 77.36030578735631, 30.506221830468213 ], [ 77.340225293393857, 30.513526869454559 ], [ 77.33097071941117, 30.515333142451176 ], [ 77.324111909423991, 30.516666348448688 ], [ 77.292777977482572, 30.530111241423548 ], [ 77.279808041506826, 30.546249384393377 ] ] } },
{ "type": "Feature", "properties": { "MED_DESCRI": "Without Median", "RTT_DESCRI": "Secondary Route", "F_CODE_DES": "Road", "ISO": "IND", "ISOCOUNTRY": "INDIA" }, "geometry": { "type": "LineString", "coordinates": [ [ 77.129524313787812, 30.474277428527941 ], [ 77.091026336859798, 30.46169475355147 ], [ 77.071334804896608, 30.456611598560976 ], [ 77.062583915912981, 30.454360986565177 ], [ 77.052475061931872, 30.45174976257006 ], [ 77.030357336973225, 30.440610858590887 ] ] } },
{ "type": "Feature", "properties": { "MED_DESCRI": "Without Median", "RTT_DESCRI": "Secondary Route", "F_CODE_DES": "Road", "ISO": "IND", "ISOCOUNTRY": "INDIA" }, "geometry": { "type": "LineString", "coordinates": [ [ 77.735473621654847, 30.436445298598677 ], [ 77.791114843550815, 30.476667333523473 ], [ 77.810585056514412, 30.487861614502542 ], [ 77.8228912244914, 30.499195188481352 ], [ 77.828025787481806, 30.501722307476626 ], [ 77.830864000476495, 30.506610792467491 ], [ 77.832832246472819, 30.509971590461205 ], [ 77.841110257457331, 30.513555597454506 ], [ 77.843223655453386, 30.518444082445363 ], [ 77.844139171451673, 30.52058412944136 ], [ 77.839942993459516, 30.533027700418096 ], [ 77.830253530477634, 30.536027886412484 ], [ 77.829307585479398, 30.538305336408229 ], [ 77.832359368473703, 30.540721890403709 ], [ 77.838638326461961, 30.542139012401059 ], [ 77.848251433443977, 30.55863946837021 ], [ 77.853111190434902, 30.561832434364234 ], [ 77.858024623425706, 30.572860773343621 ], [ 77.863998346414547, 30.576110817337543 ], [ 77.872665319398337, 30.580833360328711 ], [ 77.875968850392155, 30.587638872315985 ], [ 77.876502964391165, 30.601444188290174 ], [ 77.874275221395322, 30.619972236255528 ], [ 77.873390134396985, 30.627250626241924 ], [ 77.863334578415788, 30.631416375234132 ], [ 77.855552692430336, 30.642084102214184 ], [ 77.851470859437967, 30.65727800118578 ], [ 77.867446840408093, 30.660749364179289 ], [ 77.872558534398536, 30.664417287172434 ], [ 77.870224006402907, 30.667749357166201 ], [ 77.858169586425433, 30.669750300162463 ], [ 77.859748870422493, 30.674194257154149 ], [ 77.872581403398499, 30.677028690148852 ], [ 77.866333063410181, 30.68433372913519 ], [ 77.872192441399221, 30.692638389119665 ], [ 77.863250662415936, 30.701166069103721 ], [ 77.86066438642078, 30.703611351099148 ], [ 77.85955816942284, 30.709304787088506 ], [ 77.865997399410801, 30.730472598048927 ], [ 77.862586894417177, 30.738805797033343 ], [ 77.864280712414015, 30.750833568010854 ], [ 77.871193009401082, 30.759387896994859 ], [ 77.875610317392827, 30.761417378991062 ], [ 77.898330763350344, 30.763555535987066 ], [ 77.905609153336741, 30.766166759982184 ], [ 77.914253257320581, 30.781694432953152 ], [ 77.928947440293101, 30.789472538938611 ], [ 77.929389889292281, 30.790138196937363 ], [ 77.940666196271195, 30.807193745905479 ], [ 77.950302172253174, 30.814945202890982 ], [ 77.952613831248854, 30.821472128878781 ], [ 77.94833373725686, 30.839889611844342 ], [ 77.942191993268338, 30.84972195882596 ], [ 77.941780162269112, 30.858110345810275 ], [ 77.940940813270672, 30.87536056477802 ], [ 77.942748976267296, 30.88555522475896 ], [ 77.931999223287391, 30.883249235763273 ], [ 77.92375183030282, 30.887722109754911 ], [ 77.921386684307237, 30.89158243474769 ], [ 77.919914185309992, 30.893972339743222 ], [ 77.92191323830626, 30.901167002729771 ], [ 77.913002077322915, 30.912500387708583 ], [ 77.906219434335597, 30.928277918679079 ], [ 77.89897147334915, 30.933916166668538 ], [ 77.895667942355331, 30.940195124656796 ], [ 77.899559074348048, 30.94680596664444 ], [ 77.920974664308005, 30.962417555615247 ], [ 77.960197456234667, 30.974666645592343 ], [ 77.963249239228972, 30.974582729592505 ], [ 77.976196306204756, 30.97419357859323 ], [ 77.997779917164408, 30.982944467576871 ], [ 78.011222920139275, 30.985111163572817 ], [ 78.020919754121138, 30.992195072559575 ], [ 78.028442332107076, 31.000083932544818 ], [ 78.031440817101469, 31.008472508529138 ], [ 78.041580289082503, 31.015806275515423 ], [ 78.043777414078406, 31.017389339512462 ] ] } },
{ "type": "Feature", "properties": { "MED_DESCRI": "Without Median", "RTT_DESCRI": "Secondary Route", "F_CODE_DES": "Road", "ISO": "IND", "ISOCOUNTRY": "INDIA" }, "geometry": { "type": "LineString", "coordinates": [ [ 77.735473621654847, 30.436445298598677 ], [ 77.71677396168981, 30.439361568593228 ], [ 77.675613352766774, 30.44033246159141 ], [ 77.675109856767719, 30.44033246159141 ], [ 77.67444608876896, 30.440361000591359 ], [ 77.670112696777053, 30.440444916591197 ], [ 77.654136715806928, 30.445388778581957 ], [ 77.652557431809882, 30.445861845581071 ], [ 77.647140502820008, 30.445528071581698 ], [ 77.639892541833561, 30.445055004582578 ], [ 77.620109533870547, 30.43519392960102 ], [ 77.613746659882452, 30.435361950600701 ], [ 77.602554268903376, 30.440195058591669 ], [ 77.596885591913974, 30.442638450587097 ], [ 77.596473760914748, 30.442304676587725 ], [ 77.595916777915789, 30.441804960588655 ] ] } },
{ "type": "Feature", "properties": { "MED_DESCRI": "Without Median", "RTT_DESCRI": "Secondary Route", "F_CODE_DES": "Road", "ISO": "IND", "ISOCOUNTRY": "INDIA" }, "geometry": { "type": "LineString", "coordinates": [ [ 76.921218909177298, 30.422916489623972 ], [ 76.93113706215874, 30.424833327620391 ], [ 76.999999968029996, 30.438222843595355 ], [ 77.026947020979605, 30.441278406589639 ], [ 77.030357336973225, 30.440610858590887 ] ] } },
{ "type": "Feature", "properties": { "MED_DESCRI": "Without Median", "RTT_DESCRI": "Secondary Route", "F_CODE_DES": "Road", "ISO": "IND", "ISOCOUNTRY": "INDIA" }, "geometry": { "type": "LineString", "coordinates": [ [ 76.894302285227624, 30.419944842629533 ], [ 76.900581432215873, 30.427555116615302 ], [ 76.905586152206524, 30.430416198609954 ], [ 76.90799722520201, 30.431804592607357 ], [ 76.913276751192143, 30.431304876608287 ], [ 76.921218909177298, 30.422916489623972 ] ] } },
{ "type": "Feature", "properties": { "MED_DESCRI": "Without Median", "RTT_DESCRI": "Secondary Route", "F_CODE_DES": "Road", "ISO": "IND", "ISOCOUNTRY": "INDIA" }, "geometry": { "type": "LineString", "coordinates": [ [ 76.894302285227624, 30.419944842629533 ], [ 76.897087011222411, 30.418083192633013 ], [ 76.905830340206066, 30.419834088629734 ], [ 76.921218909177298, 30.422916489623972 ] ] } },
{ "type": "Feature", "properties": { "MED_DESCRI": "Without Median", "RTT_DESCRI": "Secondary Route", "F_CODE_DES": "Road", "ISO": "IND", "ISOCOUNTRY": "INDIA" }, "geometry": { "type": "LineString", "coordinates": [ [ 78.324081423554304, 30.563167530361738 ], [ 78.332473779538617, 30.557027865373222 ], [ 78.335693394532598, 30.554695038377581 ], [ 78.343635552517739, 30.535055103414301 ], [ 78.357108984492555, 30.51608271644978 ], [ 78.380943207447984, 30.506471688467748 ], [ 78.385917687438692, 30.50300032547424 ], [ 78.395973243419888, 30.486888831504359 ], [ 78.402137667408354, 30.477027945522799 ], [ 78.403777998405289, 30.471111300533863 ], [ 78.402748137407215, 30.465583806544196 ], [ 78.41757972337949, 30.455610276562844 ], [ 78.422164863370909, 30.458999613556507 ], [ 78.423164295369048, 30.455360418563309 ], [ 78.418808034377193, 30.447834060577385 ], [ 78.430442874355435, 30.442583073587201 ], [ 78.42575076036421, 30.43641657059873 ], [ 78.428558355358959, 30.428499171613538 ], [ 78.442916874332113, 30.417360267634365 ], [ 78.451362528316324, 30.417694041633737 ], [ 78.4532470473128, 30.415500696637842 ], [ 78.457305822305216, 30.410804802646616 ] ] } },
{ "type": "Feature", "properties": { "MED_DESCRI": "Without Median", "RTT_DESCRI": "Secondary Route", "F_CODE_DES": "Road", "ISO": "IND", "ISOCOUNTRY": "INDIA" }, "geometry": { "type": "LineString", "coordinates": [ [ 74.036003126571885, 30.410610132646987 ], [ 74.036804108570394, 30.410291667647577 ], [ 74.03775024256862, 30.409915935648279 ], [ 74.038864208566537, 30.409471596649112 ], [ 74.046928460551456, 30.406341567654962 ], [ 74.047302302550762, 30.406194714655243 ], [ 74.060585033525925, 30.400999104664955 ], [ 74.072166386504279, 30.396472932673419 ], [ 74.126029874403557, 30.386888553691335 ], [ 74.139190700378961, 30.384527187695753 ], [ 74.152443002354175, 30.381000447702348 ], [ 74.174919071312146, 30.375028614713514 ], [ 74.187362642288889, 30.371723193719689 ] ] } },
{ "type": "Feature", "properties": { "MED_DESCRI": "Without Median", "RTT_DESCRI": "Secondary Route", "F_CODE_DES": "Road", "ISO": "IND", "ISOCOUNTRY": "INDIA" }, "geometry": { "type": "LineString", "coordinates": [ [ 74.036003126571885, 30.410610132646987 ], [ 74.034942647573871, 30.409055796649888 ], [ 74.033386232576788, 30.406804995654099 ] ] } },
{ "type": "Feature", "properties": { "MED_DESCRI": "Without Median", "RTT_DESCRI": "Secondary Route", "F_CODE_DES": "Road", "ISO": "IND", "ISOCOUNTRY": "INDIA" }, "geometry": { "type": "LineString", "coordinates": [ [ 74.897918724960334, 30.412889472642725 ], [ 74.889778116975549, 30.408277494651344 ], [ 74.878723128996228, 30.402027075663028 ], [ 74.845558165058236, 30.375360498712894 ], [ 74.790748543160717, 30.328111632801232 ], [ 74.776084978188138, 30.315444852824918 ], [ 74.752357540232495, 30.301916043850213 ] ] } },
{ "type": "Feature", "properties": { "MED_DESCRI": "Without Median", "RTT_DESCRI": "Secondary Route", "F_CODE_DES": "Road", "ISO": "IND", "ISOCOUNTRY": "INDIA" }, "geometry": { "type": "LineString", "coordinates": [ [ 74.031501713580312, 30.40490346665765 ], [ 74.033386232576788, 30.406804995654099 ] ] } },
{ "type": "Feature", "properties": { "MED_DESCRI": "Without Median", "RTT_DESCRI": "Secondary Route", "F_CODE_DES": "Road", "ISO": "IND", "ISOCOUNTRY": "INDIA" }, "geometry": { "type": "LineString", "coordinates": [ [ 73.970459438694434, 30.483518583510666 ], [ 73.982917751671152, 30.475915869524876 ], [ 73.988777129660193, 30.469804743536308 ], [ 73.990280057657387, 30.459943857554741 ], [ 73.991081228655887, 30.454694760564557 ], [ 73.993530290651307, 30.438722559594417 ], [ 74.00158698263624, 30.426332475617585 ], [ 74.00205230063537, 30.425638278618884 ], [ 74.012306306616196, 30.416194893636543 ], [ 74.020027145601759, 30.412138008644128 ], [ 74.024024873594286, 30.410028390648073 ], [ 74.027664257587475, 30.408111552651654 ], [ 74.029945298583215, 30.406917639653891 ], [ 74.031501713580312, 30.40490346665765 ] ] } },
{ "type": "Feature", "properties": { "MED_DESCRI": "Without Median", "RTT_DESCRI": "Secondary Route", "F_CODE_DES": "Road", "ISO": "IND", "ISOCOUNTRY": "INDIA" }, "geometry": { "type": "LineString", "coordinates": [ [ 75.964057894966928, 30.479888838517454 ], [ 75.915412886057879, 30.424833327620391 ], [ 75.90071870308536, 30.412332489643767 ], [ 75.878830046126282, 30.404054667659238 ] ] } },
{ "type": "Feature", "properties": { "MED_DESCRI": "Without Median", "RTT_DESCRI": "Secondary Route", "F_CODE_DES": "Road", "ISO": "IND", "ISOCOUNTRY": "INDIA" }, "geometry": { "type": "LineString", "coordinates": [ [ 75.878830046126282, 30.404054667659238 ], [ 75.88447566511573, 30.416166354636594 ], [ 75.89080811010389, 30.429721812611248 ], [ 75.890418959104622, 30.462333762550273 ], [ 75.884552021115582, 30.481832514513819 ], [ 75.891861029101918, 30.504693954471072 ], [ 75.89194494510177, 30.512611353456265 ], [ 75.891998243101668, 30.517778424446604 ] ] } },
{ "type": "Feature", "properties": { "MED_DESCRI": "Without Median", "RTT_DESCRI": "Secondary Route", "F_CODE_DES": "Road", "ISO": "IND", "ISOCOUNTRY": "INDIA" }, "geometry": { "type": "LineString", "coordinates": [ [ 75.878830046126282, 30.404054667659238 ], [ 75.878051744127745, 30.403833348659653 ], [ 75.859947245161592, 30.398471796669682 ], [ 75.856529180167982, 30.39747236467155 ], [ 75.836364770205691, 30.391527180682665 ], [ 75.812530547250248, 30.381000447702348 ], [ 75.798027065277367, 30.370639845721719 ], [ 75.774108926322086, 30.353555757753661 ], [ 75.755554229356775, 30.340278696778483 ], [ 75.643470803566345, 30.259971651928637 ], [ 75.63288888258613, 30.252361377942869 ] ] } },
{ "type": "Feature", "properties": { "MED_DESCRI": "Without Median", "RTT_DESCRI": "Secondary Route", "F_CODE_DES": "Road", "ISO": "IND", "ISOCOUNTRY": "INDIA" }, "geometry": { "type": "LineString", "coordinates": [ [ 76.789947447422733, 30.390499020684587 ], [ 76.836219750336213, 30.397527741671446 ], [ 76.868942265275038, 30.404249148658877 ], [ 76.880279619253841, 30.407638485652541 ], [ 76.88911442423732, 30.413639046641322 ], [ 76.894302285227624, 30.419944842629533 ] ] } },
{ "type": "Feature", "properties": { "MED_DESCRI": "Without Median", "RTT_DESCRI": "Primary Route", "F_CODE_DES": "Road", "ISO": "IND", "ISOCOUNTRY": "INDIA" }, "geometry": { "type": "LineString", "coordinates": [ [ 76.789947447422733, 30.390499020684587 ], [ 76.779663012441958, 30.424972620620132 ], [ 76.779807975441699, 30.435972231599564 ], [ 76.787109423428035, 30.455610276562844 ], [ 76.805336016393966, 30.493305192492365 ], [ 76.807724031389498, 30.51041611846037 ], [ 76.808029266388928, 30.511083666459122 ], [ 76.847137524315798, 30.595111932302011 ] ] } },
{ "type": "Feature", "properties": { "MED_DESCRI": "Without Median", "RTT_DESCRI": "Secondary Route", "F_CODE_DES": "Road", "ISO": "IND", "ISOCOUNTRY": "INDIA" }, "geometry": { "type": "LineString", "coordinates": [ [ 76.179252538564569, 30.389389023686661 ], [ 76.18391422355586, 30.39299967967991 ], [ 76.2068862285129, 30.410722776646772 ], [ 76.216278016495352, 30.422027622625635 ], [ 76.243164022445072, 30.495000900489195 ], [ 76.242973321445433, 30.498443535482757 ], [ 76.239913978451156, 30.554555934377845 ], [ 76.232833849464384, 30.624139875247742 ], [ 76.231719883466468, 30.634971654227485 ], [ 76.229888851469894, 30.667888650165942 ], [ 76.228363054472752, 30.695611926114104 ] ] } },
{ "type": "Feature", "properties": { "MED_DESCRI": "Without Median", "RTT_DESCRI": "Secondary Route", "F_CODE_DES": "Road", "ISO": "IND", "ISOCOUNTRY": "INDIA" }, "geometry": { "type": "LineString", "coordinates": [ [ 77.208808868639579, 30.382389030699748 ], [ 77.205024710646654, 30.384805773695234 ], [ 77.178390452696448, 30.401916510663241 ], [ 77.176025306700865, 30.402889293661417 ], [ 77.170059143712024, 30.405305847656898 ], [ 77.161247207728508, 30.408861126650251 ], [ 77.088081338865308, 30.418361589632489 ], [ 77.075553851888728, 30.423194886623456 ], [ 77.074585037890543, 30.423584037622724 ], [ 77.069747960899576, 30.425443608619247 ], [ 77.030357336973225, 30.440610858590887 ] ] } },
{ "type": "Feature", "properties": { "MED_DESCRI": "Without Median", "RTT_DESCRI": "Secondary Route", "F_CODE_DES": "Road", "ISO": "IND", "ISOCOUNTRY": "INDIA" }, "geometry": { "type": "LineString", "coordinates": [ [ 77.209640468638014, 30.487722321502801 ], [ 77.208694523639792, 30.478416528520206 ], [ 77.206718528643478, 30.459110178556301 ], [ 77.211807164633967, 30.434083932603095 ], [ 77.213333150631115, 30.410278248647607 ], [ 77.21744541262342, 30.391166757683337 ], [ 77.217498710623332, 30.390943548683758 ], [ 77.216636681624934, 30.384445161695908 ], [ 77.216362064625457, 30.382389030699748 ] ] } },
{ "type": "Feature", "properties": { "MED_DESCRI": "Without Median", "RTT_DESCRI": "Secondary Route", "F_CODE_DES": "Road", "ISO": "IND", "ISOCOUNTRY": "INDIA" }, "geometry": { "type": "LineString", "coordinates": [ [ 77.129524313787812, 30.474277428527941 ], [ 77.155166699739866, 30.445333401582062 ], [ 77.160110561730633, 30.436721805598161 ], [ 77.160553010729799, 30.435943692599615 ], [ 77.175582857701698, 30.425361582619402 ], [ 77.178863519695568, 30.423055593623715 ], [ 77.181274403691049, 30.420444558628596 ], [ 77.184890729684298, 30.416528667635916 ], [ 77.210334854636727, 30.388944684687495 ], [ 77.214446927629027, 30.384471810695857 ], [ 77.216362064625457, 30.382389030699748 ] ] } },
{ "type": "Feature", "properties": { "MED_DESCRI": "Without Median", "RTT_DESCRI": "Secondary Route", "F_CODE_DES": "Road", "ISO": "IND", "ISOCOUNTRY": "INDIA" }, "geometry": { "type": "LineString", "coordinates": [ [ 77.208808868639579, 30.382389030699748 ], [ 77.210830601635791, 30.382389030699748 ], [ 77.216362064625457, 30.382389030699748 ] ] } },
{ "type": "Feature", "properties": { "MED_DESCRI": "Without Median", "RTT_DESCRI": "Secondary Route", "F_CODE_DES": "Road", "ISO": "IND", "ISOCOUNTRY": "INDIA" }, "geometry": { "type": "LineString", "coordinates": [ [ 73.990669208656655, 30.378915777706247 ], [ 73.997444102643982, 30.38494487769497 ], [ 74.016220118608885, 30.392250105681313 ], [ 74.025253373591994, 30.398611089669416 ], [ 74.031501713580312, 30.40490346665765 ] ] } },
{ "type": "Feature", "properties": { "MED_DESCRI": "Unknown", "RTT_DESCRI": "Unknown", "F_CODE_DES": "Road", "ISO": "IND", "ISOCOUNTRY": "INDIA" }, "geometry": { "type": "LineString", "coordinates": [ [ 76.775192217450325, 30.374639463714239 ], [ 76.760475165477843, 30.377777052708375 ], [ 76.756195071485848, 30.377889696708159 ], [ 76.753471392490937, 30.377971722708011 ], [ 76.717552131558094, 30.370222155722502 ], [ 76.688972496611527, 30.364055652734031 ], [ 76.662277191661445, 30.358304949744777 ], [ 76.642555230698321, 30.360111222741402 ], [ 76.634025660714272, 30.359361648742805 ], [ 76.618415772743461, 30.356082876748935 ], [ 76.594253445788638, 30.351028449758388 ], [ 76.563835218845512, 30.344638737770332 ], [ 76.475723230010246, 30.33222200479355 ], [ 76.438224874080362, 30.326915829803468 ], [ 76.422500641109764, 30.324693756807626 ], [ 76.411003204131262, 30.323083854810633 ] ] } },
{ "type": "Feature", "properties": { "MED_DESCRI": "Without Median", "RTT_DESCRI": "Secondary Route", "F_CODE_DES": "Road", "ISO": "IND", "ISOCOUNTRY": "INDIA" }, "geometry": { "type": "LineString", "coordinates": [ [ 75.964057894966928, 30.479888838517454 ], [ 75.985191307927423, 30.47155563953303 ], [ 75.98841867192138, 30.46966734053656 ], [ 76.001609737896715, 30.461944611551004 ], [ 76.016334538869188, 30.450111321573125 ], [ 76.031166124841462, 30.430666056609482 ], [ 76.037941018828789, 30.424194318621588 ], [ 76.046943655811958, 30.419971491629482 ], [ 76.05241388280173, 30.417417534634254 ], [ 76.079330506751404, 30.408250845651395 ], [ 76.086196876738569, 30.405916128655761 ], [ 76.114807129685076, 30.392110812681572 ], [ 76.141914454634389, 30.373611492716158 ], [ 76.145667994627374, 30.371084184720885 ], [ 76.150611856618127, 30.369722439723432 ], [ 76.153335535613039, 30.370416636722133 ] ] } },
{ "type": "Feature", "properties": { "MED_DESCRI": "Without Median", "RTT_DESCRI": "Secondary Route", "F_CODE_DES": "Road", "ISO": "IND", "ISOCOUNTRY": "INDIA" }, "geometry": { "type": "LineString", "coordinates": [ [ 74.187362642288889, 30.371723193719689 ], [ 74.198387201268275, 30.383806152697098 ], [ 74.211807335243179, 30.409584051648899 ], [ 74.222503601223181, 30.42005540762932 ], [ 74.23036203220849, 30.425111724619867 ], [ 74.227165286214472, 30.431612001607718 ], [ 74.222381507223417, 30.433938969603368 ], [ 74.22105416022589, 30.434583648602157 ], [ 74.213584880239864, 30.438194304595406 ], [ 74.195442203273785, 30.447000570578943 ], [ 74.192085185280064, 30.44863882257588 ], [ 74.188552775286666, 30.453332826567106 ], [ 74.192169101279902, 30.465333948544668 ], [ 74.199165314266821, 30.488471895501405 ], [ 74.203331063259029, 30.502222023475696 ], [ 74.208305354249731, 30.511278147458761 ], [ 74.2200851572277, 30.532693926418716 ], [ 74.222579957223047, 30.542943963399551 ], [ 74.224777271218926, 30.551834145382934 ], [ 74.234664995200447, 30.567832995353015 ], [ 74.245864946179509, 30.581138595328142 ], [ 74.254417385163507, 30.591304716309132 ], [ 74.259002714154946, 30.596721645299006 ], [ 74.261306813150625, 30.601528104290018 ], [ 74.262168842149023, 30.599861124293135 ], [ 74.282859806110338, 30.581138595328142 ], [ 74.29389192508971, 30.575027469339567 ], [ 74.302055402074444, 30.570499407348031 ], [ 74.335388198012112, 30.555528717376021 ], [ 74.337997343007245, 30.554082867378725 ], [ 74.346305782991706, 30.549472779387344 ], [ 74.374557502938885, 30.533750625416744 ], [ 74.382942109923206, 30.531444636421057 ], [ 74.389335601911256, 30.531221427421471 ], [ 74.39685817989718, 30.53094473142199 ], [ 74.413360525866324, 30.530332560423133 ], [ 74.436470122823124, 30.519083091444166 ], [ 74.449691806798398, 30.518249601445724 ], [ 74.492996242717439, 30.485445060507061 ], [ 74.50033567970371, 30.479888838517454 ], [ 74.504028361696811, 30.477083133522697 ], [ 74.506469674692241, 30.475250211526124 ], [ 74.507415808690467, 30.474527286527476 ], [ 74.510864302684027, 30.471916251532356 ], [ 74.515167265675984, 30.47030634953537 ], [ 74.517105082672359, 30.469577754536729 ] ] } },
{ "type": "Feature", "properties": { "MED_DESCRI": "Unknown", "RTT_DESCRI": "Unknown", "F_CODE_DES": "Road", "ISO": "IND", "ISOCOUNTRY": "INDIA" }, "geometry": { "type": "LineString", "coordinates": [ [ 76.153335535613039, 30.370416636722133 ], [ 76.160919160598851, 30.373887999715642 ], [ 76.166336089588725, 30.378360684707282 ], [ 76.167220987587072, 30.379110258705879 ], [ 76.176193195570292, 30.386777799691544 ], [ 76.179252538564569, 30.389389023686661 ] ] } },
{ "type": "Feature", "properties": { "MED_DESCRI": "Unknown", "RTT_DESCRI": "Unknown", "F_CODE_DES": "Road", "ISO": "IND", "ISOCOUNTRY": "INDIA" }, "geometry": { "type": "LineString", "coordinates": [ [ 76.153335535613039, 30.370416636722133 ], [ 76.153556854612617, 30.367916166726808 ] ] } },
{ "type": "Feature", "properties": { "MED_DESCRI": "Without Median", "RTT_DESCRI": "Secondary Route", "F_CODE_DES": "Road", "ISO": "IND", "ISOCOUNTRY": "INDIA" }, "geometry": { "type": "LineString", "coordinates": [ [ 77.720443774682948, 30.365110461732058 ], [ 77.717971843687579, 30.415056168638671 ], [ 77.718940657685764, 30.419971491629482 ], [ 77.719390855684921, 30.42225083162522 ], [ 77.730720460663733, 30.432249120606521 ], [ 77.735473621654847, 30.436445298598677 ] ] } },
{ "type": "Feature", "properties": { "MED_DESCRI": "Without Median", "RTT_DESCRI": "Secondary Route", "F_CODE_DES": "Road", "ISO": "IND", "ISOCOUNTRY": "INDIA" }, "geometry": { "type": "LineString", "coordinates": [ [ 77.208808868639579, 30.382389030699748 ], [ 77.202468863651433, 30.382055256700376 ], [ 77.169387815713279, 30.380388276703492 ], [ 77.162445089726262, 30.380027853704163 ], [ 77.135559083776528, 30.378665919706712 ], [ 77.131225502784631, 30.378444600707127 ], [ 77.112861695818964, 30.379612053704939 ], [ 77.075836217888195, 30.379167525705775 ], [ 77.043807899948078, 30.374195124715072 ], [ 77.036781257961223, 30.373111776717096 ], [ 76.999999968029996, 30.367416450727745 ], [ 76.982940639061894, 30.364639284732938 ], [ 76.956497271111331, 30.365444235731431 ], [ 76.897003095222573, 30.374666301714193 ], [ 76.873138443267194, 30.378360684707282 ], [ 76.857803361295865, 30.381332331701728 ], [ 76.83416739934006, 30.385915770693153 ], [ 76.789947447422733, 30.390499020684587 ] ] } },
{ "type": "Feature", "properties": { "MED_DESCRI": "Without Median", "RTT_DESCRI": "Secondary Route", "F_CODE_DES": "Road", "ISO": "IND", "ISOCOUNTRY": "INDIA" }, "geometry": { "type": "LineString", "coordinates": [ [ 75.414413387994628, 30.492082551494654 ], [ 75.421417160981534, 30.47805591652088 ], [ 75.429557768966305, 30.471111300533863 ], [ 75.439941428946895, 30.467056305541441 ], [ 75.469528244891578, 30.465723099543936 ], [ 75.474281216882687, 30.466249464542955 ], [ 75.493225064847266, 30.468305595539107 ], [ 75.501274196832213, 30.465000174545288 ], [ 75.509803766816262, 30.455278392563464 ], [ 75.517753673801408, 30.439167087593589 ], [ 75.522392300792731, 30.433666242603877 ], [ 75.522666917792222, 30.433332468604497 ], [ 75.525718700786513, 30.429695163611299 ], [ 75.536750819765885, 30.406334007654976 ], [ 75.543472226753323, 30.387361620690456 ], [ 75.545333876749837, 30.382139172700214 ], [ 75.546806375747082, 30.363805794734496 ] ] } },
{ "type": "Feature", "properties": { "MED_DESCRI": "Unknown", "RTT_DESCRI": "Unknown", "F_CODE_DES": "Road", "ISO": "IND", "ISOCOUNTRY": "INDIA" }, "geometry": { "type": "LineString", "coordinates": [ [ 76.775192217450325, 30.374639463714239 ], [ 76.798446588406847, 30.36255650473683 ], [ 76.803695685397031, 30.359805987741971 ] ] } },
{ "type": "Feature", "properties": { "MED_DESCRI": "Unknown", "RTT_DESCRI": "Unknown", "F_CODE_DES": "Road", "ISO": "IND", "ISOCOUNTRY": "INDIA" }, "geometry": { "type": "LineString", "coordinates": [ [ 76.803695685397031, 30.359805987741971 ], [ 76.805557335393544, 30.364084191733973 ], [ 76.801223754401647, 30.370500552721978 ], [ 76.792053285418802, 30.383972094696787 ], [ 76.789947447422733, 30.390499020684587 ] ] } },
{ "type": "Feature", "properties": { "MED_DESCRI": "Without Median", "RTT_DESCRI": "Secondary Route", "F_CODE_DES": "Road", "ISO": "IND", "ISOCOUNTRY": "INDIA" }, "geometry": { "type": "LineString", "coordinates": [ [ 73.990669208656655, 30.378915777706247 ], [ 73.981857272673125, 30.377805780708321 ], [ 73.929443414771129, 30.36130532473917 ], [ 73.917999275792525, 30.358612074744208 ], [ 73.908752450809814, 30.358638723744157 ], [ 73.896194534833299, 30.363082869735848 ], [ 73.884510365855135, 30.369440262723963 ] ] } },
{ "type": "Feature", "properties": { "MED_DESCRI": "Unknown", "RTT_DESCRI": "Unknown", "F_CODE_DES": "Road", "ISO": "IND", "ISOCOUNTRY": "INDIA" }, "geometry": { "type": "LineString", "coordinates": [ [ 76.803695685397031, 30.359805987741971 ], [ 76.814834589376204, 30.352693539755272 ] ] } },
{ "type": "Feature", "properties": { "MED_DESCRI": "Without Median", "RTT_DESCRI": "Secondary Route", "F_CODE_DES": "Road", "ISO": "IND", "ISOCOUNTRY": "INDIA" }, "geometry": { "type": "LineString", "coordinates": [ [ 77.864860564412922, 30.348083451763891 ], [ 77.871109093401245, 30.358722639744002 ], [ 77.871307354400869, 30.358943958743588 ], [ 77.889030451367731, 30.378555354706918 ], [ 77.888168422369347, 30.388416240688478 ], [ 77.899024960349053, 30.392778360680325 ], [ 77.928863524293263, 30.398666466669312 ], [ 77.949668833254364, 30.409694616648693 ] ] } },
{ "type": "Feature", "properties": { "MED_DESCRI": "Without Median", "RTT_DESCRI": "Secondary Route", "F_CODE_DES": "Road", "ISO": "IND", "ISOCOUNTRY": "INDIA" }, "geometry": { "type": "LineString", "coordinates": [ [ 77.864860564412922, 30.348083451763891 ], [ 77.854614307432087, 30.351778023756985 ], [ 77.840385442458697, 30.360916173739895 ], [ 77.829864568478357, 30.367694847727222 ], [ 77.809776325515926, 30.384721668695391 ], [ 77.80464176252552, 30.39005468168542 ], [ 77.781585652568637, 30.413999469640643 ], [ 77.771583583587329, 30.421832952625998 ], [ 77.762252842604781, 30.427139316616078 ], [ 77.75592039761662, 30.429361389611927 ], [ 77.735473621654847, 30.436445298598677 ] ] } },
{ "type": "Feature", "properties": { "MED_DESCRI": "Without Median", "RTT_DESCRI": "Secondary Route", "F_CODE_DES": "Road", "ISO": "IND", "ISOCOUNTRY": "INDIA" }, "geometry": { "type": "LineString", "coordinates": [ [ 75.228691026341878, 30.343944540771631 ], [ 75.278526357248694, 30.357305517746646 ], [ 75.312972930184287, 30.373500738716366 ], [ 75.360527031095373, 30.395860761674562 ], [ 75.366943392083385, 30.402973209661262 ], [ 75.414413387994628, 30.492082551494654 ] ] } },
{ "type": "Feature", "properties": { "MED_DESCRI": "Without Median", "RTT_DESCRI": "Secondary Route", "F_CODE_DES": "Road", "ISO": "IND", "ISOCOUNTRY": "INDIA" }, "geometry": { "type": "LineString", "coordinates": [ [ 76.179252538564569, 30.389389023686661 ], [ 76.181579506560226, 30.388584072688168 ], [ 76.282524028371483, 30.353332548754075 ], [ 76.314918439310915, 30.344165859771216 ], [ 76.317947353305257, 30.343305531772828 ], [ 76.330886860281055, 30.343027134773344 ] ] } },
{ "type": "Feature", "properties": { "MED_DESCRI": "Without Median", "RTT_DESCRI": "Secondary Route", "F_CODE_DES": "Road", "ISO": "IND", "ISOCOUNTRY": "INDIA" }, "geometry": { "type": "LineString", "coordinates": [ [ 80.589243962319046, 30.484529544508774 ], [ 80.589416519318718, 30.483222987511219 ], [ 80.590385522316907, 30.476694171523427 ], [ 80.59227760131337, 30.463861449547416 ], [ 80.598419156301887, 30.454360986565177 ], [ 80.608253393283505, 30.44449991158362 ], [ 80.610000698280231, 30.441360432589491 ], [ 80.618362436264604, 30.42641639161743 ], [ 80.63102713724092, 30.39505581067607 ], [ 80.634918269233651, 30.389165814687075 ], [ 80.647720373209708, 30.378026910707902 ], [ 80.650474481204554, 30.371610549719904 ], [ 80.662277153182487, 30.344194398771165 ], [ 80.660804654185242, 30.340944354777243 ] ] } },
{ "type": "Feature", "properties": { "MED_DESCRI": "Unknown", "RTT_DESCRI": "Unknown", "F_CODE_DES": "Road", "ISO": "IND", "ISOCOUNTRY": "INDIA" }, "geometry": { "type": "LineString", "coordinates": [ [ 76.814834589376204, 30.352693539755272 ], [ 76.821525567363693, 30.353000664754695 ], [ 76.858276428294971, 30.335750634786955 ], [ 76.867805430277159, 30.333110871791888 ], [ 76.87997438425441, 30.329750073798174 ], [ 76.908775338200556, 30.321806025813025 ], [ 76.991691528045521, 30.286583040878881 ], [ 76.999442985031038, 30.283277430885065 ], [ 76.999999968029996, 30.284277051883194 ], [ 77.006332413018157, 30.282194082887088 ], [ 77.015418966001164, 30.279666963891813 ], [ 77.026000886981379, 30.276721965897316 ], [ 77.032913183968446, 30.274805127900905 ], [ 77.043502853948652, 30.271862019906408 ], [ 77.045974784944036, 30.272611593905005 ] ] } },
{ "type": "Feature", "properties": { "MED_DESCRI": "Without Median", "RTT_DESCRI": "Secondary Route", "F_CODE_DES": "Road", "ISO": "IND", "ISOCOUNTRY": "INDIA" }, "geometry": { "type": "LineString", "coordinates": [ [ 76.330886860281055, 30.343027134773344 ], [ 76.355079616235827, 30.344917323769813 ], [ 76.368110599211462, 30.345945294767887 ], [ 76.379417335190325, 30.344778030770073 ], [ 76.386802699176513, 30.340084026778847 ], [ 76.388725207172911, 30.33655539678545 ], [ 76.387863178174527, 30.335111625788144 ], [ 76.382553034184454, 30.326278710804658 ] ] } },
{ "type": "Feature", "properties": { "MED_DESCRI": "Without Median", "RTT_DESCRI": "Secondary Route", "F_CODE_DES": "Road", "ISO": "IND", "ISOCOUNTRY": "INDIA" }, "geometry": { "type": "LineString", "coordinates": [ [ 75.554611130732496, 30.334749312788823 ], [ 75.547142039746461, 30.359832825741925 ], [ 75.546806375747082, 30.363805794734496 ] ] } },
{ "type": "Feature", "properties": { "MED_DESCRI": "Unknown", "RTT_DESCRI": "Unknown", "F_CODE_DES": "Road", "ISO": "IND", "ISOCOUNTRY": "INDIA" }, "geometry": { "type": "LineString", "coordinates": [ [ 77.965667683224439, 30.334362051789547 ], [ 77.962638769230111, 30.335861199786741 ], [ 77.952835150248433, 30.340723035777657 ], [ 77.941528414269584, 30.344583549770434 ], [ 77.906082220335861, 30.344417607770744 ], [ 77.864860564412922, 30.348083451763891 ] ] } },
{ "type": "Feature", "properties": { "MED_DESCRI": "Unknown", "RTT_DESCRI": "Unknown", "F_CODE_DES": "Road", "ISO": "IND", "ISOCOUNTRY": "INDIA" }, "geometry": { "type": "LineString", "coordinates": [ [ 78.043334965079225, 30.326915829803468 ], [ 78.063079795042313, 30.342472041774386 ], [ 78.068969791031293, 30.359693532742185 ], [ 78.074607850020755, 30.367971354726706 ], [ 78.092056329988125, 30.382028607700427 ], [ 78.09336080798569, 30.38713841169087 ], [ 78.092140245987977, 30.39488986867638 ], [ 78.093635613985185, 30.400693869665524 ], [ 78.088996797993858, 30.403249716660746 ], [ 78.086555484998414, 30.409139712649733 ], [ 78.081222472008392, 30.409833909648434 ], [ 78.080696107009373, 30.419445126630464 ], [ 78.074279746021375, 30.42055512362839 ], [ 78.074027998021833, 30.424667385620701 ], [ 78.079971292010725, 30.427221342615923 ], [ 78.079002289012536, 30.434972799601432 ], [ 78.087829533996029, 30.437889069595983 ], [ 78.086914017997742, 30.439750719592496 ], [ 78.080085826010517, 30.453443580566898 ] ] } },
{ "type": "Feature", "properties": { "MED_DESCRI": "Unknown", "RTT_DESCRI": "Unknown", "F_CODE_DES": "Road", "ISO": "IND", "ISOCOUNTRY": "INDIA" }, "geometry": { "type": "LineString", "coordinates": [ [ 76.814834589376204, 30.352693539755272 ], [ 76.830360372347172, 30.332861013792353 ], [ 76.838447493332055, 30.325027530806999 ] ] } },
{ "type": "Feature", "properties": { "MED_DESCRI": "Without Median", "RTT_DESCRI": "Secondary Route", "F_CODE_DES": "Road", "ISO": "IND", "ISOCOUNTRY": "INDIA" }, "geometry": { "type": "LineString", "coordinates": [ [ 76.411003204131262, 30.323083854810633 ], [ 76.411308250130688, 30.323305173810219 ], [ 76.427413885100577, 30.335250918787885 ], [ 76.500862119963244, 30.389667420686138 ], [ 76.519531161928342, 30.406833723654046 ], [ 76.542442308885498, 30.427833513614779 ], [ 76.580528265814294, 30.462722724549543 ], [ 76.592941218791083, 30.478834218519424 ], [ 76.593307500790402, 30.47927855751859 ] ] } },
{ "type": "Feature", "properties": { "MED_DESCRI": "Without Median", "RTT_DESCRI": "Secondary Route", "F_CODE_DES": "Road", "ISO": "IND", "ISOCOUNTRY": "INDIA" }, "geometry": { "type": "LineString", "coordinates": [ [ 76.411003204131262, 30.323083854810633 ], [ 76.410163855132836, 30.322971399810847 ], [ 76.409416171134225, 30.322860645811055 ], [ 76.406723110139268, 30.322500222811726 ] ] } },
{ "type": "Feature", "properties": { "MED_DESCRI": "Unknown", "RTT_DESCRI": "Unknown", "F_CODE_DES": "Road", "ISO": "IND", "ISOCOUNTRY": "INDIA" }, "geometry": { "type": "LineString", "coordinates": [ [ 76.406723110139268, 30.322500222811726 ], [ 76.382331904184866, 30.322111071812451 ] ] } },
{ "type": "Feature", "properties": { "MED_DESCRI": "Unknown", "RTT_DESCRI": "Unknown", "F_CODE_DES": "Road", "ISO": "IND", "ISOCOUNTRY": "INDIA" }, "geometry": { "type": "LineString", "coordinates": [ [ 76.382331904184866, 30.322111071812451 ], [ 76.382553034184454, 30.326278710804658 ] ] } },
{ "type": "Feature", "properties": { "MED_DESCRI": "Unknown", "RTT_DESCRI": "Unknown", "F_CODE_DES": "Road", "ISO": "IND", "ISOCOUNTRY": "INDIA" }, "geometry": { "type": "LineString", "coordinates": [ [ 76.382331904184866, 30.322111071812451 ], [ 76.379417335190325, 30.32205588381256 ], [ 76.372833331202628, 30.318750462818734 ], [ 76.352195665241211, 30.312471315830479 ], [ 76.338973981265937, 30.308445048838003 ] ] } },
{ "type": "Feature", "properties": { "MED_DESCRI": "Without Median", "RTT_DESCRI": "Secondary Route", "F_CODE_DES": "Road", "ISO": "IND", "ISOCOUNTRY": "INDIA" }, "geometry": { "type": "LineString", "coordinates": [ [ 77.642608660828486, 30.316139238823617 ], [ 77.647445737819439, 30.32963950879838 ], [ 77.652526813809942, 30.332861013792353 ], [ 77.671585006774308, 30.333026955792043 ], [ 77.679191500760083, 30.338443695781919 ], [ 77.694114751732172, 30.336805254784977 ], [ 77.707221901707669, 30.338556339781704 ], [ 77.71553034169213, 30.345582981768565 ], [ 77.718582124686435, 30.351943965756675 ], [ 77.720443774682948, 30.365110461732058 ] ] } },
{ "type": "Feature", "properties": { "MED_DESCRI": "Without Median", "RTT_DESCRI": "Primary Route", "F_CODE_DES": "Road", "ISO": "IND", "ISOCOUNTRY": "INDIA" }, "geometry": { "type": "LineString", "coordinates": [ [ 76.84366616132229, 30.309694338835669 ], [ 76.841773893325836, 30.315250371825279 ], [ 76.839195177330652, 30.322860645811055 ], [ 76.838447493332055, 30.325027530806999 ] ] } },
{ "type": "Feature", "properties": { "MED_DESCRI": "Without Median", "RTT_DESCRI": "Secondary Route", "F_CODE_DES": "Road", "ISO": "IND", "ISOCOUNTRY": "INDIA" }, "geometry": { "type": "LineString", "coordinates": [ [ 76.338973981265937, 30.308445048838003 ], [ 76.341194164261779, 30.319583952817176 ], [ 76.339057897265775, 30.328611348800301 ], [ 76.336196815271123, 30.333665775790848 ], [ 76.330886860281055, 30.343027134773344 ] ] } },
{ "type": "Feature", "properties": { "MED_DESCRI": "Unknown", "RTT_DESCRI": "Unknown", "F_CODE_DES": "Road", "ISO": "IND", "ISOCOUNTRY": "INDIA" }, "geometry": { "type": "LineString", "coordinates": [ [ 78.043334965079225, 30.326915829803468 ], [ 78.052497874062098, 30.304000902846312 ], [ 78.055275040056898, 30.298833831855973 ], [ 78.05702971605362, 30.29558378786205 ], [ 78.074249317021426, 30.280694934889894 ], [ 78.076248181017689, 30.277221681896386 ], [ 78.083610487003924, 30.26447287592022 ], [ 78.085113604001108, 30.261861840925107 ], [ 78.093719529985023, 30.254417508939021 ], [ 78.113807583947462, 30.226110411991947 ], [ 78.123611391929131, 30.215944291010956 ], [ 78.125808705925024, 30.198860203042898 ], [ 78.125831574924987, 30.198499591043571 ], [ 78.126335070924043, 30.194610538050846 ], [ 78.128440908920098, 30.178277914081384 ] ] } },
{ "type": "Feature", "properties": { "MED_DESCRI": "Without Median", "RTT_DESCRI": "Secondary Route", "F_CODE_DES": "Road", "ISO": "IND", "ISOCOUNTRY": "INDIA" }, "geometry": { "type": "LineString", "coordinates": [ [ 77.292304910483452, 30.301639536850729 ], [ 77.283668555499602, 30.311500611832294 ], [ 77.264640791535186, 30.333278703791571 ], [ 77.261108381541789, 30.335916576786644 ], [ 77.239776518581678, 30.35186193975683 ], [ 77.233779926592888, 30.356361462748417 ], [ 77.223335219612409, 30.378583893706868 ], [ 77.216362064625457, 30.382389030699748 ] ] } },
{ "type": "Feature", "properties": { "MED_DESCRI": "Without Median", "RTT_DESCRI": "Secondary Route", "F_CODE_DES": "Road", "ISO": "IND", "ISOCOUNTRY": "INDIA" }, "geometry": { "type": "LineString", "coordinates": [ [ 75.120635946543914, 30.300306330853225 ], [ 75.131858766522924, 30.302610429848912 ], [ 75.147087063494453, 30.317693763820714 ], [ 75.156387375477067, 30.324472437808041 ], [ 75.228691026341878, 30.343944540771631 ] ] } },
{ "type": "Feature", "properties": { "MED_DESCRI": "Without Median", "RTT_DESCRI": "Secondary Route", "F_CODE_DES": "Road", "ISO": "IND", "ISOCOUNTRY": "INDIA" }, "geometry": { "type": "LineString", "coordinates": [ [ 75.111663738560679, 30.30022241485338 ], [ 75.120635946543914, 30.300306330853225 ] ] } },
{ "type": "Feature", "properties": { "MED_DESCRI": "Without Median", "RTT_DESCRI": "Secondary Route", "F_CODE_DES": "Road", "ISO": "IND", "ISOCOUNTRY": "INDIA" }, "geometry": { "type": "LineString", "coordinates": [ [ 75.100807200580988, 30.679695102143867 ], [ 75.101524266579645, 30.670860297160381 ], [ 75.103446963576047, 30.647417115204213 ], [ 75.105667146571903, 30.642305421213777 ], [ 75.110420307563004, 30.631389537234185 ], [ 75.111137373561675, 30.629722557237301 ], [ 75.104698143573714, 30.616861296261348 ], [ 75.103553748575848, 30.603138006287004 ], [ 75.104194647574658, 30.584749251321391 ], [ 75.105224697572723, 30.556167537374826 ], [ 75.105277995572621, 30.554250699378414 ], [ 75.103080681576728, 30.50144391047715 ], [ 75.102332997578131, 30.483694164510332 ], [ 75.092613294596305, 30.439083171593744 ], [ 75.092475891596564, 30.430944453608966 ], [ 75.092277441596934, 30.417583476633943 ], [ 75.09080513159968, 30.321361497813854 ], [ 75.090751644599791, 30.317112021821799 ], [ 75.095001309591837, 30.305721369843099 ], [ 75.10011300358228, 30.301639536850729 ], [ 75.101806632579112, 30.301445055851097 ], [ 75.111663738560679, 30.30022241485338 ] ] } },
{ "type": "Feature", "properties": { "MED_DESCRI": "Without Median", "RTT_DESCRI": "Secondary Route", "F_CODE_DES": "Road", "ISO": "IND", "ISOCOUNTRY": "INDIA" }, "geometry": { "type": "LineString", "coordinates": [ [ 77.292304910483452, 30.301639536850729 ], [ 77.304580649460505, 30.30005647285369 ] ] } },
{ "type": "Feature", "properties": { "MED_DESCRI": "Without Median", "RTT_DESCRI": "Secondary Route", "F_CODE_DES": "Road", "ISO": "IND", "ISOCOUNTRY": "INDIA" }, "geometry": { "type": "LineString", "coordinates": [ [ 73.936583267757783, 30.314581311826529 ], [ 73.93658440175777, 30.314582823826527 ], [ 73.946609528739032, 30.326528568804193 ], [ 73.96260837870912, 30.345556332768616 ], [ 73.977638225681019, 30.363445371735168 ], [ 73.990669208656655, 30.378915777706247 ] ] } },
{ "type": "Feature", "properties": { "MED_DESCRI": "Without Median", "RTT_DESCRI": "Secondary Route", "F_CODE_DES": "Road", "ISO": "IND", "ISOCOUNTRY": "INDIA" }, "geometry": { "type": "LineString", "coordinates": [ [ 77.595916777915789, 30.441804960588655 ], [ 77.588302534930023, 30.435333222600761 ], [ 77.577194248950789, 30.421916868625843 ], [ 77.57033543896361, 30.413610507641373 ], [ 77.568107695967782, 30.402027075663028 ], [ 77.571113551962156, 30.392305293681211 ], [ 77.587829656930907, 30.361360512739068 ], [ 77.587806787930944, 30.352861371754962 ], [ 77.581665043942436, 30.340639119777812 ], [ 77.578391941948553, 30.328611348800301 ], [ 77.577362080950479, 30.324832860807362 ], [ 77.57897179394746, 30.315721548824399 ], [ 77.571197467962008, 30.308694906837538 ], [ 77.560249264982474, 30.301750101850523 ], [ 77.55780795198703, 30.295999587861274 ], [ 77.556556771989378, 30.293056479866777 ] ] } },
{ "type": "Feature", "properties": { "MED_DESCRI": "Without Median", "RTT_DESCRI": "Secondary Route", "F_CODE_DES": "Road", "ISO": "IND", "ISOCOUNTRY": "INDIA" }, "geometry": { "type": "LineString", "coordinates": [ [ 77.556556771989378, 30.293056479866777 ], [ 77.562446578978367, 30.291973131868801 ], [ 77.5705032709633, 30.293472279866002 ], [ 77.570808316962726, 30.293527656865898 ], [ 77.583030757939881, 30.30141632785115 ], [ 77.595191962917141, 30.314388342826895 ], [ 77.600555404907112, 30.330499647796771 ], [ 77.601448051905436, 30.341998974775265 ], [ 77.60375215090113, 30.343027134773344 ], [ 77.620750432869357, 30.329111064799363 ], [ 77.636497534839904, 30.322471683811777 ], [ 77.642608660828486, 30.316139238823617 ] ] } },
{ "type": "Feature", "properties": { "MED_DESCRI": "Without Median", "RTT_DESCRI": "Primary Route", "F_CODE_DES": "Road", "ISO": "IND", "ISOCOUNTRY": "INDIA" }, "geometry": { "type": "LineString", "coordinates": [ [ 76.84366616132229, 30.309694338835669 ], [ 76.843833993321979, 30.309028680836917 ], [ 76.844413845320901, 30.307027737840656 ], [ 76.846305924317363, 30.300416895853019 ], [ 76.848167385313872, 30.293945346865115 ], [ 76.848777855312733, 30.291778650869169 ] ] } },
{ "type": "Feature", "properties": { "MED_DESCRI": "Without Median", "RTT_DESCRI": "Secondary Route", "F_CODE_DES": "Road", "ISO": "IND", "ISOCOUNTRY": "INDIA" }, "geometry": { "type": "LineString", "coordinates": [ [ 76.423690774107541, 30.291221667870211 ], [ 76.41202550512935, 30.313054947829386 ], [ 76.411361737130591, 30.314306316827043 ], [ 76.408973722135059, 30.31877711181869 ], [ 76.406723110139268, 30.322500222811726 ] ] } },
{ "type": "Feature", "properties": { "MED_DESCRI": "Without Median", "RTT_DESCRI": "Secondary Route", "F_CODE_DES": "Road", "ISO": "IND", "ISOCOUNTRY": "INDIA" }, "geometry": { "type": "LineString", "coordinates": [ [ 77.119140653807236, 30.288583794875144 ], [ 77.164611785722215, 30.296693784859976 ], [ 77.198608349658642, 30.306638775841385 ], [ 77.217224093623841, 30.305639343843254 ], [ 77.261581448540909, 30.303277977847664 ], [ 77.292304910483452, 30.301639536850729 ] ] } },
{ "type": "Feature", "properties": { "MED_DESCRI": "Without Median", "RTT_DESCRI": "Secondary Route", "F_CODE_DES": "Road", "ISO": "IND", "ISOCOUNTRY": "INDIA" }, "geometry": { "type": "LineString", "coordinates": [ [ 77.216362064625457, 30.382389030699748 ], [ 77.21724696262379, 30.374166396715125 ], [ 77.210441639636514, 30.364860603732524 ], [ 77.167137203717488, 30.326694510803883 ], [ 77.152274999745273, 30.311250753832759 ], [ 77.141944826764586, 30.307527453839718 ], [ 77.124053897798049, 30.29402737286496 ], [ 77.121948248801985, 30.291694734869324 ], [ 77.119140653807236, 30.288583794875144 ] ] } },
{ "type": "Feature", "properties": { "MED_DESCRI": "Without Median", "RTT_DESCRI": "Secondary Route", "F_CODE_DES": "Road", "ISO": "IND", "ISOCOUNTRY": "INDIA" }, "geometry": { "type": "LineString", "coordinates": [ [ 77.111053532822353, 30.284360967883039 ], [ 77.119140653807236, 30.288583794875144 ] ] } },
{ "type": "Feature", "properties": { "MED_DESCRI": "Without Median", "RTT_DESCRI": "Secondary Route", "F_CODE_DES": "Road", "ISO": "IND", "ISOCOUNTRY": "INDIA" }, "geometry": { "type": "LineString", "coordinates": [ [ 77.111053532822353, 30.284360967883039 ], [ 77.102165240838971, 30.284666013882465 ], [ 77.045974784944036, 30.272611593905005 ] ] } },
{ "type": "Feature", "properties": { "MED_DESCRI": "Without Median", "RTT_DESCRI": "Secondary Route", "F_CODE_DES": "Road", "ISO": "IND", "ISOCOUNTRY": "INDIA" }, "geometry": { "type": "LineString", "coordinates": [ [ 75.228691026341878, 30.343944540771631 ], [ 75.235832202328524, 30.33222200479355 ], [ 75.236724849326848, 30.323028477810738 ], [ 75.234359703331279, 30.278360406894258 ], [ 75.233222868333399, 30.277778664895344 ], [ 75.228385980342452, 30.275361921899865 ], [ 75.22438806334992, 30.268861833912013 ], [ 75.224197362350282, 30.264499713920173 ] ] } },
{ "type": "Feature", "properties": { "MED_DESCRI": "Without Median", "RTT_DESCRI": "Secondary Route", "F_CODE_DES": "Road", "ISO": "IND", "ISOCOUNTRY": "INDIA" }, "geometry": { "type": "LineString", "coordinates": [ [ 75.224197362350282, 30.264499713920173 ], [ 75.226303011346346, 30.263971269921157 ], [ 75.228691026341878, 30.26338952792225 ] ] } },
{ "type": "Feature", "properties": { "MED_DESCRI": "Without Median", "RTT_DESCRI": "Secondary Route", "F_CODE_DES": "Road", "ISO": "IND", "ISOCOUNTRY": "INDIA" }, "geometry": { "type": "LineString", "coordinates": [ [ 75.228691026341878, 30.26338952792225 ], [ 75.235946736328316, 30.261554715925676 ], [ 75.256835961289255, 30.26149933892578 ], [ 75.270141561264367, 30.263999997921104 ], [ 75.326774655158488, 30.281944224887553 ], [ 75.356414769103068, 30.288194643875869 ], [ 75.368774424079959, 30.289611765873218 ], [ 75.388053936043903, 30.291805299869118 ], [ 75.393081714034508, 30.292360392868076 ], [ 75.420913664982464, 30.299612133854524 ], [ 75.494697563844511, 30.332138088793705 ], [ 75.500114492834385, 30.334527993789237 ], [ 75.503051741828898, 30.334527993789237 ], [ 75.554611130732496, 30.334749312788823 ] ] } },
{ "type": "Feature", "properties": { "MED_DESCRI": "Without Median", "RTT_DESCRI": "Secondary Route", "F_CODE_DES": "Road", "ISO": "IND", "ISOCOUNTRY": "INDIA" }, "geometry": { "type": "LineString", "coordinates": [ [ 79.213752805890849, 30.259861086928844 ], [ 79.218696667881616, 30.260972973926769 ], [ 79.220725960877814, 30.261417312925936 ], [ 79.232780380855274, 30.269638056910566 ], [ 79.240669240840532, 30.270360981909214 ], [ 79.257385345809269, 30.286083135879814 ], [ 79.266052318793072, 30.287527095877117 ], [ 79.277969335770791, 30.28677752187852 ], [ 79.298553514732305, 30.293443740866053 ], [ 79.303390591723257, 30.297750483858003 ], [ 79.31358336170419, 30.323804889809288 ], [ 79.320579574691109, 30.327138849803056 ], [ 79.320831322690651, 30.32727814280279 ], [ 79.32105264169023, 30.327777858801859 ], [ 79.323219337686183, 30.332611155792819 ], [ 79.321113499690114, 30.356416650748308 ], [ 79.315330477700925, 30.36702729972847 ], [ 79.329750043673968, 30.393667227678662 ], [ 79.330276408672987, 30.402555519662045 ], [ 79.330497727672565, 30.406305279655029 ], [ 79.333335940667268, 30.408471975650983 ], [ 79.350051856636014, 30.406749807654201 ], [ 79.365417556607284, 30.412527159643396 ], [ 79.37791442558391, 30.413473104641632 ], [ 79.399169932544169, 30.415027629638722 ], [ 79.415557933513526, 30.4217777646261 ], [ 79.42091362650352, 30.426082617618057 ], [ 79.42894744948849, 30.454334337565228 ], [ 79.436500456474377, 30.46308333654887 ], [ 79.442527855463098, 30.464195223546795 ], [ 79.443168565461903, 30.463750884547622 ], [ 79.45044714444829, 30.458723106557024 ], [ 79.455474922438896, 30.459110178556301 ], [ 79.460029633430381, 30.469583424536722 ], [ 79.473777682404673, 30.480138696516981 ], [ 79.474388152403534, 30.480611763516102 ], [ 79.486747807380425, 30.482610627512365 ], [ 79.487442004379119, 30.484945344507999 ], [ 79.483558621386393, 30.488944962500518 ], [ 79.495780873363529, 30.499889385480053 ], [ 79.501335205353143, 30.512472060456531 ], [ 79.511192311334725, 30.516916206448222 ], [ 79.518585235320899, 30.523805634435341 ], [ 79.524635314309577, 30.525138840432845 ], [ 79.529418904300641, 30.536777460411081 ], [ 79.541114791278773, 30.54861075038896 ], [ 79.549858120262428, 30.554611122377736 ], [ 79.5573043422485, 30.555139566376752 ], [ 79.562530570238735, 30.555499989376081 ], [ 79.570251409224298, 30.553777632379301 ] ] } },
{ "type": "Feature", "properties": { "MED_DESCRI": "Without Median", "RTT_DESCRI": "Secondary Route", "F_CODE_DES": "Road", "ISO": "IND", "ISOCOUNTRY": "INDIA" }, "geometry": { "type": "LineString", "coordinates": [ [ 76.11091618669235, 30.256860711934458 ], [ 76.113891613686789, 30.264305043920537 ], [ 76.114417978685793, 30.265638438918046 ], [ 76.132247860652456, 30.310304619834525 ], [ 76.13408664164902, 30.314888058825957 ], [ 76.148635861621813, 30.338582988781653 ], [ 76.152862468613918, 30.352861371754962 ], [ 76.152946384613756, 30.354389247752103 ], [ 76.153472938612779, 30.366056406730287 ], [ 76.153556854612617, 30.367916166726808 ] ] } },
{ "type": "Feature", "properties": { "MED_DESCRI": "Without Median", "RTT_DESCRI": "Secondary Route", "F_CODE_DES": "Road", "ISO": "IND", "ISOCOUNTRY": "INDIA" }, "geometry": { "type": "LineString", "coordinates": [ [ 76.11091618669235, 30.256860711934458 ], [ 76.116249010682381, 30.255500856936997 ], [ 76.117774996679515, 30.255777363936481 ], [ 76.155639634608718, 30.262527498923859 ], [ 76.216140802495602, 30.27333262890366 ], [ 76.242385909446526, 30.279777528891607 ], [ 76.251830995428875, 30.28369530988428 ], [ 76.275413470384777, 30.293500818865951 ], [ 76.29944614333985, 30.297056286859302 ], [ 76.325164885291755, 30.304471890845434 ], [ 76.338973981265937, 30.308445048838003 ] ] } },
{ "type": "Feature", "properties": { "MED_DESCRI": "Without Median", "RTT_DESCRI": "Secondary Route", "F_CODE_DES": "Road", "ISO": "IND", "ISOCOUNTRY": "INDIA" }, "geometry": { "type": "LineString", "coordinates": [ [ 77.111053532822353, 30.284360967883039 ], [ 77.088386573864739, 30.269277633911237 ], [ 77.079940730880523, 30.261167454926401 ], [ 77.073913520891793, 30.255388212937206 ] ] } },
{ "type": "Feature", "properties": { "MED_DESCRI": "Without Median", "RTT_DESCRI": "Secondary Route", "F_CODE_DES": "Road", "ISO": "IND", "ISOCOUNTRY": "INDIA" }, "geometry": { "type": "LineString", "coordinates": [ [ 77.073913520891793, 30.255388212937206 ], [ 77.057640053922213, 30.262250991924375 ], [ 77.05088802893485, 30.267000183915499 ], [ 77.048194967939878, 30.268888482911969 ], [ 77.045974784944036, 30.272611593905005 ] ] } },
{ "type": "Feature", "properties": { "MED_DESCRI": "Without Median", "RTT_DESCRI": "Secondary Route", "F_CODE_DES": "Road", "ISO": "IND", "ISOCOUNTRY": "INDIA" }, "geometry": { "type": "LineString", "coordinates": [ [ 75.836029106206311, 30.253915713939961 ], [ 75.83638763920564, 30.283916439883868 ], [ 75.836418068205589, 30.286888086878314 ], [ 75.840332069198269, 30.30624962484211 ], [ 75.848968424182118, 30.334806390788714 ], [ 75.863471906154999, 30.368415882725877 ], [ 75.870834401141238, 30.385528509693877 ], [ 75.871391384140196, 30.38680652769149 ], [ 75.878830046126282, 30.404054667659238 ] ] } },
{ "type": "Feature", "properties": { "MED_DESCRI": "Without Median", "RTT_DESCRI": "Secondary Route", "F_CODE_DES": "Road", "ISO": "IND", "ISOCOUNTRY": "INDIA" }, "geometry": { "type": "LineString", "coordinates": [ [ 75.63288888258613, 30.252361377942869 ], [ 75.622306772605924, 30.257917410932478 ], [ 75.60241697964311, 30.268333389913003 ], [ 75.586082465673641, 30.276889797897006 ], [ 75.583808984677901, 30.278417673894147 ], [ 75.574836776694667, 30.284444883882877 ], [ 75.566253719710716, 30.297611190858262 ], [ 75.559776311722828, 30.318222018819725 ], [ 75.555496217730834, 30.33191676979412 ], [ 75.554611130732496, 30.334749312788823 ] ] } },
{ "type": "Feature", "properties": { "MED_DESCRI": "Without Median", "RTT_DESCRI": "Secondary Route", "F_CODE_DES": "Road", "ISO": "IND", "ISOCOUNTRY": "INDIA" }, "geometry": { "type": "LineString", "coordinates": [ [ 76.012000957877291, 30.251666991944163 ], [ 76.039222627826391, 30.26305575392287 ], [ 76.057113556792942, 30.262472121923963 ], [ 76.086998047737069, 30.261528066925727 ], [ 76.105720576702055, 30.257888871932529 ], [ 76.11091618669235, 30.256860711934458 ] ] } },
{ "type": "Feature", "properties": { "MED_DESCRI": "Unknown", "RTT_DESCRI": "Unknown", "F_CODE_DES": "Road", "ISO": "IND", "ISOCOUNTRY": "INDIA" }, "geometry": { "type": "LineString", "coordinates": [ [ 75.836029106206311, 30.253915713939961 ], [ 75.835998488206371, 30.250473078946399 ], [ 75.835975619206408, 30.247583457951798 ] ] } },
{ "type": "Feature", "properties": { "MED_DESCRI": "Without Median", "RTT_DESCRI": "Secondary Route", "F_CODE_DES": "Road", "ISO": "IND", "ISOCOUNTRY": "INDIA" }, "geometry": { "type": "LineString", "coordinates": [ [ 77.975135827206742, 30.248750721949619 ], [ 77.983886716190383, 30.260972973926769 ], [ 77.990417422178169, 30.273445083903447 ], [ 77.990753086177548, 30.27408409290225 ], [ 77.996780485166269, 30.285638796880647 ], [ 78.013496401135015, 30.300750669852391 ], [ 78.025222717113095, 30.311361318832553 ], [ 78.032806342098908, 30.321193665814171 ], [ 78.043334965079225, 30.326915829803468 ] ] } },
{ "type": "Feature", "properties": { "MED_DESCRI": "Without Median", "RTT_DESCRI": "Secondary Route", "F_CODE_DES": "Road", "ISO": "IND", "ISOCOUNTRY": "INDIA" }, "geometry": { "type": "LineString", "coordinates": [ [ 77.975135827206742, 30.248750721949619 ], [ 77.966972350222008, 30.252195435943179 ], [ 77.965332019225073, 30.257639013933002 ], [ 77.95710749524045, 30.262805895923336 ], [ 77.946556003260184, 30.262332828924222 ], [ 77.932029652287341, 30.271360413907345 ], [ 77.921302768307399, 30.273889611902618 ], [ 77.907470614333263, 30.28888884087457 ], [ 77.887107943371333, 30.297861048857797 ], [ 77.864807077413033, 30.317333151821387 ], [ 77.861915566418432, 30.319026969818218 ], [ 77.828392069481112, 30.338693553781447 ], [ 77.813530054508902, 30.343999917771526 ], [ 77.796722473540328, 30.35497287975101 ], [ 77.787223900558089, 30.363500559735066 ], [ 77.775253207580477, 30.364805226732628 ], [ 77.769142081591895, 30.369361827724106 ], [ 77.753196718621709, 30.361528344738751 ], [ 77.737693804650704, 30.36391635973429 ], [ 77.727836698669122, 30.365444235731431 ], [ 77.720443774682948, 30.365110461732058 ] ] } },
{ "type": "Feature", "properties": { "MED_DESCRI": "Without Median", "RTT_DESCRI": "Secondary Route", "F_CODE_DES": "Road", "ISO": "IND", "ISOCOUNTRY": "INDIA" }, "geometry": { "type": "LineString", "coordinates": [ [ 75.63288888258613, 30.252361377942869 ], [ 75.638336240575953, 30.249195060948786 ], [ 75.655281035544263, 30.249916095947441 ], [ 75.732971186398998, 30.258249294931858 ], [ 75.774612422321141, 30.262721979923498 ], [ 75.776107790318349, 30.262472121923963 ], [ 75.78194429930744, 30.26149933892578 ], [ 75.796386734280432, 30.249694776947855 ], [ 75.819251954237686, 30.248472135950138 ], [ 75.834053111210011, 30.247694022951592 ] ] } },
{ "type": "Feature", "properties": { "MED_DESCRI": "Unknown", "RTT_DESCRI": "Unknown", "F_CODE_DES": "Road", "ISO": "IND", "ISOCOUNTRY": "INDIA" }, "geometry": { "type": "LineString", "coordinates": [ [ 75.835807787206733, 30.247583457951798 ], [ 75.834053111210011, 30.247694022951592 ] ] } },
{ "type": "Feature", "properties": { "MED_DESCRI": "Without Median", "RTT_DESCRI": "Secondary Route", "F_CODE_DES": "Road", "ISO": "IND", "ISOCOUNTRY": "INDIA" }, "geometry": { "type": "LineString", "coordinates": [ [ 76.012000957877291, 30.251666991944163 ], [ 75.978225712940443, 30.254554722938764 ], [ 75.954971341983921, 30.254583450938711 ], [ 75.915359588057981, 30.246915909953046 ], [ 75.895164560095751, 30.243000018960373 ], [ 75.868530302145544, 30.240304878965411 ], [ 75.863166860155573, 30.23974997496645 ], [ 75.846275363187161, 30.243360441959695 ], [ 75.835975619206408, 30.247583457951798 ] ] } },
{ "type": "Feature", "properties": { "MED_DESCRI": "Without Median", "RTT_DESCRI": "Secondary Route", "F_CODE_DES": "Road", "ISO": "IND", "ISOCOUNTRY": "INDIA" }, "geometry": { "type": "LineString", "coordinates": [ [ 81.018876682515739, 30.236676834972194 ], [ 81.017196661518881, 30.236639034972264 ], [ 80.995330873559766, 30.24374959295897 ], [ 80.989776541570151, 30.243833508958815 ] ] } },
{ "type": "Feature", "properties": { "MED_DESCRI": "Without Median", "RTT_DESCRI": "Secondary Route", "F_CODE_DES": "Road", "ISO": "IND", "ISOCOUNTRY": "INDIA" }, "geometry": { "type": "LineString", "coordinates": [ [ 74.879859963994093, 30.233694036977774 ], [ 74.925002991909693, 30.235584225974236 ], [ 74.927749539904553, 30.23569479097403 ], [ 74.930641239899145, 30.234582903976111 ], [ 74.931465090897603, 30.234254799976725 ], [ 74.933364918894057, 30.233499555978135 ], [ 74.939392128882787, 30.231138189982552 ] ] } },
{ "type": "Feature", "properties": { "MED_DESCRI": "Without Median", "RTT_DESCRI": "Secondary Route", "F_CODE_DES": "Road", "ISO": "IND", "ISOCOUNTRY": "INDIA" }, "geometry": { "type": "LineString", "coordinates": [ [ 74.752357540232495, 30.301916043850213 ], [ 74.80455782813489, 30.277639371895603 ], [ 74.814697300115938, 30.272916828904435 ], [ 74.843635468061834, 30.257749578932795 ], [ 74.86641696101924, 30.242639595961045 ], [ 74.875999450001316, 30.236278611972935 ], [ 74.879859963994093, 30.233694036977774 ] ] } },
{ "type": "Feature", "properties": { "MED_DESCRI": "Without Median", "RTT_DESCRI": "Secondary Route", "F_CODE_DES": "Road", "ISO": "IND", "ISOCOUNTRY": "INDIA" }, "geometry": { "type": "LineString", "coordinates": [ [ 74.939392128882787, 30.231138189982552 ], [ 74.94564065787111, 30.234193752976836 ], [ 74.964363186836096, 30.242971479960424 ], [ 74.976364119813667, 30.248611428949879 ], [ 75.000000081769471, 30.259721793929103 ], [ 75.058998132659156, 30.287471718877221 ], [ 75.067359870643529, 30.288999594874362 ], [ 75.110473605562916, 30.29694364285951 ], [ 75.111663738560679, 30.30022241485338 ] ] } },
{ "type": "Feature", "properties": { "MED_DESCRI": "Without Median", "RTT_DESCRI": "Secondary Route", "F_CODE_DES": "Road", "ISO": "IND", "ISOCOUNTRY": "INDIA" }, "geometry": { "type": "LineString", "coordinates": [ [ 74.897918724960334, 30.412889472642725 ], [ 74.907524082942373, 30.369028053724733 ], [ 74.916191055926163, 30.329584131798484 ], [ 74.919357372920246, 30.315111078825545 ], [ 74.923416147912661, 30.305360757843772 ], [ 74.931747456897085, 30.29091643287078 ], [ 74.943801876874545, 30.270027207909834 ], [ 74.940055896881546, 30.246639213953564 ], [ 74.938919061883666, 30.239528655966858 ], [ 74.938362078884708, 30.235944837973562 ], [ 74.938331649884773, 30.235805544973822 ], [ 74.939392128882787, 30.231138189982552 ] ] } },
{ "type": "Feature", "properties": { "MED_DESCRI": "Unknown", "RTT_DESCRI": "Unknown", "F_CODE_DES": "Road", "ISO": "IND", "ISOCOUNTRY": "INDIA" }, "geometry": { "type": "LineString", "coordinates": [ [ 75.835975619206408, 30.247583457951798 ], [ 75.841804568195514, 30.233444178978239 ], [ 75.846694943186364, 30.227500884989347 ], [ 75.874137932135056, 30.195417379049339 ], [ 75.879028307125921, 30.182193805074064 ], [ 75.884529152115633, 30.167249764102003 ], [ 75.892501739100723, 30.157916944119457 ] ] } },
{ "type": "Feature", "properties": { "MED_DESCRI": "Without Median", "RTT_DESCRI": "Secondary Route", "F_CODE_DES": "Road", "ISO": "IND", "ISOCOUNTRY": "INDIA" }, "geometry": { "type": "LineString", "coordinates": [ [ 79.213752805890849, 30.259861086928844 ], [ 79.218635620881727, 30.25491722493809 ], [ 79.242164608837726, 30.243333792959746 ], [ 79.255638040812542, 30.230278050984154 ], [ 79.261474549801619, 30.224637912994702 ] ] } },
{ "type": "Feature", "properties": { "MED_DESCRI": "Without Median", "RTT_DESCRI": "Secondary Route", "F_CODE_DES": "Road", "ISO": "IND", "ISOCOUNTRY": "INDIA" }, "geometry": { "type": "LineString", "coordinates": [ [ 77.160888674729165, 30.221332492000883 ], [ 77.073913520891793, 30.255388212937206 ] ] } },
{ "type": "Feature", "properties": { "MED_DESCRI": "Without Median", "RTT_DESCRI": "Secondary Route", "F_CODE_DES": "Road", "ISO": "IND", "ISOCOUNTRY": "INDIA" }, "geometry": { "type": "LineString", "coordinates": [ [ 75.082420335615367, 30.220722211002027 ], [ 75.090110745600981, 30.221694994000202 ], [ 75.112197852559689, 30.236778327972004 ], [ 75.130470183525517, 30.243473085959486 ], [ 75.196609410401862, 30.257000004934191 ], [ 75.216445905364765, 30.264528252920115 ], [ 75.217613169362593, 30.264972780919287 ], [ 75.22244268635356, 30.264638817919909 ], [ 75.224197362350282, 30.264499713920173 ] ] } },
{ "type": "Feature", "properties": { "MED_DESCRI": "Without Median", "RTT_DESCRI": "Secondary Route", "F_CODE_DES": "Road", "ISO": "IND", "ISOCOUNTRY": "INDIA" }, "geometry": { "type": "LineString", "coordinates": [ [ 75.082420335615367, 30.220722211002027 ], [ 75.095443758591017, 30.240110397965772 ], [ 75.10336304757621, 30.26111037692651 ], [ 75.109863324564046, 30.278360406894258 ], [ 75.120635946543914, 30.300306330853225 ] ] } },
{ "type": "Feature", "properties": { "MED_DESCRI": "Without Median", "RTT_DESCRI": "Secondary Route", "F_CODE_DES": "Road", "ISO": "IND", "ISOCOUNTRY": "INDIA" }, "geometry": { "type": "LineString", "coordinates": [ [ 74.939888064881856, 30.220249144002906 ], [ 74.939025846883467, 30.222528483998644 ], [ 74.938888632883732, 30.22291763499792 ], [ 74.937637263886074, 30.226194327991792 ], [ 74.939392128882787, 30.231138189982552 ] ] } },
{ "type": "Feature", "properties": { "MED_DESCRI": "Unknown", "RTT_DESCRI": "Unknown", "F_CODE_DES": "Road", "ISO": "IND", "ISOCOUNTRY": "INDIA" }, "geometry": { "type": "LineString", "coordinates": [ [ 74.939888064881856, 30.220249144002906 ], [ 74.940635748880467, 30.218305657006546 ], [ 74.942748957876518, 30.218416222006333 ], [ 74.948608335865558, 30.218694619005817 ], [ 74.952163614858904, 30.218860561005506 ], [ 74.960555970843217, 30.219278251004724 ], [ 74.961807339840874, 30.21933362800462 ], [ 74.963111817838438, 30.219389005004516 ], [ 74.965164168834605, 30.219499570004309 ], [ 74.976997458812477, 30.220054663003275 ], [ 75.000000081769471, 30.220193956003016 ], [ 75.026168832720543, 30.220361788002698 ], [ 75.082420335615367, 30.220722211002027 ] ] } },
{ "type": "Feature", "properties": { "MED_DESCRI": "Without Median", "RTT_DESCRI": "Secondary Route", "F_CODE_DES": "Road", "ISO": "IND", "ISOCOUNTRY": "INDIA" }, "geometry": { "type": "LineString", "coordinates": [ [ 74.911498941934937, 30.21705636700888 ], [ 74.910057060937632, 30.218000422007115 ], [ 74.905471731946207, 30.22102744600145 ], [ 74.904663000947721, 30.221555701000469 ], [ 74.890388397974419, 30.228555693987374 ], [ 74.890098660974957, 30.228698766987108 ], [ 74.879859963994093, 30.233694036977774 ] ] } },
{ "type": "Feature", "properties": { "MED_DESCRI": "Without Median", "RTT_DESCRI": "Secondary Route", "F_CODE_DES": "Road", "ISO": "IND", "ISOCOUNTRY": "INDIA" }, "geometry": { "type": "LineString", "coordinates": [ [ 77.642608660828486, 30.316139238823617 ], [ 77.649413983815762, 30.28816610487592 ], [ 77.652336112810289, 30.28369530988428 ], [ 77.688163708743303, 30.259832358928897 ], [ 77.690025358739831, 30.258972219930506 ], [ 77.724052351676207, 30.242860725960632 ], [ 77.742500263641716, 30.237611817970446 ], [ 77.743446397639943, 30.237333231970965 ], [ 77.746391206634442, 30.236499741972523 ], [ 77.749473607628673, 30.234750735975794 ], [ 77.770446748589464, 30.222888906997973 ], [ 77.78622427955996, 30.216028207010801 ] ] } },
{ "type": "Feature", "properties": { "MED_DESCRI": "Without Median", "RTT_DESCRI": "Secondary Route", "F_CODE_DES": "Road", "ISO": "IND", "ISOCOUNTRY": "INDIA" }, "geometry": { "type": "LineString", "coordinates": [ [ 78.763580321732562, 30.213972076014649 ], [ 78.785224979692089, 30.219360277004569 ], [ 78.813720698638804, 30.219972637003423 ], [ 78.824058620619482, 30.230222673984258 ], [ 78.849441509572017, 30.235082619975174 ], [ 78.855308447561043, 30.239666058966606 ], [ 78.880920404513162, 30.239694597966547 ], [ 78.899749718477963, 30.236944269971694 ], [ 78.901138301475356, 30.236749599972057 ], [ 78.907691876463105, 30.237443985970756 ], [ 78.91877748244238, 30.248887935949362 ], [ 78.935470529411162, 30.247888503951231 ], [ 78.942947369397189, 30.252056142943438 ], [ 78.943000856397092, 30.261472689925832 ], [ 78.946609433390336, 30.263666223921732 ], [ 78.958946219367277, 30.26524928791877 ], [ 78.975585968336162, 30.276193710898305 ], [ 78.985862654316946, 30.277250220896335 ], [ 78.994331366301111, 30.293388363866157 ], [ 78.999748295290985, 30.296112042861068 ], [ 79.006668152278053, 30.295221285862731 ], [ 79.008331352274936, 30.295999587861274 ], [ 79.01210776126787, 30.297721944858054 ], [ 79.029609728235158, 30.296054775861172 ], [ 79.038528449218475, 30.303249438847722 ], [ 79.042526177211002, 30.302249817849592 ], [ 79.05319220319106, 30.295055343863041 ], [ 79.066108652166903, 30.29574972986174 ], [ 79.077331472145929, 30.293138505866622 ], [ 79.086998066127848, 30.293332986866261 ], [ 79.091331458119754, 30.293416902866106 ], [ 79.110969503083027, 30.297556002858364 ], [ 79.13124844704511, 30.2819729528875 ], [ 79.134750428038572, 30.280694934889894 ], [ 79.138557455031446, 30.281860308887715 ], [ 79.151168858007864, 30.285638796880647 ], [ 79.156997617996964, 30.285165729881534 ], [ 79.163497894984815, 30.281473236888438 ], [ 79.166114788979925, 30.270778671908431 ], [ 79.172386186968197, 30.266639760916171 ], [ 79.182525658949245, 30.264694194919805 ], [ 79.205558710906175, 30.264110562920898 ], [ 79.213752805890849, 30.259861086928844 ] ] } },
{ "type": "Feature", "properties": { "MED_DESCRI": "Without Median", "RTT_DESCRI": "Secondary Route", "F_CODE_DES": "Road", "ISO": "IND", "ISOCOUNTRY": "INDIA" }, "geometry": { "type": "LineString", "coordinates": [ [ 74.703552259323743, 30.213277879015941 ], [ 74.718307489296166, 30.217527355007995 ], [ 74.778198187184174, 30.228445128987588 ], [ 74.846580466056324, 30.232000407980934 ], [ 74.879859963994093, 30.233694036977774 ] ] } },
{ "type": "Feature", "properties": { "MED_DESCRI": "Without Median", "RTT_DESCRI": "Secondary Route", "F_CODE_DES": "Road", "ISO": "IND", "ISOCOUNTRY": "INDIA" }, "geometry": { "type": "LineString", "coordinates": [ [ 74.752357540232495, 30.301916043850213 ], [ 74.725723282282289, 30.287471718877221 ], [ 74.706749005317775, 30.269721972910411 ], [ 74.703918541323063, 30.258583068931237 ], [ 74.70369722232347, 30.231721821981459 ], [ 74.703636175323595, 30.223861689996156 ], [ 74.703552259323743, 30.213277879015941 ] ] } },
{ "type": "Feature", "properties": { "MED_DESCRI": "Without Median", "RTT_DESCRI": "Secondary Route", "F_CODE_DES": "Road", "ISO": "IND", "ISOCOUNTRY": "INDIA" }, "geometry": { "type": "LineString", "coordinates": [ [ 77.073913520891793, 30.255388212937206 ], [ 77.046913169942272, 30.222665697998387 ], [ 77.037834176959251, 30.211666087018955 ] ] } },
{ "type": "Feature", "properties": { "MED_DESCRI": "Without Median", "RTT_DESCRI": "Secondary Route", "F_CODE_DES": "Road", "ISO": "IND", "ISOCOUNTRY": "INDIA" }, "geometry": { "type": "LineString", "coordinates": [ [ 74.482666069736752, 30.210861136020462 ], [ 74.510330188685018, 30.273776967902826 ], [ 74.513030998679966, 30.288139266875973 ], [ 74.514083917678008, 30.302444487849222 ], [ 74.516250613673947, 30.33222200479355 ], [ 74.517417877671775, 30.348110289763845 ], [ 74.51875297366928, 30.366332913729771 ], [ 74.521224904664649, 30.4002780696663 ], [ 74.521003774665061, 30.404193960658979 ], [ 74.517776410671104, 30.458055558558272 ], [ 74.517105082672359, 30.469577754536729 ] ] } },
{ "type": "Feature", "properties": { "MED_DESCRI": "Without Median", "RTT_DESCRI": "Secondary Route", "F_CODE_DES": "Road", "ISO": "IND", "ISOCOUNTRY": "INDIA" }, "geometry": { "type": "LineString", "coordinates": [ [ 74.187362642288889, 30.371723193719689 ], [ 74.189392124285092, 30.371139561720781 ], [ 74.248580876174429, 30.353721699753351 ], [ 74.302330019073935, 30.326500029804251 ], [ 74.318306000044061, 30.318387960819415 ], [ 74.322502178036217, 30.316278531823357 ], [ 74.341278005001101, 30.305416134843668 ], [ 74.385086125919202, 30.280055925891084 ], [ 74.418914857855938, 30.262861272923239 ], [ 74.423919766846581, 30.260333964927959 ], [ 74.436111400823791, 30.252306000942973 ], [ 74.44002540181647, 30.249721614947802 ], [ 74.445808423805659, 30.245889639954967 ], [ 74.448944122799801, 30.243305253959797 ], [ 74.471138014758296, 30.224945037994132 ], [ 74.482666069736752, 30.210861136020462 ] ] } },
{ "type": "Feature", "properties": { "MED_DESCRI": "Without Median", "RTT_DESCRI": "Secondary Route", "F_CODE_DES": "Road", "ISO": "IND", "ISOCOUNTRY": "INDIA" }, "geometry": { "type": "LineString", "coordinates": [ [ 74.911498941934937, 30.21705636700888 ], [ 74.919303885920343, 30.211889296018541 ], [ 74.924552982910541, 30.210250855021606 ], [ 74.930610621899206, 30.208389205025085 ], [ 74.939025846883467, 30.208944298024043 ] ] } },
{ "type": "Feature", "properties": { "MED_DESCRI": "Without Median", "RTT_DESCRI": "Secondary Route", "F_CODE_DES": "Road", "ISO": "IND", "ISOCOUNTRY": "INDIA" }, "geometry": { "type": "LineString", "coordinates": [ [ 76.061607409784543, 30.209167507023629 ], [ 76.110359203693392, 30.253915713939961 ], [ 76.11091618669235, 30.256860711934458 ] ] } },
{ "type": "Feature", "properties": { "MED_DESCRI": "Without Median", "RTT_DESCRI": "Secondary Route", "F_CODE_DES": "Road", "ISO": "IND", "ISOCOUNTRY": "INDIA" }, "geometry": { "type": "LineString", "coordinates": [ [ 74.703552259323743, 30.213277879015941 ], [ 74.706001321319164, 30.208583875024722 ], [ 74.710945183309931, 30.199193977042277 ], [ 74.742530863250863, 30.159584113116338 ], [ 74.745307840245673, 30.156110671122832 ], [ 74.76477805320927, 30.115167601199381 ], [ 74.770858750197903, 30.102332989223385 ], [ 74.771835313196078, 30.100305586227172 ], [ 74.773887664192245, 30.096000733235222 ], [ 74.775413461189387, 30.094249648238495 ], [ 74.78672019716825, 30.081138529263008 ], [ 74.801666317140302, 30.067361752288768 ], [ 74.805816568132542, 30.063570034295857 ], [ 74.813857951117498, 30.056167660309697 ], [ 74.824668940097297, 30.049833325321543 ], [ 74.826858505093199, 30.048972997323148 ], [ 74.858329840034358, 30.036472348346521 ] ] } },
{ "type": "Feature", "properties": { "MED_DESCRI": "Without Median", "RTT_DESCRI": "Secondary Route", "F_CODE_DES": "Road", "ISO": "IND", "ISOCOUNTRY": "INDIA" }, "geometry": { "type": "LineString", "coordinates": [ [ 74.482666069736752, 30.210861136020462 ], [ 74.514945946676391, 30.209499391023009 ], [ 74.541252100627204, 30.208389205025085 ], [ 74.596832275523283, 30.211027078020152 ], [ 74.602912972511916, 30.211305664019633 ], [ 74.618469184482834, 30.210306232021502 ], [ 74.627670271465632, 30.209693872022648 ], [ 74.64372260843561, 30.20863906302462 ], [ 74.693969770341667, 30.210500713021133 ], [ 74.703552259323743, 30.213277879015941 ] ] } },
{ "type": "Feature", "properties": { "MED_DESCRI": "Without Median", "RTT_DESCRI": "Secondary Route", "F_CODE_DES": "Road", "ISO": "IND", "ISOCOUNTRY": "INDIA" }, "geometry": { "type": "LineString", "coordinates": [ [ 77.07485965489002, 30.197500159045447 ], [ 77.085830726869517, 30.19952775104165 ], [ 77.150497454748603, 30.217193581008623 ], [ 77.160888674729165, 30.221332492000883 ] ] } },
{ "type": "Feature", "properties": { "MED_DESCRI": "Without Median", "RTT_DESCRI": "Secondary Route", "F_CODE_DES": "Road", "ISO": "IND", "ISOCOUNTRY": "INDIA" }, "geometry": { "type": "LineString", "coordinates": [ [ 77.07485965489002, 30.197500159045447 ], [ 77.074218755891224, 30.197389594045653 ], [ 77.070251456898646, 30.196638130047056 ], [ 77.034469598965543, 30.190055827059361 ] ] } },
{ "type": "Feature", "properties": { "MED_DESCRI": "Without Median", "RTT_DESCRI": "Secondary Route", "F_CODE_DES": "Road", "ISO": "IND", "ISOCOUNTRY": "INDIA" }, "geometry": { "type": "LineString", "coordinates": [ [ 77.034469598965543, 30.190055827059361 ], [ 77.034858749964812, 30.203193595034797 ], [ 77.037002576960802, 30.210666655020823 ], [ 77.037834176959251, 30.211666087018955 ] ] } },
{ "type": "Feature", "properties": { "MED_DESCRI": "Without Median", "RTT_DESCRI": "Secondary Route", "F_CODE_DES": "Road", "ISO": "IND", "ISOCOUNTRY": "INDIA" }, "geometry": { "type": "LineString", "coordinates": [ [ 74.482666069736752, 30.210861136020462 ], [ 74.500556998703303, 30.194084173051827 ], [ 74.507835388689685, 30.187250122064611 ], [ 74.509697038686213, 30.185472577067934 ], [ 74.533058194642521, 30.156528550122047 ], [ 74.570136970573202, 30.110555623208008 ], [ 74.573692249566548, 30.106138315216263 ], [ 74.579025262556584, 30.099500635228679 ], [ 74.594642710527381, 30.080110558264934 ], [ 74.599418551518454, 30.074888299274697 ], [ 74.608528162501415, 30.065000575293183 ], [ 74.614219708490779, 30.0554161963111 ], [ 74.628166207464702, 30.041889277336395 ], [ 74.644584637434008, 30.020721466375974 ], [ 74.654273911415885, 30.008222518399343 ], [ 74.660667403403934, 30.000000073414718 ], [ 74.666442865393137, 29.992527013428692 ], [ 74.680114747367568, 29.978332546455228 ], [ 74.698890763332457, 29.967166993476106 ], [ 74.703056323324674, 29.965305343479585 ], [ 74.713584946304991, 29.960666716488262 ], [ 74.717025691298559, 29.958389266492517 ], [ 74.728469830277163, 29.950861018506593 ], [ 74.738418601258559, 29.939750653527369 ], [ 74.754692068228124, 29.921556379561387 ], [ 74.759941165218322, 29.915666572572398 ], [ 74.791114825160022, 29.886888487626209 ], [ 74.797531186148035, 29.879694013639657 ], [ 74.809166026126277, 29.866611433664119 ], [ 74.815719601114026, 29.859222478677935 ], [ 74.849555893050763, 29.814332899761865 ] ] } },
{ "type": "Feature", "properties": { "MED_DESCRI": "Without Median", "RTT_DESCRI": "Primary Route", "F_CODE_DES": "Road", "ISO": "IND", "ISOCOUNTRY": "INDIA" }, "geometry": { "type": "LineString", "coordinates": [ [ 76.86266330728678, 30.186472009066065 ], [ 76.861831707288331, 30.191722807056244 ], [ 76.85308081830469, 30.247304871952323 ], [ 76.85519402730074, 30.272916828904435 ], [ 76.851135252308325, 30.284805306882205 ], [ 76.849861203310709, 30.288610443875093 ], [ 76.848777855312733, 30.291778650869169 ] ] } },
{ "type": "Feature", "properties": { "MED_DESCRI": "Without Median", "RTT_DESCRI": "Secondary Route", "F_CODE_DES": "Road", "ISO": "IND", "ISOCOUNTRY": "INDIA" }, "geometry": { "type": "LineString", "coordinates": [ [ 77.304580649460505, 30.30005647285369 ], [ 77.304336461460963, 30.298639350856341 ], [ 77.298110990472608, 30.264804759919599 ], [ 77.292945809482262, 30.221834097999945 ], [ 77.299613918469788, 30.173471455090372 ] ] } },
{ "type": "Feature", "properties": { "MED_DESCRI": "Without Median", "RTT_DESCRI": "Secondary Route", "F_CODE_DES": "Road", "ISO": "IND", "ISOCOUNTRY": "INDIA" }, "geometry": { "type": "LineString", "coordinates": [ [ 77.304580649460505, 30.30005647285369 ], [ 77.335113599403414, 30.277610832895661 ], [ 77.349304286376878, 30.258306561931754 ], [ 77.355224522365816, 30.243888885958711 ], [ 77.355163664365932, 30.23652846997247 ], [ 77.353141742369715, 30.231166917982499 ], [ 77.329780586413392, 30.203611285034015 ], [ 77.326385579419735, 30.198389026043785 ], [ 77.314613336441752, 30.180139564077905 ], [ 77.305999661457847, 30.171833014093437 ], [ 77.301864530465579, 30.168861367098991 ] ] } },
{ "type": "Feature", "properties": { "MED_DESCRI": "Without Median", "RTT_DESCRI": "Primary Route", "F_CODE_DES": "Road", "ISO": "IND", "ISOCOUNTRY": "INDIA" }, "geometry": { "type": "LineString", "coordinates": [ [ 76.86266330728678, 30.186472009066065 ], [ 76.862861568286405, 30.185333284068193 ], [ 76.863304206285576, 30.182582767073335 ], [ 76.86386100028453, 30.179250697079567 ], [ 76.864440852283451, 30.175611502086369 ], [ 76.865112369282201, 30.171443863094161 ] ] } },
{ "type": "Feature", "properties": { "MED_DESCRI": "Without Median", "RTT_DESCRI": "Secondary Route", "F_CODE_DES": "Road", "ISO": "IND", "ISOCOUNTRY": "INDIA" }, "geometry": { "type": "LineString", "coordinates": [ [ 77.894279548357929, 30.169944715096968 ], [ 77.905387834337148, 30.179250697079567 ], [ 77.91999810130983, 30.209499391023009 ], [ 77.931808522287753, 30.215528491011739 ], [ 77.943969727265014, 30.229389183985816 ], [ 77.95322411224771, 30.233694036977774 ], [ 77.960891653233375, 30.234027810977146 ], [ 77.968246399219623, 30.239166342967536 ], [ 77.975135827206742, 30.248750721949619 ] ] } },
{ "type": "Feature", "properties": { "MED_DESCRI": "Without Median", "RTT_DESCRI": "Secondary Route", "F_CODE_DES": "Road", "ISO": "IND", "ISOCOUNTRY": "INDIA" }, "geometry": { "type": "LineString", "coordinates": [ [ 77.78622427955996, 30.216028207010801 ], [ 77.798667850536688, 30.210611278020927 ], [ 77.803558414527544, 30.208499959024877 ], [ 77.822280943492544, 30.197250301045912 ], [ 77.843002336453793, 30.184778191069228 ], [ 77.867752075407523, 30.181278289075777 ], [ 77.87516786839366, 30.178749091080505 ], [ 77.878860550386747, 30.177473152082889 ], [ 77.887443607370699, 30.174554803088348 ], [ 77.894279548357929, 30.169944715096968 ] ] } },
{ "type": "Feature", "properties": { "MED_DESCRI": "Without Median", "RTT_DESCRI": "Secondary Route", "F_CODE_DES": "Road", "ISO": "IND", "ISOCOUNTRY": "INDIA" }, "geometry": { "type": "LineString", "coordinates": [ [ 77.034469598965543, 30.190055827059361 ], [ 76.999999968029996, 30.186695029065646 ], [ 76.99255374604391, 30.187166206064767 ], [ 76.921302825177136, 30.180026920078113 ], [ 76.905502236206672, 30.176860792084035 ], [ 76.88844290723857, 30.170333866096236 ], [ 76.878112734257883, 30.169195141098363 ], [ 76.875137307263458, 30.16888801609894 ], [ 76.872474675268435, 30.169610941097588 ], [ 76.865112369282201, 30.171443863094161 ] ] } },
{ "type": "Feature", "properties": { "MED_DESCRI": "Unknown", "RTT_DESCRI": "Unknown", "F_CODE_DES": "Road", "ISO": "IND", "ISOCOUNTRY": "INDIA" }, "geometry": { "type": "LineString", "coordinates": [ [ 77.301864530465579, 30.168861367098991 ], [ 77.299613918469788, 30.173471455090372 ] ] } },
{ "type": "Feature", "properties": { "MED_DESCRI": "Unknown", "RTT_DESCRI": "Unknown", "F_CODE_DES": "Road", "ISO": "IND", "ISOCOUNTRY": "INDIA" }, "geometry": { "type": "LineString", "coordinates": [ [ 77.301864530465579, 30.168861367098991 ], [ 77.294776841478836, 30.168388300099878 ], [ 77.269531166526036, 30.174528154088392 ], [ 77.25653080155034, 30.183776869071103 ], [ 77.216247530625665, 30.199583128041546 ], [ 77.163391034724498, 30.220333060002751 ], [ 77.160888674729165, 30.221332492000883 ] ] } },
{ "type": "Feature", "properties": { "MED_DESCRI": "Without Median", "RTT_DESCRI": "Secondary Route", "F_CODE_DES": "Road", "ISO": "IND", "ISOCOUNTRY": "INDIA" }, "geometry": { "type": "LineString", "coordinates": [ [ 77.78622427955996, 30.216028207010801 ], [ 77.772972166584736, 30.202777795035573 ], [ 77.723777734676716, 30.168417028099825 ], [ 77.710556050701442, 30.164138824107823 ], [ 77.697082429726635, 30.164222740107661 ] ] } },
{ "type": "Feature", "properties": { "MED_DESCRI": "Without Median", "RTT_DESCRI": "Secondary Route", "F_CODE_DES": "Road", "ISO": "IND", "ISOCOUNTRY": "INDIA" }, "geometry": { "type": "LineString", "coordinates": [ [ 77.310943523448614, 30.159721327116081 ], [ 77.304359519460917, 30.165861181104603 ], [ 77.301864530465579, 30.168861367098991 ] ] } },
{ "type": "Feature", "properties": { "MED_DESCRI": "Without Median", "RTT_DESCRI": "Secondary Route", "F_CODE_DES": "Road", "ISO": "IND", "ISOCOUNTRY": "INDIA" }, "geometry": { "type": "LineString", "coordinates": [ [ 75.892501739100723, 30.157916944119457 ], [ 75.898635923089259, 30.159334255116804 ], [ 75.911140352065871, 30.165945097104441 ], [ 75.934722827021787, 30.187110829064871 ], [ 75.940002353011906, 30.191860210055985 ], [ 75.95138544499062, 30.203556097034124 ], [ 75.971580472952866, 30.224306028995322 ], [ 75.997169560905022, 30.24344435795954 ], [ 76.012000957877291, 30.251666991944163 ] ] } },
{ "type": "Feature", "properties": { "MED_DESCRI": "Without Median", "RTT_DESCRI": "Secondary Route", "F_CODE_DES": "Road", "ISO": "IND", "ISOCOUNTRY": "INDIA" }, "geometry": { "type": "LineString", "coordinates": [ [ 77.310943523448614, 30.159721327116081 ], [ 77.312362724445961, 30.161666893112439 ], [ 77.320030265431612, 30.161582977112602 ], [ 77.349609332376318, 30.1564998221221 ], [ 77.356529189363371, 30.154693549125483 ], [ 77.360107337356681, 30.154916758125061 ], [ 77.360748236355491, 30.15494529712501 ], [ 77.364028898349346, 30.155166616124596 ], [ 77.369056676339952, 30.159082507117276 ], [ 77.37547303732795, 30.170415892096081 ], [ 77.387031521306341, 30.204971329031473 ], [ 77.393554667294154, 30.21330641801589 ], [ 77.403663710275239, 30.226194327991792 ], [ 77.414695829254612, 30.23569479097403 ], [ 77.433441227219575, 30.240472710965093 ], [ 77.442192116203202, 30.245361384955956 ], [ 77.453613197181852, 30.251777556943956 ], [ 77.462890640164503, 30.251277840944894 ], [ 77.471252378148876, 30.252832365941984 ], [ 77.528053304042672, 30.27902795489301 ], [ 77.543250983014261, 30.286027947879923 ], [ 77.549415596002731, 30.290666574871246 ], [ 77.553360025995346, 30.293638221865692 ], [ 77.55596917099048, 30.293167044866571 ], [ 77.556556771989378, 30.293056479866777 ] ] } },
{ "type": "Feature", "properties": { "MED_DESCRI": "Without Median", "RTT_DESCRI": "Secondary Route", "F_CODE_DES": "Road", "ISO": "IND", "ISOCOUNTRY": "INDIA" }, "geometry": { "type": "LineString", "coordinates": [ [ 74.482666069736752, 30.210861136020462 ], [ 74.467025752765991, 30.208110808025602 ], [ 74.445442141806353, 30.20108416603874 ], [ 74.423721316846965, 30.194026906051938 ], [ 74.396972713896972, 30.190944694057698 ], [ 74.365364164956077, 30.18727677106456 ], [ 74.351333560982312, 30.179416639079257 ], [ 74.343917767996174, 30.178722442080556 ], [ 74.313972419052163, 30.175916737085799 ], [ 74.29636385608508, 30.170944147095099 ], [ 74.228164718212597, 30.161417035112912 ], [ 74.201385497262663, 30.156166048122728 ], [ 74.196281363272206, 30.155166616124596 ] ] } },
{ "type": "Feature", "properties": { "MED_DESCRI": "Without Median", "RTT_DESCRI": "Secondary Route", "F_CODE_DES": "Road", "ISO": "IND", "ISOCOUNTRY": "INDIA" }, "geometry": { "type": "LineString", "coordinates": [ [ 74.031501713580312, 30.40490346665765 ], [ 74.031661985580001, 30.404695566658042 ], [ 74.030387936582386, 30.401556087663913 ], [ 74.030304020582548, 30.39838977066983 ], [ 74.03269203557808, 30.394777224676588 ], [ 74.040252602563939, 30.384277329696218 ], [ 74.058975131528939, 30.358222923744933 ], [ 74.066223092515386, 30.348138828763787 ], [ 74.067359927513266, 30.346555764766748 ], [ 74.074943552499079, 30.336000492786482 ], [ 74.083778357482558, 30.323694135809497 ], [ 74.089164668472492, 30.316223154823462 ], [ 74.098419242455194, 30.30333335484756 ], [ 74.1047210694434, 30.293832702865323 ], [ 74.107719365437802, 30.289304640873794 ], [ 74.118721055417225, 30.272722158904799 ], [ 74.143028345371775, 30.229415832985772 ], [ 74.167472849326074, 30.193361248053179 ], [ 74.17430879031329, 30.183277153072034 ], [ 74.186607398290306, 30.165111607105999 ], [ 74.196281363272206, 30.155166616124596 ] ] } },
{ "type": "Feature", "properties": { "MED_DESCRI": "Without Median", "RTT_DESCRI": "Secondary Route", "F_CODE_DES": "Road", "ISO": "IND", "ISOCOUNTRY": "INDIA" }, "geometry": { "type": "LineString", "coordinates": [ [ 76.338973981265937, 30.308445048838003 ], [ 76.330581625281624, 30.291583980869532 ], [ 76.3202743213009, 30.277805313895293 ], [ 76.305335950328825, 30.266056128917263 ], [ 76.282081579372317, 30.252138168943283 ], [ 76.266471880401497, 30.238111533969509 ], [ 76.249221850433756, 30.212360473017661 ], [ 76.241668654447878, 30.20108416603874 ], [ 76.214141938499338, 30.153139024128386 ] ] } },
{ "type": "Feature", "properties": { "MED_DESCRI": "Without Median", "RTT_DESCRI": "Secondary Route", "F_CODE_DES": "Road", "ISO": "IND", "ISOCOUNTRY": "INDIA" }, "geometry": { "type": "LineString", "coordinates": [ [ 76.061607409784543, 30.209167507023629 ], [ 76.075607206758363, 30.20830528902524 ], [ 76.080390985749418, 30.2060280280295 ], [ 76.095947197720335, 30.198528319043518 ], [ 76.10930628469535, 30.19658275304716 ], [ 76.112388685689595, 30.194278654051466 ], [ 76.137474088642691, 30.175443670086686 ], [ 76.149498079620201, 30.16872207409925 ], [ 76.175781175571061, 30.161666893112439 ], [ 76.186141966551688, 30.157554631120128 ], [ 76.190025349544428, 30.157278124120651 ], [ 76.194274825536482, 30.156972889121221 ], [ 76.198608406528379, 30.154249210126309 ], [ 76.204635616517109, 30.153804871127143 ], [ 76.214141938499338, 30.153139024128386 ] ] } },
{ "type": "Feature", "properties": { "MED_DESCRI": "Without Median", "RTT_DESCRI": "Secondary Route", "F_CODE_DES": "Road", "ISO": "IND", "ISOCOUNTRY": "INDIA" }, "geometry": { "type": "LineString", "coordinates": [ [ 78.599502618039338, 30.153028459128592 ], [ 78.611503551016895, 30.155805625123399 ], [ 78.616142367008223, 30.163333873109323 ], [ 78.618385230004037, 30.181083619076141 ], [ 78.622863773995661, 30.186777055065491 ], [ 78.634941062973084, 30.192972097053911 ], [ 78.639945971963726, 30.198917470042794 ], [ 78.642669650958624, 30.207527176026694 ], [ 78.646720865951053, 30.210666655020823 ], [ 78.658859201928365, 30.210666655020823 ], [ 78.671386688904931, 30.214138018014332 ], [ 78.676971449894495, 30.218250280006643 ], [ 78.683830259881674, 30.237943701969826 ], [ 78.684364373880669, 30.239416200967071 ], [ 78.690551666869098, 30.242195067961873 ], [ 78.707084630838196, 30.239139504967589 ], [ 78.71213527782875, 30.239334174967226 ], [ 78.721053998812067, 30.239666058966606 ], [ 78.733886720788078, 30.231889653981142 ], [ 78.749862701758204, 30.219305089004671 ], [ 78.757530242743869, 30.213277879015941 ], [ 78.763580321732562, 30.213972076014649 ] ] } },
{ "type": "Feature", "properties": { "MED_DESCRI": "Without Median", "RTT_DESCRI": "Secondary Route", "F_CODE_DES": "Road", "ISO": "IND", "ISOCOUNTRY": "INDIA" }, "geometry": { "type": "LineString", "coordinates": [ [ 78.457305822305216, 30.410804802646616 ], [ 78.471557556278569, 30.391387887682924 ], [ 78.474670386272749, 30.37752719470884 ], [ 78.472114539277527, 30.370750410721513 ], [ 78.47641750226947, 30.364276971733617 ], [ 78.48666375925032, 30.32588955980539 ], [ 78.486473058250681, 30.314388342826895 ], [ 78.490417488243295, 30.304445241845485 ], [ 78.486831591250009, 30.297193500859045 ], [ 78.488670372246574, 30.292667328867509 ], [ 78.481857300259307, 30.286417098879191 ], [ 78.482086179258872, 30.282054978887345 ], [ 78.489387438245231, 30.278694180893631 ], [ 78.49202720124029, 30.268917021911911 ], [ 78.497253429230526, 30.260389341927855 ], [ 78.505806057214528, 30.258443775931497 ], [ 78.509666382207314, 30.250083927947124 ], [ 78.513832131199521, 30.246360816954088 ], [ 78.524948166178731, 30.246334167954139 ], [ 78.529273998170652, 30.243972801958549 ], [ 78.535247721159479, 30.235721628973977 ], [ 78.554473935123525, 30.227277675989768 ], [ 78.557472231117927, 30.220277872002853 ], [ 78.556030350120622, 30.212638870017138 ], [ 78.557586576117714, 30.205833358029864 ], [ 78.557723979117455, 30.205139161031163 ], [ 78.556640631119478, 30.20072166403942 ], [ 78.567558216099073, 30.194055634051885 ], [ 78.582336504071435, 30.188888563061546 ], [ 78.584945649066555, 30.184389040069959 ], [ 78.585945081064693, 30.175249189087047 ], [ 78.595581057046672, 30.167804668100963 ], [ 78.598968504040343, 30.155027323124855 ], [ 78.599502618039338, 30.153028459128592 ] ] } },
{ "type": "Feature", "properties": { "MED_DESCRI": "Without Median", "RTT_DESCRI": "Secondary Route", "F_CODE_DES": "Road", "ISO": "IND", "ISOCOUNTRY": "INDIA" }, "geometry": { "type": "LineString", "coordinates": [ [ 74.196281363272206, 30.155166616124596 ], [ 74.20330819425908, 30.150222754133843 ], [ 74.20605474225394, 30.148277377137475 ] ] } },
{ "type": "Feature", "properties": { "MED_DESCRI": "Without Median", "RTT_DESCRI": "Secondary Route", "F_CODE_DES": "Road", "ISO": "IND", "ISOCOUNTRY": "INDIA" }, "geometry": { "type": "LineString", "coordinates": [ [ 74.876304685000747, 30.147611530138725 ], [ 74.880531291992838, 30.150444073133428 ], [ 74.900863722954824, 30.164110096107876 ], [ 74.926834023906267, 30.190776862058016 ], [ 74.930419920899567, 30.193555918052816 ], [ 74.935302735890431, 30.197361055045704 ], [ 74.937721179885912, 30.202472749036147 ], [ 74.939781279882055, 30.206832979027993 ], [ 74.940635748880467, 30.209054863023837 ], [ 74.939025846883467, 30.208944298024043 ] ] } },
{ "type": "Feature", "properties": { "MED_DESCRI": "Without Median", "RTT_DESCRI": "Secondary Route", "F_CODE_DES": "Road", "ISO": "IND", "ISOCOUNTRY": "INDIA" }, "geometry": { "type": "LineString", "coordinates": [ [ 74.193725516276984, 30.141361300150407 ], [ 74.192169101279902, 30.139528189153836 ], [ 74.183441081296223, 30.129194236173156 ], [ 74.17852783730541, 30.118917550192371 ], [ 74.166580202327751, 30.093889225239167 ], [ 74.166419930328047, 30.093166300240519 ], [ 74.163719120333099, 30.080888671263473 ], [ 74.165641817329501, 30.068445289286743 ], [ 74.181999200298918, 30.047388043326116 ], [ 74.195892401272943, 30.029527732359504 ], [ 74.201141309263122, 30.022777597372126 ], [ 74.213218598240545, 30.007249924401158 ], [ 74.217498692232539, 30.000000073414718 ], [ 74.222190806223765, 29.992082674429518 ], [ 74.229080234210883, 29.980417216451329 ], [ 74.234497163200757, 29.963499070482968 ], [ 74.234641937200493, 29.956417051496203 ] ] } },
{ "type": "Feature", "properties": { "MED_DESCRI": "Without Median", "RTT_DESCRI": "Secondary Route", "F_CODE_DES": "Road", "ISO": "IND", "ISOCOUNTRY": "INDIA" }, "geometry": { "type": "LineString", "coordinates": [ [ 79.261474549801619, 30.224637912994702 ], [ 79.264556950795864, 30.22136122000083 ], [ 79.272140575781677, 30.20555496103038 ], [ 79.277641231771398, 30.200695015039472 ], [ 79.30786138671489, 30.192083419055571 ], [ 79.337890651658753, 30.170139385096604 ], [ 79.349861155636361, 30.167778019101014 ], [ 79.356971713623068, 30.162500383110881 ], [ 79.360725442616058, 30.155527039123925 ], [ 79.367973403602505, 30.148082707137839 ], [ 79.368721087601102, 30.147277756139346 ], [ 79.370719951597366, 30.13908385015467 ] ] } },
{ "type": "Feature", "properties": { "MED_DESCRI": "Unknown", "RTT_DESCRI": "Unknown", "F_CODE_DES": "Road", "ISO": "IND", "ISOCOUNTRY": "INDIA" }, "geometry": { "type": "LineString", "coordinates": [ [ 74.214752144237679, 30.141000688151081 ], [ 74.218750061230196, 30.137638000157374 ], [ 74.242919948185005, 30.120082924190193 ], [ 74.263610912146319, 30.105054778218289 ], [ 74.325668306030295, 30.059972797302585 ], [ 74.326110755029461, 30.059639023303205 ], [ 74.3298873530224, 30.056667376308766 ], [ 74.346885634990628, 30.043306399333744 ], [ 74.358024538969801, 30.031499947355819 ], [ 74.362968400960554, 30.028223065361949 ] ] } },
{ "type": "Feature", "properties": { "MED_DESCRI": "Without Median", "RTT_DESCRI": "Secondary Route", "F_CODE_DES": "Road", "ISO": "IND", "ISOCOUNTRY": "INDIA" }, "geometry": { "type": "LineString", "coordinates": [ [ 77.697082429726635, 30.164222740107661 ], [ 77.685142543748952, 30.165056230106103 ], [ 77.671859812773789, 30.152973082128696 ], [ 77.656913692801737, 30.151361479131708 ], [ 77.632415701847535, 30.145889362141943 ], [ 77.622085528866847, 30.141971581149271 ], [ 77.6164474698774, 30.136138852160173 ] ] } },
{ "type": "Feature", "properties": { "MED_DESCRI": "Without Median", "RTT_DESCRI": "Secondary Route", "F_CODE_DES": "Road", "ISO": "IND", "ISOCOUNTRY": "INDIA" }, "geometry": { "type": "LineString", "coordinates": [ [ 77.6164474698774, 30.136138852160173 ], [ 77.610557473888406, 30.141889555149419 ], [ 77.608413646892416, 30.143972335145527 ], [ 77.605140733898537, 30.147167191139552 ], [ 77.612052841885614, 30.180778573076708 ], [ 77.608055113893087, 30.184833568069124 ], [ 77.597442574912932, 30.195499405049183 ], [ 77.599281355909497, 30.199806148041134 ], [ 77.620445197869927, 30.249721614947802 ], [ 77.626808260858027, 30.264610278919967 ], [ 77.627914477855953, 30.272027961906097 ], [ 77.625808639859898, 30.276527484897684 ], [ 77.626525894858545, 30.281833659887759 ], [ 77.642608660828486, 30.316139238823617 ] ] } },
{ "type": "Feature", "properties": { "MED_DESCRI": "Unknown", "RTT_DESCRI": "Unknown", "F_CODE_DES": "Road", "ISO": "IND", "ISOCOUNTRY": "INDIA" }, "geometry": { "type": "LineString", "coordinates": [ [ 77.279777612506876, 30.126083296178976 ], [ 77.282859824501116, 30.127387963176538 ], [ 77.294746412478887, 30.139278331154301 ], [ 77.310943523448614, 30.159721327116081 ] ] } },
{ "type": "Feature", "properties": { "MED_DESCRI": "Unknown", "RTT_DESCRI": "Unknown", "F_CODE_DES": "Road", "ISO": "IND", "ISOCOUNTRY": "INDIA" }, "geometry": { "type": "LineString", "coordinates": [ [ 77.279777612506876, 30.126083296178976 ], [ 77.279083226508178, 30.119667124190968 ], [ 77.278419458509418, 30.113527270202454 ], [ 77.278861907508599, 30.113056093203333 ], [ 77.280723557505112, 30.111194632206811 ], [ 77.321609549428672, 30.091110169244367 ], [ 77.338607831396885, 30.0733337742776 ], [ 77.340774527392838, 30.071111701281758 ], [ 77.341079762392255, 30.070777927282379 ], [ 77.341773959390963, 30.069999625283835 ], [ 77.345695520383629, 30.065694772291884 ], [ 77.347610468380054, 30.063583453295834 ], [ 77.34955603437642, 30.061471945299779 ], [ 77.351776217372262, 30.059415814303627 ], [ 77.353446977369131, 30.057916666306426 ], [ 77.365417481346753, 30.045415828329801 ], [ 77.388305570303956, 30.03438956835042 ], [ 77.390167220300484, 30.033500701352082 ], [ 77.39824678128538, 30.018249535380598 ], [ 77.447280941193696, 30.000000073414718 ], [ 77.458473143172768, 29.99583243442251 ], [ 77.501831066091697, 29.974555948462289 ], [ 77.509025540078241, 29.971027318468892 ], [ 77.510803274074917, 29.970167179470494 ], [ 77.515335116066453, 29.967945106474652 ], [ 77.517890963061674, 29.966693926476992 ] ] } },
{ "type": "Feature", "properties": { "MED_DESCRI": "Without Median", "RTT_DESCRI": "Secondary Route", "F_CODE_DES": "Road", "ISO": "IND", "ISOCOUNTRY": "INDIA" }, "geometry": { "type": "LineString", "coordinates": [ [ 75.63288888258613, 30.252361377942869 ], [ 75.605781557636817, 30.232334181980313 ], [ 75.598724297650008, 30.223417350996982 ], [ 75.578002904688759, 30.179000839080032 ], [ 75.568191536707104, 30.173805229089744 ], [ 75.542198177755694, 30.160028452115505 ], [ 75.514556927807376, 30.145389646142874 ], [ 75.501525944831741, 30.143333515146722 ], [ 75.489112802854962, 30.143583373146257 ], [ 75.479667716872612, 30.139333708154197 ], [ 75.467247014895833, 30.123056461184632 ], [ 75.462364199904968, 30.120250756189883 ], [ 75.45038613592736, 30.118165897193776 ], [ 75.442413359942265, 30.111583783206086 ] ] } },
{ "type": "Feature", "properties": { "MED_DESCRI": "Unknown", "RTT_DESCRI": "Unknown", "F_CODE_DES": "Road", "ISO": "IND", "ISOCOUNTRY": "INDIA" }, "geometry": { "type": "LineString", "coordinates": [ [ 78.297058014604829, 30.109611568209772 ], [ 78.28822320962135, 30.114166279201257 ], [ 78.266777001661453, 30.125249806180534 ], [ 78.252334566688447, 30.137971963156744 ], [ 78.242973396705963, 30.154582984125689 ], [ 78.235275237720344, 30.174694096088082 ], [ 78.231719958726998, 30.176610934084501 ], [ 78.228141810733689, 30.17647164108476 ], [ 78.223030116743246, 30.176250511085172 ], [ 78.202140891782307, 30.188194366062845 ], [ 78.202026357782515, 30.188249554062743 ], [ 78.193695048798091, 30.190277146058946 ], [ 78.192390381800536, 30.190610920058326 ], [ 78.186447087811644, 30.189945262059567 ], [ 78.181724544820469, 30.189443656060504 ], [ 78.150642360878592, 30.18608285806679 ], [ 78.141723639895261, 30.180444799077335 ], [ 78.13555902690679, 30.179445178079199 ], [ 78.128440908920098, 30.178277914081384 ] ] } },
{ "type": "Feature", "properties": { "MED_DESCRI": "Without Median", "RTT_DESCRI": "Secondary Route", "F_CODE_DES": "Road", "ISO": "IND", "ISOCOUNTRY": "INDIA" }, "geometry": { "type": "LineString", "coordinates": [ [ 75.08799734760494, 30.108499492211848 ], [ 75.091529757598337, 30.116916607196117 ], [ 75.101196351580256, 30.139888801153162 ], [ 75.104225076574593, 30.155639683123709 ], [ 75.105003378573144, 30.159694678116132 ], [ 75.098609886585095, 30.187694461063778 ], [ 75.088584948603838, 30.208139347025551 ], [ 75.082420335615367, 30.220722211002027 ] ] } },
{ "type": "Feature", "properties": { "MED_DESCRI": "Unknown", "RTT_DESCRI": "Unknown", "F_CODE_DES": "Road", "ISO": "IND", "ISOCOUNTRY": "INDIA" }, "geometry": { "type": "LineString", "coordinates": [ [ 78.297058014604829, 30.109611568209772 ], [ 78.290443392617206, 30.103166668221824 ] ] } },
{ "type": "Feature", "properties": { "MED_DESCRI": "Without Median", "RTT_DESCRI": "Secondary Route", "F_CODE_DES": "Road", "ISO": "IND", "ISOCOUNTRY": "INDIA" }, "geometry": { "type": "LineString", "coordinates": [ [ 76.661971956662015, 30.102945349222239 ], [ 76.6608046926642, 30.105861619216782 ], [ 76.675308174637081, 30.131833999168222 ], [ 76.691024847607693, 30.16922179009832 ], [ 76.705055262581467, 30.195667237048873 ], [ 76.705833375579999, 30.198778177043053 ], [ 76.708557054574911, 30.209722600022587 ], [ 76.707862857576217, 30.220527730002388 ], [ 76.706497143578758, 30.241056531964006 ], [ 76.710136338571957, 30.26199905492485 ], [ 76.723335342547287, 30.313278156828972 ], [ 76.747413564502267, 30.3372231337842 ], [ 76.750915545495715, 30.340694496777708 ], [ 76.764190716470893, 30.365444235731431 ], [ 76.769165007461595, 30.36961168572364 ], [ 76.775192217450325, 30.374639463714239 ] ] } },
{ "type": "Feature", "properties": { "MED_DESCRI": "Without Median", "RTT_DESCRI": "Secondary Route", "F_CODE_DES": "Road", "ISO": "IND", "ISOCOUNTRY": "INDIA" }, "geometry": { "type": "LineString", "coordinates": [ [ 75.941139188009785, 30.101999215224005 ], [ 75.944557253003396, 30.105417280217615 ], [ 75.959114032976174, 30.119916982190503 ], [ 75.971496556953028, 30.139165876154514 ], [ 75.980835046935567, 30.145889362141943 ], [ 75.999168424901285, 30.152944543128754 ], [ 76.003829920892571, 30.157167370120852 ], [ 76.040969932823131, 30.190610920058326 ], [ 76.061607409784543, 30.209167507023629 ] ] } },
{ "type": "Feature", "properties": { "MED_DESCRI": "Without Median", "RTT_DESCRI": "Secondary Route", "F_CODE_DES": "Road", "ISO": "IND", "ISOCOUNTRY": "INDIA" }, "geometry": { "type": "LineString", "coordinates": [ [ 75.892501739100723, 30.157916944119457 ], [ 75.919692980049888, 30.128194804175024 ], [ 75.934913717021431, 30.109611568209772 ], [ 75.938552912014615, 30.105167422218081 ], [ 75.941139188009785, 30.101999215224005 ] ] } },
{ "type": "Feature", "properties": { "MED_DESCRI": "Without Median", "RTT_DESCRI": "Secondary Route", "F_CODE_DES": "Road", "ISO": "IND", "ISOCOUNTRY": "INDIA" }, "geometry": { "type": "LineString", "coordinates": [ [ 74.084335340481516, 30.094472857238081 ], [ 74.082778925484433, 30.097055353233252 ], [ 74.062141448523022, 30.131389660169056 ], [ 74.058364850530083, 30.139249792154359 ], [ 74.058303803530194, 30.139360357154146 ], [ 74.025749120591058, 30.206916895027838 ], [ 74.024612474593184, 30.209249533023474 ], [ 74.024055491594225, 30.210416797021296 ], [ 74.008445792623419, 30.269527491910772 ], [ 74.004554660630689, 30.278194464894568 ], [ 74.00208291863531, 30.28369530988428 ] ] } },
{ "type": "Feature", "properties": { "MED_DESCRI": "Without Median", "RTT_DESCRI": "Secondary Route", "F_CODE_DES": "Road", "ISO": "IND", "ISOCOUNTRY": "INDIA" }, "geometry": { "type": "LineString", "coordinates": [ [ 77.894279548357929, 30.169944715096968 ], [ 77.908332832331652, 30.160528168114574 ], [ 77.912086561324628, 30.156917512121325 ], [ 77.930419939290346, 30.139223143154403 ], [ 77.948448271256638, 30.124389667182143 ], [ 77.950920013252016, 30.119638396191021 ], [ 77.955253594243914, 30.1113605742065 ], [ 77.978691106200088, 30.094222999238546 ] ] } },
{ "type": "Feature", "properties": { "MED_DESCRI": "Without Median", "RTT_DESCRI": "Secondary Route", "F_CODE_DES": "Road", "ISO": "IND", "ISOCOUNTRY": "INDIA" }, "geometry": { "type": "LineString", "coordinates": [ [ 75.08799734760494, 30.108499492211848 ], [ 75.116996751550715, 30.094388941238236 ], [ 75.118614213547687, 30.09361082823969 ] ] } },
{ "type": "Feature", "properties": { "MED_DESCRI": "Without Median", "RTT_DESCRI": "Secondary Route", "F_CODE_DES": "Road", "ISO": "IND", "ISOCOUNTRY": "INDIA" }, "geometry": { "type": "LineString", "coordinates": [ [ 78.128440908920098, 30.178277914081384 ], [ 78.129776004917602, 30.143638561146147 ], [ 78.135002043907832, 30.135583948161212 ], [ 78.134582463908615, 30.119167408191906 ], [ 78.134414631908939, 30.112833073203745 ], [ 78.138359061901554, 30.103361149221456 ], [ 78.140830992896937, 30.100276858227225 ], [ 78.148864815881922, 30.090250030245976 ], [ 78.142364538894071, 30.086834044252363 ], [ 78.141693021895321, 30.086500081252986 ] ] } },
{ "type": "Feature", "properties": { "MED_DESCRI": "Without Median", "RTT_DESCRI": "Secondary Route", "F_CODE_DES": "Road", "ISO": "IND", "ISOCOUNTRY": "INDIA" }, "geometry": { "type": "LineString", "coordinates": [ [ 78.141693021895321, 30.086500081252986 ], [ 78.138442977901406, 30.084806452256153 ], [ 78.123611391929131, 30.077028346270694 ], [ 78.117858798939892, 30.073999432276359 ], [ 78.111114522952505, 30.067054816289343 ], [ 78.111053475952616, 30.063611992295776 ], [ 78.121002246934012, 30.055528651310894 ], [ 78.131500251914389, 30.056222848309595 ], [ 78.132721002912106, 30.055305442311308 ], [ 78.186805809810977, 30.014083786388383 ], [ 78.190666134803763, 30.011138977393891 ], [ 78.19355764579835, 30.008943553397998 ] ] } },
{ "type": "Feature", "properties": { "MED_DESCRI": "Without Median", "RTT_DESCRI": "Secondary Route", "F_CODE_DES": "Road", "ISO": "IND", "ISOCOUNTRY": "INDIA" }, "geometry": { "type": "LineString", "coordinates": [ [ 75.228691026341878, 30.26338952792225 ], [ 75.248443605304942, 30.218221741006701 ], [ 75.252357417297631, 30.200639638039576 ], [ 75.25225063229783, 30.196277707047727 ], [ 75.251998884298303, 30.186889699065283 ], [ 75.243385398314402, 30.141387949150356 ], [ 75.24250031131605, 30.136749322159034 ], [ 75.229721076339956, 30.09361082823969 ], [ 75.227775510343591, 30.087028525251995 ], [ 75.2275008933441, 30.080833483263582 ] ] } },
{ "type": "Feature", "properties": { "MED_DESCRI": "Without Median", "RTT_DESCRI": "Secondary Route", "F_CODE_DES": "Road", "ISO": "IND", "ISOCOUNTRY": "INDIA" }, "geometry": { "type": "LineString", "coordinates": [ [ 75.2275008933441, 30.080833483263582 ], [ 75.154861389479919, 30.102722140222653 ], [ 75.144752535498824, 30.105777703216944 ], [ 75.134696979517614, 30.105222610217979 ], [ 75.126777690532421, 30.101222992225459 ], [ 75.123611373538353, 30.09963803822842 ], [ 75.121055526543131, 30.096555637234182 ], [ 75.118614213547687, 30.09361082823969 ] ] } },
{ "type": "Feature", "properties": { "MED_DESCRI": "Without Median", "RTT_DESCRI": "Secondary Route", "F_CODE_DES": "Road", "ISO": "IND", "ISOCOUNTRY": "INDIA" }, "geometry": { "type": "LineString", "coordinates": [ [ 80.171165379100742, 30.581306427327824 ], [ 80.175224343093149, 30.570917097347248 ], [ 80.177696274088532, 30.554472018378 ], [ 80.193862956058297, 30.52555464043207 ], [ 80.194610640056908, 30.519388137443599 ], [ 80.178642219086768, 30.485445060507061 ], [ 80.177696274088532, 30.47530558852602 ], [ 80.178970323086148, 30.469388943537083 ], [ 80.174697789094139, 30.463306356548458 ], [ 80.167694016107234, 30.458972964556558 ], [ 80.159469681122616, 30.445222836582268 ], [ 80.157752994125815, 30.434610297602113 ], [ 80.162193360117513, 30.421888329625894 ], [ 80.159446623122648, 30.410110416647917 ], [ 80.164390485113415, 30.398527173669578 ], [ 80.171638446099863, 30.388195110688891 ], [ 80.179473819085203, 30.369361827724106 ], [ 80.198555070049537, 30.353445003753869 ], [ 80.203475874040336, 30.349361469761504 ], [ 80.210166852027825, 30.339445206780042 ], [ 80.214248685020181, 30.329000499799569 ], [ 80.243080067966275, 30.306388917841851 ], [ 80.263832078927479, 30.302360571849384 ], [ 80.274246167908004, 30.306528021841586 ], [ 80.275169432906281, 30.30333335484756 ], [ 80.269142222917552, 30.279777528891607 ], [ 80.268859856918084, 30.271638810906822 ], [ 80.268753071918283, 30.26852805991264 ], [ 80.278945841899215, 30.234832761975639 ], [ 80.273941121908578, 30.219554947004205 ], [ 80.27244575391137, 30.20963868402275 ], [ 80.26364137792784, 30.197250301045912 ], [ 80.263885565927382, 30.182777437072971 ], [ 80.270164523915639, 30.177444424082942 ], [ 80.259864779934901, 30.17027848909634 ], [ 80.258499065937457, 30.164054908107978 ], [ 80.259330665935892, 30.156221425122624 ], [ 80.261276231932257, 30.138194983156332 ], [ 80.264831510925617, 30.13461116516303 ], [ 80.265830942923742, 30.128665981174144 ], [ 80.263748162927641, 30.120361321189669 ], [ 80.270614532914792, 30.11341670520266 ], [ 80.276275649904207, 30.102111859223797 ], [ 80.28189083989372, 30.100416151226966 ], [ 80.285972672886089, 30.103971430220319 ], [ 80.299919171860012, 30.083221498259114 ], [ 80.302558934855071, 30.082834237259839 ], [ 80.316886835828285, 30.094694176237667 ], [ 80.32033532982183, 30.094778092237505 ], [ 80.322746213817325, 30.084417301256877 ], [ 80.323753394815441, 30.080194474264772 ] ] } },
{ "type": "Feature", "properties": { "MED_DESCRI": "Without Median", "RTT_DESCRI": "Secondary Route", "F_CODE_DES": "Road", "ISO": "IND", "ISOCOUNTRY": "INDIA" }, "geometry": { "type": "LineString", "coordinates": [ [ 75.625610303599743, 30.075527119273502 ], [ 75.629249498592941, 30.079971265265193 ], [ 75.648887543556214, 30.092306161242128 ], [ 75.658920230537461, 30.091972387242755 ], [ 75.687332222484343, 30.091054981244469 ], [ 75.714386060433753, 30.104000158220266 ], [ 75.757469177353201, 30.115943824197934 ], [ 75.781059212309088, 30.122472829185725 ], [ 75.79727938127877, 30.129417445172741 ], [ 75.807945218258823, 30.133028101165991 ], [ 75.854499887171784, 30.148721716136649 ], [ 75.892501739100723, 30.157916944119457 ] ] } },
{ "type": "Feature", "properties": { "MED_DESCRI": "Without Median", "RTT_DESCRI": "Secondary Route", "F_CODE_DES": "Road", "ISO": "IND", "ISOCOUNTRY": "INDIA" }, "geometry": { "type": "LineString", "coordinates": [ [ 80.318862830824585, 30.069278779285185 ], [ 80.323753394815441, 30.080194474264772 ] ] } },
{ "type": "Feature", "properties": { "MED_DESCRI": "Without Median", "RTT_DESCRI": "Secondary Route", "F_CODE_DES": "Road", "ISO": "IND", "ISOCOUNTRY": "INDIA" }, "geometry": { "type": "LineString", "coordinates": [ [ 78.141693021895321, 30.086500081252986 ], [ 78.16374969985408, 30.069278779285185 ], [ 78.164474514852728, 30.067777552287993 ], [ 78.168556158845092, 30.059139307304143 ], [ 78.179031294825506, 30.055444735311049 ], [ 78.185470524813468, 30.057333034307518 ], [ 78.188140905808481, 30.058139875306011 ], [ 78.210998565765735, 30.048778516323516 ] ] } },
{ "type": "Feature", "properties": { "MED_DESCRI": "Without Median", "RTT_DESCRI": "Secondary Route", "F_CODE_DES": "Road", "ISO": "IND", "ISOCOUNTRY": "INDIA" }, "geometry": { "type": "LineString", "coordinates": [ [ 75.530746478777118, 30.064167085294741 ], [ 75.540725678758449, 30.067361752288768 ], [ 75.566253719710716, 30.075500470273553 ], [ 75.655860887543184, 30.100055728227638 ], [ 75.668136626520223, 30.104473036219382 ], [ 75.71125036143961, 30.119943631190452 ], [ 75.718666154425748, 30.120416698189572 ], [ 75.733497551398017, 30.121360753187801 ], [ 75.759193424349974, 30.128389285174663 ], [ 75.789085475294087, 30.139389085154093 ], [ 75.804168620265884, 30.140388517152225 ] ] } },
{ "type": "Feature", "properties": { "MED_DESCRI": "Without Median", "RTT_DESCRI": "Secondary Route", "F_CODE_DES": "Road", "ISO": "IND", "ISOCOUNTRY": "INDIA" }, "geometry": { "type": "LineString", "coordinates": [ [ 75.442413359942265, 30.111583783206086 ], [ 75.448585532930736, 30.107915860212941 ], [ 75.461944619905751, 30.095249269236625 ], [ 75.469306925891985, 30.094749364237558 ], [ 75.482635583867065, 30.097473232232467 ], [ 75.486831572859217, 30.096694930233923 ], [ 75.488914541855323, 30.096305779234648 ], [ 75.527420078783337, 30.066722932289963 ], [ 75.530746478777118, 30.064167085294741 ] ] } },
{ "type": "Feature", "properties": { "MED_DESCRI": "Without Median", "RTT_DESCRI": "Secondary Route", "F_CODE_DES": "Road", "ISO": "IND", "ISOCOUNTRY": "INDIA" }, "geometry": { "type": "LineString", "coordinates": [ [ 78.457305822305216, 30.410804802646616 ], [ 78.452720682313782, 30.40694428865384 ], [ 78.441696123334395, 30.390916899683802 ], [ 78.433525086349675, 30.389667420686138 ], [ 78.421974162371271, 30.378166203707643 ], [ 78.410308893393079, 30.373805973715797 ], [ 78.40783696239771, 30.350973072758492 ], [ 78.403358418406071, 30.345277746769135 ], [ 78.399497904413295, 30.343305531772828 ], [ 78.400085505412193, 30.332305920793395 ], [ 78.394218378423162, 30.328388139800715 ], [ 78.392585796426218, 30.324417060808145 ], [ 78.377471844454476, 30.325387953806327 ], [ 78.375053400458995, 30.32555578580601 ], [ 78.368248077471719, 30.329416299798794 ], [ 78.364112946479452, 30.327861774801704 ], [ 78.350471493504969, 30.306194247842214 ], [ 78.351501543503034, 30.301639536850729 ], [ 78.370918269466728, 30.28955657787332 ], [ 78.36772152347271, 30.284360967883039 ], [ 78.364830012478123, 30.279666963891813 ], [ 78.363586392480443, 30.268833105912073 ], [ 78.360275301486638, 30.266388012916643 ], [ 78.368446338471358, 30.257083920934036 ], [ 78.363555963480493, 30.2497768029477 ], [ 78.363525345480554, 30.245166714956319 ], [ 78.356414787493847, 30.239833890966288 ], [ 78.35663610649344, 30.235610874974185 ], [ 78.356834367493065, 30.23202705698089 ], [ 78.350135829505589, 30.228777012986967 ], [ 78.337753305528736, 30.228277296987898 ], [ 78.329612697543965, 30.217832590007426 ], [ 78.326057418550604, 30.209888542022277 ], [ 78.32800298454697, 30.203777227033704 ], [ 78.323501571555383, 30.198528319043518 ], [ 78.318084642565523, 30.20108416603874 ], [ 78.315360963570612, 30.193138039053601 ], [ 78.309280455581984, 30.188304931062639 ], [ 78.308441106583544, 30.183916162070844 ], [ 78.301498380596527, 30.180639280076967 ], [ 78.302169708595272, 30.178138810081641 ], [ 78.305725176588624, 30.176000653085644 ], [ 78.28655244962448, 30.159139585117167 ], [ 78.286781328624045, 30.155000674124906 ], [ 78.289474578619007, 30.150667282133007 ], [ 78.291999807614289, 30.1464996431408 ], [ 78.290557926616984, 30.142665778147972 ], [ 78.284500098628314, 30.148471858137114 ], [ 78.280334538636097, 30.148000681137994 ], [ 78.275642424644872, 30.149972896134308 ], [ 78.277946523640566, 30.143167573147032 ], [ 78.288780192620308, 30.137861209156952 ], [ 78.289527876618905, 30.134000695164168 ], [ 78.293113773612205, 30.130916593169935 ], [ 78.298774701601616, 30.119222596191804 ], [ 78.303886395592059, 30.117111277195747 ], [ 78.316749546568019, 30.128444662174559 ], [ 78.330612129542089, 30.135665974161057 ], [ 78.341552772521638, 30.138416302155917 ], [ 78.358970634489069, 30.129249613173052 ], [ 78.371971188464769, 30.122417452185829 ], [ 78.385887069438752, 30.128944378173628 ], [ 78.389114433432709, 30.137306305157992 ], [ 78.389579751431839, 30.138526867155711 ], [ 78.393386778424727, 30.141445216150252 ], [ 78.401306067409919, 30.141527242150097 ], [ 78.414169218385865, 30.138360925156022 ], [ 78.421363881372415, 30.131999941167912 ], [ 78.42752830536088, 30.120082924190193 ], [ 78.439636212338243, 30.115972552197881 ], [ 78.441085842335539, 30.108222985212372 ], [ 78.438224760340887, 30.097528420232365 ], [ 78.439224192339012, 30.083444518258695 ], [ 78.439277679338915, 30.0826397562602 ], [ 78.456970158305836, 30.072555472279056 ], [ 78.480972213260955, 30.067556422288405 ], [ 78.485191260253075, 30.062665858297549 ], [ 78.492141735240082, 30.076026835272565 ], [ 78.497085597230836, 30.077138911270488 ], [ 78.504386856217181, 30.07397278327641 ], [ 78.506225637213745, 30.063943876295156 ], [ 78.509056101208458, 30.065221705292771 ], [ 78.515197845196965, 30.074193913275991 ], [ 78.520080660187844, 30.076444714271787 ], [ 78.52219386918388, 30.081361738262594 ], [ 78.533470176162808, 30.082471924260517 ], [ 78.538085934154168, 30.085193713255428 ], [ 78.540885969148931, 30.089639749247112 ], [ 78.544418379142328, 30.095306347236516 ], [ 78.549858177132165, 30.087028525251995 ], [ 78.5564193121199, 30.087972580250231 ], [ 78.558746280115543, 30.083944234257764 ], [ 78.568420434097462, 30.080415793264358 ], [ 78.571113495092419, 30.084417301256877 ], [ 78.576164331082978, 30.083917585257815 ], [ 78.579330459077056, 30.088861447248568 ], [ 78.584556498067286, 30.089750314246906 ], [ 78.57560734808402, 30.099306154229041 ], [ 78.57560734808402, 30.104804920218761 ], [ 78.582946785070291, 30.110611000207903 ], [ 78.582031269072004, 30.11308293120328 ], [ 78.57741551108063, 30.115667317198451 ], [ 78.583335936069574, 30.118888822192424 ], [ 78.586608849063452, 30.126806221177624 ], [ 78.595802376046265, 30.132917347166199 ], [ 78.595642104046561, 30.145971388141788 ], [ 78.59894563504038, 30.152000488130518 ], [ 78.599502618039338, 30.153028459128592 ] ] } },
{ "type": "Feature", "properties": { "MED_DESCRI": "Without Median", "RTT_DESCRI": "Secondary Route", "F_CODE_DES": "Road", "ISO": "IND", "ISOCOUNTRY": "INDIA" }, "geometry": { "type": "LineString", "coordinates": [ [ 77.978691106200088, 30.094222999238546 ], [ 77.980667101196403, 30.087194467251685 ], [ 77.98158261719469, 30.071167078281654 ], [ 77.988502474181757, 30.061361380299985 ] ] } },
{ "type": "Feature", "properties": { "MED_DESCRI": "Without Median", "RTT_DESCRI": "Secondary Route", "F_CODE_DES": "Road", "ISO": "IND", "ISOCOUNTRY": "INDIA" }, "geometry": { "type": "LineString", "coordinates": [ [ 75.536468453766417, 30.057887938306479 ], [ 75.539916947759963, 30.059972797302585 ], [ 75.542053214755967, 30.061277464300147 ], [ 75.58152775468217, 30.069860521284099 ], [ 75.625610303599743, 30.075527119273502 ] ] } },
{ "type": "Feature", "properties": { "MED_DESCRI": "Without Median", "RTT_DESCRI": "Secondary Route", "F_CODE_DES": "Road", "ISO": "IND", "ISOCOUNTRY": "INDIA" }, "geometry": { "type": "LineString", "coordinates": [ [ 75.530746478777118, 30.064167085294741 ], [ 75.536468453766417, 30.057887938306479 ] ] } },
{ "type": "Feature", "properties": { "MED_DESCRI": "Without Median", "RTT_DESCRI": "Secondary Route", "F_CODE_DES": "Road", "ISO": "IND", "ISOCOUNTRY": "INDIA" }, "geometry": { "type": "LineString", "coordinates": [ [ 80.323753394815441, 30.080194474264772 ], [ 80.325942959811343, 30.077499334269817 ], [ 80.342330960780714, 30.068527315286588 ], [ 80.347831805770426, 30.06958382528461 ], [ 80.360031188747612, 30.075416554273708 ], [ 80.368247963732244, 30.073778113276774 ], [ 80.370582491727887, 30.072500284279158 ], [ 80.372558675724193, 30.071388208281242 ], [ 80.377082768715724, 30.062555293297756 ], [ 80.380607618709135, 30.05988888130274 ], [ 80.400611945671741, 30.060638455301337 ], [ 80.411529530651322, 30.05769534730684 ], [ 80.427108800622193, 30.064777366293598 ], [ 80.435585072606344, 30.063388783296197 ], [ 80.448219344582725, 30.05574997031048 ], [ 80.45200350257565, 30.053472520314735 ], [ 80.458579946563347, 30.05386167131401 ], [ 80.471473715539247, 30.062471377297911 ], [ 80.50072486748455, 30.062972983296973 ], [ 80.517417914453347, 30.068222080287157 ], [ 80.545417697400993, 30.066610288290171 ], [ 80.557861268377721, 30.071193727281603 ], [ 80.559501599374656, 30.071805898280459 ], [ 80.586776756323658, 30.071083162281809 ], [ 80.600112974298725, 30.070722550282483 ], [ 80.613197255274258, 30.074499148275422 ], [ 80.620246955261081, 30.084304846257091 ], [ 80.620025636261488, 30.090972955244624 ], [ 80.612747246275106, 30.103860865220526 ], [ 80.609527631281125, 30.122360185185933 ], [ 80.598198026302299, 30.138389653155961 ], [ 80.587753319321834, 30.15902713011738 ], [ 80.581108079334257, 30.167083822102313 ], [ 80.565750128362978, 30.185777623067359 ], [ 80.535919124418754, 30.217861129007375 ], [ 80.534301851421773, 30.226749420990757 ], [ 80.540557940410068, 30.245056149956525 ], [ 80.530807430428311, 30.260415990927804 ], [ 80.529334931431052, 30.265193910918875 ], [ 80.532669080424824, 30.26819428591326 ], [ 80.538413924414087, 30.27333262890366 ], [ 80.547279347397506, 30.281250027888852 ], [ 80.561920232370127, 30.301305762851356 ], [ 80.562446597369146, 30.302055336849953 ], [ 80.569999604355033, 30.321277581814009 ], [ 80.595085196308119, 30.322111071812451 ], [ 80.61575310226948, 30.3279171518016 ], [ 80.639251661225543, 30.336750066785079 ], [ 80.647552541210018, 30.338361669782067 ], [ 80.660804654185242, 30.340944354777243 ] ] } },
{ "type": "Feature", "properties": { "MED_DESCRI": "Without Median", "RTT_DESCRI": "Secondary Route", "F_CODE_DES": "Road", "ISO": "IND", "ISOCOUNTRY": "INDIA" }, "geometry": { "type": "LineString", "coordinates": [ [ 75.442413359942265, 30.111583783206086 ], [ 75.430885304963823, 30.097084081233199 ], [ 75.423637343977376, 30.091611775243429 ], [ 75.405693117010927, 30.078056317268775 ], [ 75.355972320103888, 30.05011172232102 ] ] } },
{ "type": "Feature", "properties": { "MED_DESCRI": "Without Median", "RTT_DESCRI": "Secondary Route", "F_CODE_DES": "Road", "ISO": "IND", "ISOCOUNTRY": "INDIA" }, "geometry": { "type": "LineString", "coordinates": [ [ 75.2275008933441, 30.080833483263582 ], [ 75.257697990287639, 30.072195049279735 ], [ 75.302253795204336, 30.066000007291315 ], [ 75.333030744146782, 30.059139307304143 ], [ 75.341468838131007, 30.055805158310378 ], [ 75.355972320103888, 30.05011172232102 ] ] } },
{ "type": "Feature", "properties": { "MED_DESCRI": "Without Median", "RTT_DESCRI": "Secondary Route", "F_CODE_DES": "Road", "ISO": "IND", "ISOCOUNTRY": "INDIA" }, "geometry": { "type": "LineString", "coordinates": [ [ 76.423690774107541, 30.291221667870211 ], [ 76.392753553165377, 30.227832768988726 ], [ 76.365196219216912, 30.175832821085955 ], [ 76.348304722248486, 30.143917147145629 ], [ 76.348442125248241, 30.137250928158096 ], [ 76.324279798293418, 30.107334118214034 ], [ 76.323669517294547, 30.100915867226028 ], [ 76.327194178287968, 30.081611596262128 ], [ 76.331108179280648, 30.060112090302326 ], [ 76.33296964027717, 30.049861864321485 ] ] } },
{ "type": "Feature", "properties": { "MED_DESCRI": "Without Median", "RTT_DESCRI": "Secondary Route", "F_CODE_DES": "Road", "ISO": "IND", "ISOCOUNTRY": "INDIA" }, "geometry": { "type": "LineString", "coordinates": [ [ 78.210998565765735, 30.048778516323516 ], [ 78.215080209758113, 30.056667376308766 ], [ 78.215362575757581, 30.057193741307778 ], [ 78.226753227736282, 30.065471563292306 ], [ 78.23136142572767, 30.068056138287467 ], [ 78.241859430708033, 30.073917406276514 ], [ 78.263610873667375, 30.088861447248568 ], [ 78.264221154666231, 30.089332624247689 ], [ 78.277252137641867, 30.093055735240725 ], [ 78.290443392617206, 30.103166668221824 ] ] } },
{ "type": "Feature", "properties": { "MED_DESCRI": "Without Median", "RTT_DESCRI": "Secondary Route", "F_CODE_DES": "Road", "ISO": "IND", "ISOCOUNTRY": "INDIA" }, "geometry": { "type": "LineString", "coordinates": [ [ 77.978691106200088, 30.094222999238546 ], [ 77.91786202331383, 30.06883236128602 ], [ 77.946052507261115, 30.046888327327046 ], [ 77.967025837221911, 30.04458422833136 ], [ 77.980888420195981, 30.0554161963111 ], [ 77.988502474181757, 30.061361380299985 ] ] } },
{ "type": "Feature", "properties": { "MED_DESCRI": "Without Median", "RTT_DESCRI": "Secondary Route", "F_CODE_DES": "Road", "ISO": "IND", "ISOCOUNTRY": "INDIA" }, "geometry": { "type": "LineString", "coordinates": [ [ 77.76194760760535, 30.041721256336707 ], [ 77.805809026523335, 30.086971258252106 ], [ 77.811920152511917, 30.093277054240311 ], [ 77.812667836510514, 30.094055167238857 ], [ 77.825447071486622, 30.096694930233923 ], [ 77.842941289453918, 30.113332789202815 ], [ 77.859886084422229, 30.132028669167859 ], [ 77.894279548357929, 30.169944715096968 ] ] } },
{ "type": "Feature", "properties": { "MED_DESCRI": "Without Median", "RTT_DESCRI": "Secondary Route", "F_CODE_DES": "Road", "ISO": "IND", "ISOCOUNTRY": "INDIA" }, "geometry": { "type": "LineString", "coordinates": [ [ 77.697082429726635, 30.164222740107661 ], [ 77.696250829728186, 30.160278310115039 ], [ 77.688552859742572, 30.14752761413888 ], [ 77.688529990742623, 30.143861770145733 ], [ 77.7111130337004, 30.124195186182504 ], [ 77.721221887681494, 30.110944774207276 ], [ 77.72855376466778, 30.101333557225253 ], [ 77.731056124663112, 30.09947209622873 ], [ 77.738220169649708, 30.094194460238597 ], [ 77.741058382644411, 30.086721400252571 ], [ 77.742225646642225, 30.076221505272201 ], [ 77.754196150619848, 30.065500291292246 ], [ 77.755584733617241, 30.061222087300251 ], [ 77.76194760760535, 30.041721256336707 ] ] } },
{ "type": "Feature", "properties": { "MED_DESCRI": "Without Median", "RTT_DESCRI": "Secondary Route", "F_CODE_DES": "Road", "ISO": "IND", "ISOCOUNTRY": "INDIA" }, "geometry": { "type": "LineString", "coordinates": [ [ 76.214141938499338, 30.153139024128386 ], [ 76.208137597510571, 30.130916593169935 ], [ 76.203308080519591, 30.082222066260982 ], [ 76.206443779513734, 30.077028346270694 ], [ 76.213142317501209, 30.073999432276359 ], [ 76.233192382463727, 30.078887917267217 ], [ 76.237892056454939, 30.078361552268198 ], [ 76.240028323450943, 30.07813834326862 ], [ 76.249969534432353, 30.065277082292667 ], [ 76.251503080429487, 30.063304867296353 ], [ 76.253051746426593, 30.061277464300147 ], [ 76.262885983408196, 30.053054830315517 ], [ 76.277725129380457, 30.044834086330887 ], [ 76.288108789361047, 30.042083758336034 ], [ 76.303665190331955, 30.04163941933686 ], [ 76.33296964027717, 30.049861864321485 ] ] } },
{ "type": "Feature", "properties": { "MED_DESCRI": "Without Median", "RTT_DESCRI": "Secondary Route", "F_CODE_DES": "Road", "ISO": "IND", "ISOCOUNTRY": "INDIA" }, "geometry": { "type": "LineString", "coordinates": [ [ 75.118614213547687, 30.09361082823969 ], [ 75.126419157533093, 30.085527487254801 ], [ 75.136276263514674, 30.064777366293598 ], [ 75.1616669014672, 30.046167292328398 ], [ 75.169303824452911, 30.040555882338886 ] ] } },
{ "type": "Feature", "properties": { "MED_DESCRI": "Without Median", "RTT_DESCRI": "Secondary Route", "F_CODE_DES": "Road", "ISO": "IND", "ISOCOUNTRY": "INDIA" }, "geometry": { "type": "LineString", "coordinates": [ [ 76.488502464986354, 30.03666682934616 ], [ 76.486808835989521, 30.056333602309387 ], [ 76.490135235983303, 30.072250426279631 ], [ 76.488807699985784, 30.081027964263214 ], [ 76.478080816005843, 30.096666391233974 ], [ 76.476333700009107, 30.111665809205931 ], [ 76.462112395035703, 30.130193668171287 ], [ 76.459808296040009, 30.135026965162254 ], [ 76.452697738053303, 30.149888980134463 ], [ 76.452858010053006, 30.154333126126154 ], [ 76.455253585048524, 30.211999861018334 ], [ 76.442748967071907, 30.24238973796151 ], [ 76.437614404081501, 30.263027214922928 ], [ 76.430831950094188, 30.276805881897161 ], [ 76.423690774107541, 30.291221667870211 ] ] } },
{ "type": "Feature", "properties": { "MED_DESCRI": "Without Median", "RTT_DESCRI": "Secondary Route", "F_CODE_DES": "Road", "ISO": "IND", "ISOCOUNTRY": "INDIA" }, "geometry": { "type": "LineString", "coordinates": [ [ 76.33296964027717, 30.049861864321485 ], [ 76.349334772246564, 30.056194309309646 ], [ 76.373359696201646, 30.060888313300872 ], [ 76.411804186129757, 30.059415814303627 ], [ 76.426475500102327, 30.062221519298376 ], [ 76.448249812061619, 30.060112090302326 ], [ 76.458084049043237, 30.056694025308715 ], [ 76.471222006018664, 30.048027052324919 ], [ 76.488502464986354, 30.03666682934616 ] ] } },
{ "type": "Feature", "properties": { "MED_DESCRI": "Without Median", "RTT_DESCRI": "Secondary Route", "F_CODE_DES": "Road", "ISO": "IND", "ISOCOUNTRY": "INDIA" }, "geometry": { "type": "LineString", "coordinates": [ [ 74.858329840034358, 30.036472348346521 ], [ 74.865585361020791, 30.051666247318117 ], [ 74.879280111995186, 30.080388955264411 ], [ 74.880470244992964, 30.102138508223746 ], [ 74.878440762996746, 30.110250388208577 ], [ 74.870857327010924, 30.122249620186139 ], [ 74.870697055011235, 30.122499478185674 ], [ 74.867332477017527, 30.127805653175756 ], [ 74.866500877019078, 30.132833431166354 ] ] } },
{ "type": "Feature", "properties": { "MED_DESCRI": "Without Median", "RTT_DESCRI": "Secondary Route", "F_CODE_DES": "Road", "ISO": "IND", "ISOCOUNTRY": "INDIA" }, "geometry": { "type": "LineString", "coordinates": [ [ 75.169303824452911, 30.040555882338886 ], [ 75.188331588417341, 30.04458422833136 ], [ 75.213996843369344, 30.04597281132876 ], [ 75.223724295351161, 30.045110782330369 ], [ 75.244468746312378, 30.043277671333797 ], [ 75.272277828260385, 30.039278053341278 ], [ 75.296607987214884, 30.035777962347822 ] ] } },
{ "type": "Feature", "properties": { "MED_DESCRI": "Without Median", "RTT_DESCRI": "Secondary Route", "F_CODE_DES": "Road", "ISO": "IND", "ISOCOUNTRY": "INDIA" }, "geometry": { "type": "LineString", "coordinates": [ [ 75.355972320103888, 30.05011172232102 ], [ 75.361053396094391, 30.049165777322791 ], [ 75.37364193007086, 30.0425280973352 ], [ 75.383972103051548, 30.039138760341537 ], [ 75.390274119039759, 30.037082629345385 ], [ 75.403892514014288, 30.035444188348443 ], [ 75.433387664959142, 30.04008300433977 ], [ 75.482276861867732, 30.051277096318842 ], [ 75.49488826484415, 30.054166717313443 ], [ 75.511024517813979, 30.05786128930653 ], [ 75.530746478777118, 30.064167085294741 ] ] } },
{ "type": "Feature", "properties": { "MED_DESCRI": "Without Median", "RTT_DESCRI": "Secondary Route", "F_CODE_DES": "Road", "ISO": "IND", "ISOCOUNTRY": "INDIA" }, "geometry": { "type": "LineString", "coordinates": [ [ 75.296607987214884, 30.035777962347822 ], [ 75.301834026205114, 30.035028388349225 ], [ 75.303474357202049, 30.035389000348552 ], [ 75.315414432179722, 30.038000035343664 ], [ 75.334747242143578, 30.045305263330008 ], [ 75.355972320103888, 30.05011172232102 ] ] } },
{ "type": "Feature", "properties": { "MED_DESCRI": "Without Median", "RTT_DESCRI": "Secondary Route", "F_CODE_DES": "Road", "ISO": "IND", "ISOCOUNTRY": "INDIA" }, "geometry": { "type": "LineString", "coordinates": [ [ 77.749778653628098, 30.028999288360495 ], [ 77.76194760760535, 30.041721256336707 ] ] } },
{ "type": "Feature", "properties": { "MED_DESCRI": "Without Median", "RTT_DESCRI": "Secondary Route", "F_CODE_DES": "Road", "ISO": "IND", "ISOCOUNTRY": "INDIA" }, "geometry": { "type": "LineString", "coordinates": [ [ 74.362968400960554, 30.028223065361949 ], [ 74.371887121943871, 30.034778530349691 ], [ 74.388420085912969, 30.053777755314165 ], [ 74.415107641863059, 30.088556212249138 ], [ 74.42519381584421, 30.103916242220421 ], [ 74.429420422836301, 30.110361142208369 ], [ 74.443496764809979, 30.126916975177416 ], [ 74.445503188806228, 30.131194990169419 ], [ 74.470024048760379, 30.183776869071103 ], [ 74.482666069736752, 30.210861136020462 ] ] } },
{ "type": "Feature", "properties": { "MED_DESCRI": "Without Median", "RTT_DESCRI": "Secondary Route", "F_CODE_DES": "Road", "ISO": "IND", "ISOCOUNTRY": "INDIA" }, "geometry": { "type": "LineString", "coordinates": [ [ 79.564308115235406, 30.026750566364697 ], [ 79.568252545228034, 30.03511041434907 ], [ 79.569221548226224, 30.041889277336395 ], [ 79.569885316224983, 30.046638469327519 ], [ 79.573829557217607, 30.052528465316506 ], [ 79.584777760197127, 30.062276896298279 ], [ 79.590110773187163, 30.073000000278228 ], [ 79.591835020183936, 30.08866696624893 ], [ 79.595916664176301, 30.098222806231064 ], [ 79.607635420154395, 30.11463934620037 ], [ 79.612113964146019, 30.127195372176892 ], [ 79.622024557127489, 30.136222768160017 ], [ 79.622085604127378, 30.135084232162143 ], [ 79.623390271124933, 30.135833806160747 ], [ 79.644248878085932, 30.147722284138517 ], [ 79.647781288079329, 30.15127756313187 ], [ 79.647552409079765, 30.15699953812117 ], [ 79.635887140101573, 30.164222740107661 ], [ 79.635696439101935, 30.168805990099095 ], [ 79.640357935093206, 30.171249382094523 ], [ 79.648780909077459, 30.171972307093171 ], [ 79.65766901206085, 30.18005564807806 ], [ 79.667358475042732, 30.200777041039316 ], [ 79.665557872046094, 30.213111937016251 ], [ 79.66014094305622, 30.222139332999376 ], [ 79.652969338069639, 30.228361212987743 ], [ 79.637641816098295, 30.236583657972368 ], [ 79.634223940104675, 30.235776816973875 ], [ 79.624389703123072, 30.224916498994183 ], [ 79.61985786113155, 30.225444753993195 ], [ 79.614334147141875, 30.231471963981924 ], [ 79.607940655153826, 30.245500488955699 ], [ 79.57994087220618, 30.263666223921732 ], [ 79.568420377227724, 30.272666970904901 ], [ 79.555084159252658, 30.283082949885426 ], [ 79.550941468260405, 30.289638603873172 ], [ 79.546859824268026, 30.296138691861017 ], [ 79.542198139276749, 30.293916618865168 ], [ 79.534057531291964, 30.305110899844237 ], [ 79.526031457306971, 30.307388349839982 ], [ 79.525169428308587, 30.309415752836188 ], [ 79.53028112229903, 30.313028298829437 ], [ 79.538108746284394, 30.315360936825073 ], [ 79.546112140269429, 30.325944936805286 ], [ 79.558914244245486, 30.335750634786955 ], [ 79.566635083231048, 30.353000664754695 ], [ 79.570220980224349, 30.356082876748935 ], [ 79.579223617207518, 30.356138253748831 ], [ 79.580474797205184, 30.357778584745766 ], [ 79.576469509212671, 30.364778577732679 ], [ 79.575111355215213, 30.365861925730648 ], [ 79.567443814229549, 30.371889135719378 ], [ 79.564414900235207, 30.374250501714968 ], [ 79.563919153236128, 30.379972476704268 ], [ 79.565887399232452, 30.389472939686506 ], [ 79.562583868238633, 30.392805009680274 ], [ 79.54816430226559, 30.395778735674718 ], [ 79.546836766268072, 30.402166368662769 ], [ 79.554611281253543, 30.412055982644283 ], [ 79.558471606246314, 30.433277091604602 ], [ 79.566718999230901, 30.44433396958393 ], [ 79.577026303211625, 30.444665853583309 ], [ 79.58188624920254, 30.454916079564143 ], [ 79.591079776185353, 30.462999420549032 ], [ 79.596725395174801, 30.465499890544351 ], [ 79.602249109164461, 30.467945172539785 ], [ 79.621086172129253, 30.488500623501352 ] ] } },
{ "type": "Feature", "properties": { "MED_DESCRI": "Without Median", "RTT_DESCRI": "Secondary Route", "F_CODE_DES": "Road", "ISO": "IND", "ISOCOUNTRY": "INDIA" }, "geometry": { "type": "LineString", "coordinates": [ [ 79.370719951597366, 30.13908385015467 ], [ 79.399886998542826, 30.116638210196633 ], [ 79.406829913529847, 30.115028308199648 ], [ 79.418167078508645, 30.115417459198916 ], [ 79.422836323499922, 30.111194632206811 ], [ 79.428695701488962, 30.097860304231745 ], [ 79.434448294478216, 30.093000358240829 ], [ 79.453857460441924, 30.089277247247793 ], [ 79.467887875415684, 30.081916831261552 ], [ 79.477302532398085, 30.084054988257556 ], [ 79.486808854380314, 30.080305039264566 ], [ 79.488029416378026, 30.079834051265451 ], [ 79.492775017369155, 30.073554904277188 ], [ 79.52083584731669, 30.052888888315827 ], [ 79.532836969294252, 30.049833325321543 ], [ 79.545112519271299, 30.039888334340134 ], [ 79.550140297261891, 30.033166927352703 ], [ 79.558807459245685, 30.028165798362053 ], [ 79.564308115235406, 30.026750566364697 ] ] } },
{ "type": "Feature", "properties": { "MED_DESCRI": "Without Median", "RTT_DESCRI": "Secondary Route", "F_CODE_DES": "Road", "ISO": "IND", "ISOCOUNTRY": "INDIA" }, "geometry": { "type": "MultiLineString", "coordinates": [ [ [ 80.660804654185242, 30.340944354777243 ], [ 80.673194927162072, 30.333444645791261 ], [ 80.682029732145566, 30.33019441279734 ], [ 80.702445890107384, 30.328167009801128 ], [ 80.722747892069421, 30.312360750830685 ], [ 80.73483274104683, 30.306444105841749 ], [ 80.742225665033004, 30.307083114840552 ], [ 80.745475709026934, 30.308639529837642 ], [ 80.750808722016956, 30.311166837832914 ], [ 80.758750880002111, 30.310667121833852 ], [ 80.761444129997074, 30.309139245836711 ], [ 80.762275729995523, 30.298833831855973 ], [ 80.760444697998949, 30.290306151871924 ], [ 80.764526341991314, 30.283666581884333 ], [ 80.782028119958582, 30.267166125915189 ], [ 80.79594418993257, 30.243860157958764 ], [ 80.809196491907784, 30.233833329977507 ], [ 80.823135430881734, 30.21808244800696 ], [ 80.856498655819351, 30.189027856061287 ], [ 80.857276957817888, 30.187944319063313 ], [ 80.860700314811496, 30.183218752072143 ] ], [ [ 80.832762712863726, 30.113467735202562 ], [ 80.81848470789042, 30.104940622218507 ] ] ] } },
{ "type": "Feature", "properties": { "MED_DESCRI": "Without Median", "RTT_DESCRI": "Secondary Route", "F_CODE_DES": "Road", "ISO": "IND", "ISOCOUNTRY": "INDIA" }, "geometry": { "type": "LineString", "coordinates": [ [ 78.830413745607601, 30.010499968395088 ], [ 78.836280872596632, 30.01483336038698 ], [ 78.840835583588117, 30.023750380370309 ], [ 78.846641474577254, 30.02924914636003 ], [ 78.851585336568007, 30.040916494338212 ], [ 78.853805519563863, 30.055000396311883 ], [ 78.853248536564905, 30.060943690300768 ], [ 78.852722171565887, 30.061555861299624 ], [ 78.847114541576374, 30.067832929287889 ], [ 78.845390294579587, 30.075805705272977 ], [ 78.825607286616588, 30.092056303242593 ], [ 78.824691770618301, 30.110166472208732 ], [ 78.821861306623589, 30.114194818201206 ], [ 78.816330032633928, 30.118221274193672 ], [ 78.815582348635331, 30.118778257192631 ], [ 78.803802545657348, 30.116750665196427 ], [ 78.790084925683004, 30.127250749176788 ], [ 78.777137669707216, 30.148805632136487 ], [ 78.772087022716647, 30.165138256105955 ], [ 78.776969837707526, 30.173139571090992 ], [ 78.774192860712716, 30.186361255066274 ], [ 78.777442904706632, 30.195417379049339 ], [ 78.763580321732562, 30.213972076014649 ] ] } },
{ "type": "Feature", "properties": { "MED_DESCRI": "Without Median", "RTT_DESCRI": "Secondary Route", "F_CODE_DES": "Road", "ISO": "IND", "ISOCOUNTRY": "INDIA" }, "geometry": { "type": "LineString", "coordinates": [ [ 78.19355764579835, 30.008943553397998 ], [ 78.208053567771245, 30.027027073364181 ], [ 78.20903013076942, 30.040500694338995 ], [ 78.20919796276911, 30.043056541334209 ], [ 78.209388663768749, 30.045694414329283 ], [ 78.210998565765735, 30.048778516323516 ] ] } },
{ "type": "Feature", "properties": { "MED_DESCRI": "Without Median", "RTT_DESCRI": "Secondary Route", "F_CODE_DES": "Road", "ISO": "IND", "ISOCOUNTRY": "INDIA" }, "geometry": { "type": "LineString", "coordinates": [ [ 74.858329840034358, 30.036472348346521 ], [ 74.879806476994204, 30.023695003370413 ], [ 74.912086542933849, 30.004499407406307 ], [ 74.923332231912823, 30.002750401409571 ], [ 74.956169091851422, 30.006666103402253 ], [ 74.965469403834035, 30.007778179400177 ], [ 74.98097231780504, 30.012527371391293 ], [ 74.990386974787441, 30.012777418390826 ], [ 74.99627678177643, 30.012916522390569 ], [ 75.000000081769471, 30.013889305388744 ], [ 75.015746994740027, 30.017999677381063 ], [ 75.027969435717168, 30.025833160366417 ], [ 75.032913297707935, 30.031250089356284 ], [ 75.035720892702685, 30.034305652350575 ], [ 75.040695183693373, 30.045139321330318 ], [ 75.040557780693632, 30.053388604314897 ], [ 75.037109286700087, 30.059473081303516 ], [ 75.059722947657804, 30.081193906262904 ], [ 75.074302596630545, 30.088277815249661 ], [ 75.080802873618381, 30.094999222237092 ], [ 75.082885653614497, 30.097139269233089 ], [ 75.08799734760494, 30.108499492211848 ] ] } },
{ "type": "Feature", "properties": { "MED_DESCRI": "Without Median", "RTT_DESCRI": "Secondary Route", "F_CODE_DES": "Road", "ISO": "IND", "ISOCOUNTRY": "INDIA" }, "geometry": { "type": "LineString", "coordinates": [ [ 74.362968400960554, 30.028223065361949 ], [ 74.371414243944756, 30.022638304372393 ], [ 74.403778036884248, 30.007444405400797 ], [ 74.416610758860259, 30.000000073414718 ], [ 74.444221579808627, 29.983972495444682 ], [ 74.47000117976043, 29.964195157481662 ], [ 74.480918953740016, 29.955833419497296 ], [ 74.485916113730667, 29.951999743504466 ], [ 74.508468538688504, 29.93661117453324 ], [ 74.544197098621694, 29.922388168559834 ], [ 74.563941928584782, 29.914499308574584 ], [ 74.573585464566747, 29.905471723591461 ] ] } },
{ "type": "Feature", "properties": { "MED_DESCRI": "Without Median", "RTT_DESCRI": "Secondary Route", "F_CODE_DES": "Road", "ISO": "IND", "ISOCOUNTRY": "INDIA" }, "geometry": { "type": "LineString", "coordinates": [ [ 75.169303824452911, 30.040555882338886 ], [ 75.183303810426736, 30.02663811136491 ], [ 75.183418344426528, 30.017471233382054 ], [ 75.174919203442414, 30.004917097405524 ], [ 75.17060849145048, 30.000000073414718 ], [ 75.162391716465834, 29.990667253432164 ], [ 75.159446718471344, 29.978389813455124 ], [ 75.159416289471395, 29.975915992459747 ], [ 75.159248268471714, 29.951084227506179 ], [ 75.16022483146989, 29.938472824529754 ], [ 75.161247321467982, 29.925056470554843 ], [ 75.164359962462157, 29.884582498630515 ], [ 75.178665183435413, 29.836416226720573 ], [ 75.182113677428958, 29.824832983742233 ], [ 75.188941869416198, 29.801776873785343 ], [ 75.201942423391884, 29.757944182867298 ], [ 75.202972473389963, 29.748222400885474 ], [ 75.20322422138949, 29.745971599889685 ], [ 75.195198147404497, 29.720333182937622 ], [ 75.182914659427468, 29.699417119976729 ], [ 75.171836802448183, 29.683361003006752 ], [ 75.155052279479563, 29.659082441052142 ], [ 75.154052658481433, 29.655971501057962 ], [ 75.14800257949274, 29.637083030093279 ], [ 75.144416871499445, 29.616083051132541 ], [ 75.150192333488647, 29.581222568197724 ], [ 75.155357325478988, 29.5736943202118 ], [ 75.162750249465162, 29.569084232220419 ], [ 75.164695815461528, 29.568695081221144 ], [ 75.185386590422837, 29.564611358228781 ], [ 75.199752858395982, 29.557443533242179 ], [ 75.213859629369608, 29.544250577266851 ] ] } },
{ "type": "Feature", "properties": { "MED_DESCRI": "Without Median", "RTT_DESCRI": "Secondary Route", "F_CODE_DES": "Road", "ISO": "IND", "ISOCOUNTRY": "INDIA" }, "geometry": { "type": "LineString", "coordinates": [ [ 75.296607987214884, 30.035777962347822 ], [ 75.300193695208179, 30.022943539371816 ], [ 75.307662975194219, 30.007999498399762 ], [ 75.311668452186723, 30.000000073414718 ], [ 75.33341970614606, 29.956499077496055 ], [ 75.336555405140203, 29.950250548507732 ], [ 75.343002384128141, 29.942222584522746 ], [ 75.357719436100624, 29.930194813545235 ], [ 75.36047354409547, 29.924472838555936 ], [ 75.366584859084057, 29.911750870579716 ], [ 75.374420232069397, 29.882999434633476 ], [ 75.376197777066082, 29.880277645638564 ], [ 75.3832472880529, 29.869361950658977 ], [ 75.416473298990766, 29.827055056738082 ], [ 75.427108706970884, 29.817750964755476 ], [ 75.429275591966828, 29.815834126759057 ], [ 75.439361576947974, 29.806972483775631 ], [ 75.450058031927981, 29.797582585793187 ], [ 75.486030590860722, 29.769167002846316 ], [ 75.502975385829032, 29.762250925859249 ] ] } },
{ "type": "Feature", "properties": { "MED_DESCRI": "Without Median", "RTT_DESCRI": "Secondary Route", "F_CODE_DES": "Road", "ISO": "IND", "ISOCOUNTRY": "INDIA" }, "geometry": { "type": "LineString", "coordinates": [ [ 75.536468453766417, 30.057887938306479 ], [ 75.539665199760435, 30.053278039315103 ], [ 75.540527417758824, 30.052055398317385 ], [ 75.542251664755597, 30.049554739322062 ], [ 75.543723974752851, 30.000000073414718 ], [ 75.549446138742141, 29.965972891478337 ], [ 75.553916933733788, 29.960527423488521 ], [ 75.557914661726315, 29.944860457517812 ], [ 75.560302676721847, 29.935443910535419 ], [ 75.561637961719356, 29.930166274545286 ], [ 75.557807876726514, 29.921833075560869 ], [ 75.551193254738877, 29.917804729568402 ], [ 75.534446720770191, 29.907583231587509 ], [ 75.528663698781003, 29.897693617606002 ], [ 75.52764120878291, 29.878499911641889 ], [ 75.525718700786513, 29.842056364710032 ], [ 75.525001445787851, 29.828527366735329 ], [ 75.523529135790611, 29.822082466747375 ], [ 75.520614566796056, 29.809389037771112 ], [ 75.50902565381773, 29.787805615811465 ], [ 75.502975385829032, 29.762250925859249 ] ] } },
{ "type": "Feature", "properties": { "MED_DESCRI": "Without Median", "RTT_DESCRI": "Secondary Route", "F_CODE_DES": "Road", "ISO": "IND", "ISOCOUNTRY": "INDIA" }, "geometry": { "type": "LineString", "coordinates": [ [ 75.941139188009785, 30.101999215224005 ], [ 75.943084754006151, 30.099750493228207 ], [ 75.951805024989838, 30.089666398247061 ], [ 75.971336284953324, 30.067111894289233 ], [ 75.986137441925649, 30.043306399333744 ], [ 75.99424743191048, 30.033361408352341 ], [ 76.021446232859631, 30.000000073414718 ], [ 76.022941600856839, 29.998138423418197 ], [ 76.027946509847482, 29.992027297429622 ], [ 76.040275546824418, 29.981416648449461 ], [ 76.043609695818191, 29.979749668452577 ], [ 76.05438987779803, 29.974388116462606 ], [ 76.090530457730466, 29.941223152524614 ], [ 76.103942842705379, 29.92197236856061 ], [ 76.106666521700291, 29.91805647756793 ], [ 76.117942828679205, 29.907472666587722 ], [ 76.120140142675098, 29.906694364589171 ], [ 76.130332912656044, 29.90305516959598 ], [ 76.164253309592624, 29.901611398598675 ], [ 76.17089080058021, 29.90047267360081 ], [ 76.176780607569199, 29.899471351602678 ], [ 76.184303374555128, 29.892972964614827 ], [ 76.188163699547914, 29.881778683635758 ], [ 76.187530549549095, 29.876693638645271 ], [ 76.186752247550558, 29.870361382657109 ], [ 76.172805748576621, 29.851667392692057 ], [ 76.168281466585086, 29.832111373728623 ], [ 76.167831457585933, 29.830999297730706 ], [ 76.162170340596518, 29.816778181757293 ], [ 76.162635847595638, 29.80594451277755 ], [ 76.173919714574552, 29.781610573823045 ], [ 76.185058618553725, 29.764610212854834 ], [ 76.203529399519184, 29.746360750888954 ], [ 76.211670007503969, 29.722889029932844 ], [ 76.215141370497477, 29.718305590941412 ], [ 76.226387059476451, 29.703611407968886 ], [ 76.234023982462162, 29.680528649012047 ], [ 76.234474180461319, 29.679138176014646 ], [ 76.235725360458986, 29.677833509017084 ], [ 76.240196155450619, 29.673166343025812 ], [ 76.261413484410951, 29.666973191037393 ], [ 76.27483361838587, 29.657888339054374 ], [ 76.29341893335112, 29.637805955091928 ], [ 76.302696187333765, 29.625139175115606 ], [ 76.308364864323167, 29.617416446130051 ], [ 76.324386583293219, 29.595582977170871 ], [ 76.338249166267289, 29.585332940190035 ], [ 76.342140109260015, 29.583055490194297 ], [ 76.357307359231655, 29.574167198210915 ], [ 76.386497464177083, 29.544971423265501 ] ] } },
{ "type": "Feature", "properties": { "MED_DESCRI": "Without Median", "RTT_DESCRI": "Secondary Route", "F_CODE_DES": "Road", "ISO": "IND", "ISOCOUNTRY": "INDIA" }, "geometry": { "type": "LineString", "coordinates": [ [ 76.33296964027717, 30.049861864321485 ], [ 76.336524919270516, 30.030582352357534 ], [ 76.344360292255871, 30.000000073414718 ], [ 76.359390328227761, 29.9414444715242 ], [ 76.357833913230678, 29.933000518539991 ], [ 76.359222496228071, 29.931777877542274 ], [ 76.363220224220598, 29.928249436548874 ], [ 76.370391829207193, 29.921888263560767 ], [ 76.37241356220342, 29.916082372571623 ], [ 76.370086594207763, 29.902860688596341 ], [ 76.36266324122164, 29.883666982632228 ], [ 76.362274090222371, 29.872667371652796 ], [ 76.364860555217533, 29.866472329664376 ], [ 76.388275198173758, 29.810167339769656 ], [ 76.389831613170841, 29.806472767776562 ], [ 76.39588925215952, 29.802389233784197 ], [ 76.399391233152969, 29.800027867788614 ] ] } },
{ "type": "Feature", "properties": { "MED_DESCRI": "Without Median", "RTT_DESCRI": "Secondary Route", "F_CODE_DES": "Road", "ISO": "IND", "ISOCOUNTRY": "INDIA" }, "geometry": { "type": "LineString", "coordinates": [ [ 76.488502464986354, 30.03666682934616 ], [ 76.499610939965592, 30.031416031355974 ], [ 76.520530782926471, 30.028194337362002 ], [ 76.535163918899116, 30.021583495374358 ], [ 76.556388807859435, 30.000000073414718 ], [ 76.568252526837242, 29.98794357443726 ], [ 76.580169732814966, 29.980083442451956 ] ] } },
{ "type": "Feature", "properties": { "MED_DESCRI": "Without Median", "RTT_DESCRI": "Primary Route", "F_CODE_DES": "Road", "ISO": "IND", "ISOCOUNTRY": "INDIA" }, "geometry": { "type": "LineString", "coordinates": [ [ 76.865112369282201, 30.171443863094161 ], [ 76.865333499281789, 30.169694857097433 ], [ 76.881530799251493, 30.046361962328035 ], [ 76.887580878240186, 30.000000073414718 ], [ 76.890914838233954, 29.974555948462289 ] ] } },
{ "type": "Feature", "properties": { "MED_DESCRI": "Without Median", "RTT_DESCRI": "Primary Route", "F_CODE_DES": "Road", "ISO": "IND", "ISOCOUNTRY": "INDIA" }, "geometry": { "type": "LineString", "coordinates": [ [ 77.749778653628098, 30.028999288360495 ], [ 77.75313567162182, 30.025472548367091 ], [ 77.763053824603276, 30.000000073414718 ], [ 77.764663726600276, 29.995889701422399 ], [ 77.788307248556066, 29.957222002494703 ], [ 77.809860241515764, 29.940471688526017 ], [ 77.82252494249208, 29.926584157551986 ], [ 77.825469940486585, 29.924028310556764 ], [ 77.843635486452612, 29.908222240586319 ], [ 77.883857710377413, 29.877611233643549 ], [ 77.88694767137163, 29.874971470648489 ] ] } },
{ "type": "Feature", "properties": { "MED_DESCRI": "Without Median", "RTT_DESCRI": "Secondary Route", "F_CODE_DES": "Road", "ISO": "IND", "ISOCOUNTRY": "INDIA" }, "geometry": { "type": "LineString", "coordinates": [ [ 77.988502474181757, 30.061361380299985 ], [ 78.019027675124676, 30.039249514341329 ], [ 78.034301710096116, 30.007278463401107 ], [ 78.040252753084985, 30.000000073414718 ], [ 78.043357834079188, 29.996194747421832 ], [ 78.058670047050555, 29.982139573448109 ], [ 78.080665678009424, 29.967695248475117 ], [ 78.089859015992246, 29.96163931048644 ], [ 78.12155922993297, 29.946443521514851 ], [ 78.13310996491137, 29.938722682529288 ], [ 78.139190661900003, 29.934667498536875 ] ] } },
{ "type": "Feature", "properties": { "MED_DESCRI": "Without Median", "RTT_DESCRI": "Secondary Route", "F_CODE_DES": "Road", "ISO": "IND", "ISOCOUNTRY": "INDIA" }, "geometry": { "type": "LineString", "coordinates": [ [ 80.734691936047099, 30.01436596338786 ], [ 80.729499728056808, 30.014638879387348 ], [ 80.719306958075862, 30.028389007361639 ], [ 80.702110226108019, 30.03855512834263 ], [ 80.69310758912485, 30.048444742324136 ], [ 80.691139154128521, 30.048944458323206 ], [ 80.688056942134295, 30.049694032321803 ], [ 80.648391701208453, 30.037027441345487 ], [ 80.640914861222427, 30.031555135355717 ], [ 80.6341399672351, 30.021749437374048 ], [ 80.634330668234739, 30.020250289376854 ], [ 80.635864214231873, 30.009416620397111 ], [ 80.629890491243046, 30.000000073414718 ], [ 80.622558614256761, 29.988416641436373 ], [ 80.598419156301887, 29.964834166480465 ], [ 80.597179127304202, 29.963618140482744 ] ] } },
{ "type": "Feature", "properties": { "MED_DESCRI": "Without Median", "RTT_DESCRI": "Secondary Route", "F_CODE_DES": "Road", "ISO": "IND", "ISOCOUNTRY": "INDIA" }, "geometry": { "type": "LineString", "coordinates": [ [ 77.045303267945286, 29.99261092942853 ], [ 77.052497930931835, 29.992666306428433 ], [ 77.073135407893247, 30.000000073414718 ], [ 77.114387492816121, 30.014638879387348 ], [ 77.120277488805101, 30.01672165938345 ], [ 77.140274066767716, 30.021610333374312 ], [ 77.142555296763447, 30.022861513371971 ], [ 77.151748634746255, 30.027944479362468 ], [ 77.16919711471364, 30.047637901325643 ], [ 77.170417865711357, 30.048694600323671 ], [ 77.194946285665495, 30.069805144284203 ], [ 77.233558607593295, 30.10983269820936 ], [ 77.239135808582873, 30.113305951202868 ], [ 77.258445749546766, 30.118139248193827 ], [ 77.271141068523022, 30.122861791184995 ], [ 77.279777612506876, 30.126083296178976 ] ] } },
{ "type": "Feature", "properties": { "MED_DESCRI": "Without Median", "RTT_DESCRI": "Secondary Route", "F_CODE_DES": "Road", "ISO": "IND", "ISOCOUNTRY": "INDIA" }, "geometry": { "type": "LineString", "coordinates": [ [ 77.045303267945286, 29.99261092942853 ], [ 77.045219351945448, 30.000000073414718 ], [ 77.045166053945536, 30.003805210407606 ], [ 77.037719642959459, 30.048250261324505 ], [ 77.028747623976244, 30.076055563272512 ], [ 77.029472438974892, 30.093082384240681 ], [ 77.027191208979147, 30.09963803822842 ], [ 77.02905266997567, 30.115139062199439 ], [ 77.02955635497473, 30.116750665196427 ], [ 77.03575139696315, 30.137750644157158 ], [ 77.038558991957899, 30.163166041109641 ], [ 77.038444457958107, 30.180860599076553 ], [ 77.034362813965743, 30.186639841065748 ], [ 77.034469598965543, 30.190055827059361 ] ] } },
{ "type": "Feature", "properties": { "MED_DESCRI": "Without Median", "RTT_DESCRI": "Secondary Route", "F_CODE_DES": "Road", "ISO": "IND", "ISOCOUNTRY": "INDIA" }, "geometry": { "type": "LineString", "coordinates": [ [ 76.580169732814966, 29.980083442451956 ], [ 76.577773968819443, 30.000000073414718 ], [ 76.576469490821879, 30.010749826394616 ], [ 76.578582699817929, 30.019611280378051 ], [ 76.585891707804265, 30.027305659363662 ], [ 76.617469827745225, 30.052278607316971 ], [ 76.63424679071386, 30.068277268287055 ], [ 76.644775413694163, 30.083139472259269 ], [ 76.658470164668557, 30.102527659223014 ], [ 76.661971956662015, 30.102945349222239 ] ] } },
{ "type": "Feature", "properties": { "MED_DESCRI": "Without Median", "RTT_DESCRI": "Primary Route", "F_CODE_DES": "Road", "ISO": "IND", "ISOCOUNTRY": "INDIA" }, "geometry": { "type": "LineString", "coordinates": [ [ 77.671836943773826, 29.978361085455177 ], [ 77.675804053766413, 29.982694666447074 ], [ 77.697280879726264, 29.993999512425937 ], [ 77.706970153708141, 30.000000073414718 ], [ 77.729835562665386, 30.014083786388383 ], [ 77.749778653628098, 30.028999288360495 ] ] } },
{ "type": "Feature", "properties": { "MED_DESCRI": "Without Median", "RTT_DESCRI": "Secondary Route", "F_CODE_DES": "Road", "ISO": "IND", "ISOCOUNTRY": "INDIA" }, "geometry": { "type": "LineString", "coordinates": [ [ 76.590164241796273, 29.975000287461462 ], [ 76.592552256791805, 29.979723019452628 ], [ 76.612197861755078, 30.000000073414718 ], [ 76.632194439717694, 30.02061090137618 ], [ 76.653808668677286, 30.055444735311049 ], [ 76.654220499676512, 30.05597299031006 ], [ 76.665222189655935, 30.069610663284564 ], [ 76.667251671652139, 30.077333392270127 ], [ 76.666725117653129, 30.079944616265244 ], [ 76.666610772653343, 30.080472871264256 ], [ 76.661971956662015, 30.102945349222239 ] ] } },
{ "type": "Feature", "properties": { "MED_DESCRI": "Unknown", "RTT_DESCRI": "Unknown", "F_CODE_DES": "Road", "ISO": "IND", "ISOCOUNTRY": "INDIA" }, "geometry": { "type": "LineString", "coordinates": [ [ 77.544441305012029, 29.965833598478596 ], [ 77.544029285012797, 29.972723026465715 ], [ 77.553169324995707, 29.982111034448167 ], [ 77.560165348982622, 29.98933404743466 ], [ 77.565696622972283, 29.998083046418301 ], [ 77.566276474971204, 30.000000073414718 ], [ 77.572082554960346, 30.01858330937997 ], [ 77.578246978948826, 30.059778127302948 ], [ 77.587829656930907, 30.076055563272512 ], [ 77.605804501897296, 30.096445072234388 ], [ 77.609802229889823, 30.100973134225924 ], [ 77.614913923880266, 30.112472461204426 ], [ 77.6164474698774, 30.136138852160173 ] ] } },
{ "type": "Feature", "properties": { "MED_DESCRI": "Without Median", "RTT_DESCRI": "Secondary Route", "F_CODE_DES": "Road", "ISO": "IND", "ISOCOUNTRY": "INDIA" }, "geometry": { "type": "LineString", "coordinates": [ [ 74.234641937200493, 29.956417051496203 ], [ 74.298446636081195, 29.975194957461099 ], [ 74.315940854048478, 29.98502730444271 ], [ 74.325920054029822, 29.99244498742884 ], [ 74.336051966010871, 30.000000073414718 ], [ 74.338165364006926, 30.001583137411757 ], [ 74.347168000990095, 30.015777604385214 ], [ 74.353721575977843, 30.020944675375553 ], [ 74.362968400960554, 30.028223065361949 ] ] } },
{ "type": "Feature", "properties": { "MED_DESCRI": "Without Median", "RTT_DESCRI": "Secondary Route", "F_CODE_DES": "Road", "ISO": "IND", "ISOCOUNTRY": "INDIA" }, "geometry": { "type": "LineString", "coordinates": [ [ 78.139190661900003, 29.934667498536875 ], [ 78.162498519856427, 29.949777670508617 ], [ 78.167472810847116, 29.95505530649875 ], [ 78.189224253806458, 30.000000073414718 ], [ 78.19355764579835, 30.008943553397998 ] ] } },
{ "type": "Feature", "properties": { "MED_DESCRI": "Without Median", "RTT_DESCRI": "Secondary Route", "F_CODE_DES": "Road", "ISO": "IND", "ISOCOUNTRY": "INDIA" }, "geometry": { "type": "LineString", "coordinates": [ [ 74.173309358315166, 29.914499308574584 ], [ 74.164024355332529, 29.974000855463331 ], [ 74.149780181359162, 29.984249191444164 ], [ 74.137832735381494, 29.992834138428115 ], [ 74.131668122393023, 30.000000073414718 ], [ 74.128753742398473, 30.00341605940833 ], [ 74.116890023420652, 30.024278635369321 ], [ 74.114219642425653, 30.028972639360546 ], [ 74.105941820441117, 30.043500880333383 ], [ 74.102218709448081, 30.060278032302016 ], [ 74.100280703451702, 30.069110947285495 ], [ 74.084335340481516, 30.094472857238081 ] ] } },
{ "type": "Feature", "properties": { "MED_DESCRI": "Without Median", "RTT_DESCRI": "Secondary Route", "F_CODE_DES": "Road", "ISO": "IND", "ISOCOUNTRY": "INDIA" }, "geometry": { "type": "LineString", "coordinates": [ [ 79.616111692138546, 29.912445067578425 ], [ 79.612335283145612, 29.92080491556279 ], [ 79.612503115145287, 29.929527265546483 ], [ 79.610443204149149, 29.934528394537132 ], [ 79.605278023158803, 29.938278154530124 ], [ 79.595443786177185, 29.940471688526017 ], [ 79.588142338190849, 29.944610599518278 ], [ 79.578193756209444, 29.943611167520146 ], [ 79.573303192218589, 29.947111069513603 ], [ 79.563224767237429, 29.948638945510751 ], [ 79.554946945252908, 29.957332567494497 ], [ 79.541557240277939, 29.981000848450243 ], [ 79.540664593279615, 29.989250131434815 ], [ 79.541946391277222, 29.996860594420589 ], [ 79.546302841269068, 29.998306255417887 ], [ 79.551330619259673, 30.000000073414718 ], [ 79.560913108241749, 30.003194740408745 ], [ 79.571777395221446, 30.014333644387918 ], [ 79.571304328222325, 30.019361422378516 ], [ 79.564887967234327, 30.021249721374986 ], [ 79.563415468237082, 30.024860377368235 ], [ 79.564308115235406, 30.026750566364697 ] ] } },
{ "type": "Feature", "properties": { "MED_DESCRI": "Without Median", "RTT_DESCRI": "Secondary Route", "F_CODE_DES": "Road", "ISO": "IND", "ISOCOUNTRY": "INDIA" }, "geometry": { "type": "LineString", "coordinates": [ [ 79.355804449625253, 29.879388778640227 ], [ 79.354919362626902, 29.881416370636437 ], [ 79.356475777623999, 29.885000188629739 ], [ 79.358749447619743, 29.890277824619872 ], [ 79.354942231626865, 29.916999778569902 ], [ 79.334915224664314, 29.970306472470234 ], [ 79.319305336693503, 29.98949998943435 ], [ 79.3170014266978, 29.997222907419911 ], [ 79.316169826699365, 30.000000073414718 ], [ 79.313392660704551, 30.009277327397371 ], [ 79.312500013706227, 30.01225086439181 ], [ 79.303779553722521, 30.024110803369638 ], [ 79.288833622750474, 30.040138192339668 ], [ 79.287750274752497, 30.046304695328139 ], [ 79.291114852746205, 30.059499730303472 ], [ 79.312530442706162, 30.076305421272046 ], [ 79.315307608700977, 30.084667159256412 ], [ 79.317085342697652, 30.098249455231013 ], [ 79.323753262685187, 30.104749732218863 ], [ 79.325416651682076, 30.106361335215851 ], [ 79.344779890645867, 30.115943824197934 ], [ 79.349029555637927, 30.121139434188215 ], [ 79.350280735635579, 30.128999755173524 ], [ 79.352722237631014, 30.133222582165622 ], [ 79.360473694616516, 30.137138284158304 ], [ 79.370719951597366, 30.13908385015467 ] ] } },
{ "type": "Feature", "properties": { "MED_DESCRI": "Without Median", "RTT_DESCRI": "Secondary Route", "F_CODE_DES": "Road", "ISO": "IND", "ISOCOUNTRY": "INDIA" }, "geometry": { "type": "LineString", "coordinates": [ [ 79.030975253232597, 29.878665853641579 ], [ 79.028724641236806, 29.909444881584029 ], [ 79.028663594236917, 29.910055162582893 ], [ 79.024749782244243, 29.915416714572864 ], [ 79.019638088253799, 29.917528222568919 ], [ 79.002304142286206, 29.916444685570944 ], [ 78.988609391311812, 29.921916991560714 ], [ 78.977668748332263, 29.919694918564865 ], [ 78.970001207346598, 29.925611563553801 ], [ 78.963691631358401, 29.925138496554688 ], [ 78.954055844376413, 29.917222987569488 ], [ 78.940666139401458, 29.922027556560508 ], [ 78.933555581414751, 29.921749159561024 ], [ 78.932914682415941, 29.921499301561489 ], [ 78.926086490428716, 29.918722135566682 ], [ 78.915031502449381, 29.918556193566992 ], [ 78.904830983468457, 29.922082933560404 ], [ 78.895469624485955, 29.936195374534016 ], [ 78.893554676489543, 29.942806216521653 ], [ 78.891975392492498, 29.948249794511476 ], [ 78.883552607508236, 29.942666923521912 ], [ 78.879890354515084, 29.947805455512309 ], [ 78.879524261515769, 29.954916013499009 ], [ 78.872329787529225, 29.962223131485352 ], [ 78.862113959548324, 29.961139594487378 ], [ 78.856025702559705, 29.966444068477458 ], [ 78.849723875571485, 29.977222360457304 ], [ 78.840164255589372, 29.984582965443543 ], [ 78.835746758597622, 29.987972302437207 ], [ 78.831253094606026, 29.993749654426402 ], [ 78.831695543605207, 30.000000073414718 ], [ 78.832168610604313, 30.006889312401839 ], [ 78.830413745607601, 30.010499968395088 ] ] } },
{ "type": "Feature", "properties": { "MED_DESCRI": "Without Median", "RTT_DESCRI": "Secondary Route", "F_CODE_DES": "Road", "ISO": "IND", "ISOCOUNTRY": "INDIA" }, "geometry": { "type": "LineString", "coordinates": [ [ 78.680526728887841, 29.874361000649628 ], [ 78.68105309388686, 29.877861091643084 ], [ 78.690696629868825, 29.885333962629112 ], [ 78.69866940585392, 29.904945358592443 ], [ 78.703750670844428, 29.908582663585641 ], [ 78.709556561833566, 29.906473234589591 ], [ 78.711807173829357, 29.905666393591098 ], [ 78.729583757796121, 29.892110746616439 ], [ 78.734413085787097, 29.890666975619141 ], [ 78.738639881779193, 29.894721970611556 ], [ 78.741447476773942, 29.897388382606572 ], [ 78.727973855799135, 29.908805872585226 ], [ 78.721137914811919, 29.918666758566786 ], [ 78.722305367809724, 29.921693782561128 ], [ 78.735137900785745, 29.923084255558528 ], [ 78.735832286784444, 29.923721374557338 ], [ 78.756301931746165, 29.942722300521808 ], [ 78.769279427721898, 29.962499638484836 ], [ 78.786247280690176, 29.98152740244926 ], [ 78.798469532667326, 29.989999705433412 ], [ 78.811752263642489, 29.993723005426453 ], [ 78.816306974633974, 29.99755479141929 ], [ 78.81771842663133, 30.000000073414718 ], [ 78.824081489619431, 30.010723177394667 ], [ 78.830413745607601, 30.010499968395088 ] ] } },
{ "type": "Feature", "properties": { "MED_DESCRI": "Without Median", "RTT_DESCRI": "Secondary Route", "F_CODE_DES": "Road", "ISO": "IND", "ISOCOUNTRY": "INDIA" }, "geometry": { "type": "LineString", "coordinates": [ [ 78.680526728887841, 29.874361000649628 ], [ 78.674804753898542, 29.876693638645271 ], [ 78.671890184904001, 29.882083918635189 ], [ 78.672058016903677, 29.89450065161197 ], [ 78.663948026918845, 29.904054601594112 ], [ 78.662864678920869, 29.914806433574007 ], [ 78.659225483927671, 29.918806051566527 ], [ 78.648498599947729, 29.917472845569023 ], [ 78.642524687958897, 29.920694350562997 ], [ 78.63069158698103, 29.930805283544096 ], [ 78.626335136989169, 29.928806230547828 ], [ 78.624557402992494, 29.916778648570322 ], [ 78.61702726500657, 29.904306349593639 ], [ 78.610359156019044, 29.900833096600131 ], [ 78.602111763034458, 29.899833664601999 ], [ 78.599357655039611, 29.899499890602627 ], [ 78.580970790073991, 29.893499329613846 ], [ 78.575889525083497, 29.890083343620233 ], [ 78.570419298093725, 29.878610665641681 ], [ 78.565971372102041, 29.878444723641991 ], [ 78.55950171311413, 29.880945193637316 ], [ 78.555053787122446, 29.880306184638513 ], [ 78.550361673131221, 29.874389728649575 ], [ 78.538696215153038, 29.875999441646563 ], [ 78.533279475163155, 29.878999627640958 ], [ 78.527275134174388, 29.877832363643137 ], [ 78.516830427193909, 29.871221521655499 ], [ 78.513809262199558, 29.87363807565098 ], [ 78.512947044201169, 29.880027787639037 ], [ 78.509025483208504, 29.884222075631193 ], [ 78.506919834212439, 29.889667543621009 ], [ 78.500053464225289, 29.88961027662112 ], [ 78.494392347235873, 29.895721402609688 ], [ 78.487503108248745, 29.903139085595825 ], [ 78.473030055275814, 29.908056298586629 ], [ 78.454749975309994, 29.930084248545441 ], [ 78.449165403320436, 29.94591715651584 ], [ 78.442581210332747, 29.955555022497819 ], [ 78.445526208327237, 29.969888593471019 ], [ 78.443222109331543, 29.978305897455279 ], [ 78.434448162347948, 29.985082681442606 ], [ 78.427413960361108, 29.983417591445722 ], [ 78.423309258368775, 29.990972488431595 ], [ 78.418441752377873, 30.000000073414718 ], [ 78.413085870387889, 30.009944875396123 ], [ 78.403389036406026, 30.018722602379711 ], [ 78.404998749403006, 30.033056173352911 ], [ 78.41366572238681, 30.038444563342836 ], [ 78.413307189387481, 30.045083944330422 ], [ 78.405891396401344, 30.055805158310378 ], [ 78.39186098142757, 30.064027792295001 ], [ 78.385719237439062, 30.06763844828825 ], [ 78.378860427451883, 30.077917024269034 ], [ 78.378303444452925, 30.082027396261346 ], [ 78.377525331454379, 30.08774956025065 ], [ 78.379554813450582, 30.094472857238081 ], [ 78.376831134455671, 30.110916046207336 ], [ 78.360694881485841, 30.116443540196997 ], [ 78.34655768151228, 30.124139809182608 ], [ 78.336860658530412, 30.122833252185053 ], [ 78.325279305552073, 30.112499299204373 ], [ 78.312225264576469, 30.113916421201722 ], [ 78.308136060584118, 30.114360760200896 ], [ 78.30694573858635, 30.114500053200629 ], [ 78.305946306588211, 30.113305951202868 ], [ 78.304000929591851, 30.110971423207232 ], [ 78.303413328592953, 30.106306147215953 ], [ 78.297058014604829, 30.109611568209772 ] ] } },
{ "type": "Feature", "properties": { "MED_DESCRI": "Without Median", "RTT_DESCRI": "Secondary Route", "F_CODE_DES": "Road", "ISO": "IND", "ISOCOUNTRY": "INDIA" }, "geometry": { "type": "LineString", "coordinates": [ [ 75.774749825320882, 29.859500875677412 ], [ 75.785362175301046, 29.900443945600863 ], [ 75.785583494300639, 29.901306163599251 ], [ 75.788307173295536, 29.911750870579716 ], [ 75.810691766253683, 29.94022183052649 ], [ 75.825607268225795, 29.95919421749101 ], [ 75.832778873212391, 29.96830552947398 ], [ 75.835357589207561, 29.971610950467799 ], [ 75.843086177193115, 29.981388109449519 ], [ 75.853858988172973, 30.000000073414718 ], [ 75.862220726157346, 30.014360482387865 ], [ 75.903610214079947, 30.049194316322733 ], [ 75.917579582053833, 30.068611231286432 ], [ 75.919609064050036, 30.072555472279056 ], [ 75.928169252034039, 30.089055928248207 ], [ 75.940918058010197, 30.101778085224417 ], [ 75.941139188009785, 30.101999215224005 ] ] } },
{ "type": "Feature", "properties": { "MED_DESCRI": "Without Median", "RTT_DESCRI": "Secondary Route", "F_CODE_DES": "Road", "ISO": "IND", "ISOCOUNTRY": "INDIA" }, "geometry": { "type": "LineString", "coordinates": [ [ 74.018943797603782, 29.84247216470925 ], [ 74.019081200603523, 29.846055982702552 ], [ 73.972389128690835, 29.919694918564865 ], [ 73.951057454730716, 29.953277572502074 ], [ 73.949470610733684, 29.955749503497451 ], [ 73.935584969759645, 29.980417216451329 ], [ 73.960388195713264, 30.000000073414718 ], [ 73.964553755705481, 30.00327676640859 ], [ 73.980308606676019, 30.019361422378516 ], [ 73.994331272649802, 30.033695182351714 ], [ 74.012413091615997, 30.048805165323465 ], [ 74.018249600605088, 30.05369383931432 ], [ 74.075363132498296, 30.087694183250754 ], [ 74.084335340481516, 30.094472857238081 ] ] } },
{ "type": "Feature", "properties": { "MED_DESCRI": "Without Median", "RTT_DESCRI": "Secondary Route", "F_CODE_DES": "Road", "ISO": "IND", "ISOCOUNTRY": "INDIA" }, "geometry": { "type": "LineString", "coordinates": [ [ 79.242446974837208, 29.766971578850416 ], [ 79.233947833853094, 29.768917144846782 ], [ 79.232276884856219, 29.77036091584408 ], [ 79.227081274865938, 29.774888977835616 ], [ 79.221191467876949, 29.800611499787522 ], [ 79.212417520893354, 29.819610535751998 ], [ 79.208389363900878, 29.838750754716209 ], [ 79.205497663906286, 29.844638860705203 ], [ 79.191085846933234, 29.854694416686399 ], [ 79.183807456946838, 29.864084314668844 ], [ 79.176750196960043, 29.868667564660271 ], [ 79.17411043396497, 29.869278034659132 ], [ 79.155471820999821, 29.873666803650927 ], [ 79.133636462040656, 29.884138159631348 ], [ 79.121414210063506, 29.892444520615818 ], [ 79.127220101052643, 29.903667529594834 ], [ 79.126052837054829, 29.911888084579466 ], [ 79.121108975064075, 29.921361898561749 ], [ 79.120307993065566, 29.927528401550219 ], [ 79.126861568053314, 29.93972211452742 ], [ 79.129859864047717, 29.948999368510073 ], [ 79.136253356035752, 29.952888421502806 ], [ 79.144195514020907, 29.951555215505294 ], [ 79.146331781016912, 29.951194792505973 ], [ 79.154136725002317, 29.953750639501195 ], [ 79.164413410983101, 29.965139401479895 ], [ 79.160247850990899, 29.969804677471174 ], [ 79.152389609005581, 29.974138258463071 ], [ 79.137359573033692, 29.976999340457724 ], [ 79.135108961037901, 29.977417030456941 ], [ 79.099334663104784, 29.987638528437827 ], [ 79.092414806117716, 29.994527767424948 ], [ 79.090858391120634, 30.000000073414718 ], [ 79.087997498125986, 30.009971524396072 ], [ 79.08300014913533, 30.015306427386101 ], [ 79.083084065135168, 30.019443448378361 ], [ 79.087524431126866, 30.021223072375037 ], [ 79.090057409122124, 30.022222504373168 ], [ 79.10758205608937, 30.025138774367711 ], [ 79.115333513074873, 30.034360840350473 ], [ 79.14119721802652, 30.045610498329438 ], [ 79.1428069310235, 30.047805733325333 ], [ 79.145637584018218, 30.051721624318013 ], [ 79.146362399016851, 30.059110579304196 ], [ 79.14397438402132, 30.070972408282017 ], [ 79.143836981021579, 30.090694369245142 ], [ 79.14886475901217, 30.096166675234912 ], [ 79.156501681997895, 30.096666391233974 ], [ 79.164863608982259, 30.092582668241612 ], [ 79.168281484975878, 30.093944602239063 ], [ 79.169250487974054, 30.09433356423834 ], [ 79.171142566970516, 30.10519407121803 ], [ 79.178192077957348, 30.117610993194816 ], [ 79.178832976956144, 30.132555034166877 ], [ 79.181472739951204, 30.144138277145217 ], [ 79.189781179935679, 30.164611891106937 ], [ 79.194999658925923, 30.171693721093696 ], [ 79.199363668917755, 30.174139003089124 ], [ 79.211135911895752, 30.174528154088392 ], [ 79.214141767890126, 30.174638719088186 ], [ 79.221580429876212, 30.179277346079516 ], [ 79.224441511870864, 30.186027481066894 ], [ 79.227500854865141, 30.188417386062426 ], [ 79.235778865849667, 30.190332334058844 ], [ 79.236892642847593, 30.190584271058377 ], [ 79.249137952824697, 30.200416618039988 ], [ 79.25096898482127, 30.205972651029604 ], [ 79.257057241809889, 30.211694626018904 ], [ 79.261474549801619, 30.224637912994702 ] ] } },
{ "type": "Feature", "properties": { "MED_DESCRI": "Without Median", "RTT_DESCRI": "Secondary Route", "F_CODE_DES": "Road", "ISO": "IND", "ISOCOUNTRY": "INDIA" }, "geometry": { "type": "LineString", "coordinates": [ [ 75.581001200683147, 29.68758382999885 ], [ 75.589775147666742, 29.694333964986235 ], [ 75.602195660643517, 29.703916642968316 ], [ 75.627891533595474, 29.718082381941826 ], [ 75.640419020572054, 29.721500446935437 ], [ 75.648109430557668, 29.728555627922248 ], [ 75.665412947525326, 29.758417060866414 ], [ 75.67441558450848, 29.777111050831458 ], [ 75.677612330502512, 29.783750620819049 ], [ 75.677780162502202, 29.78411104381837 ], [ 75.684219392490164, 29.802444421784095 ], [ 75.691581698476398, 29.835027643723173 ], [ 75.694419911471087, 29.84749975369985 ], [ 75.695472641469109, 29.853777010688113 ], [ 75.703361501454367, 29.900362108601016 ], [ 75.709136963443569, 29.934360562537442 ], [ 75.709526114442838, 29.957527237494133 ], [ 75.700752167459243, 29.955804880497354 ], [ 75.679801895498414, 29.943082723521137 ], [ 75.675781298505939, 29.946666730514437 ], [ 75.673469450510254, 29.958944359491483 ], [ 75.677024918503605, 29.971639678467746 ], [ 75.674804735507763, 29.979360517453308 ], [ 75.671890166513208, 29.989528717434297 ], [ 75.672447149512166, 29.994693709424638 ], [ 75.673027001511088, 30.000000073414718 ], [ 75.673362665510453, 30.003000259409106 ], [ 75.669113189518399, 30.017860384381322 ], [ 75.668746907519093, 30.027139717363973 ], [ 75.668525777519505, 30.032554567353849 ], [ 75.663223193529419, 30.047695168325539 ], [ 75.65730276854049, 30.055721242310533 ], [ 75.633613508584773, 30.072250426279631 ], [ 75.626556437597969, 30.075138157274232 ], [ 75.625610303599743, 30.075527119273502 ] ] } },
{ "type": "Feature", "properties": { "MED_DESCRI": "Without Median", "RTT_DESCRI": "Secondary Route", "F_CODE_DES": "Road", "ISO": "IND", "ISOCOUNTRY": "INDIA" }, "geometry": { "type": "LineString", "coordinates": [ [ 77.827744744482331, 35.501281464128759 ], [ 77.82774039748233, 35.501277495128768 ] ] } },
{ "type": "Feature", "properties": { "MED_DESCRI": "Without Median", "RTT_DESCRI": "Secondary Route", "F_CODE_DES": "Road", "ISO": "IND", "ISOCOUNTRY": "INDIA" }, "geometry": { "type": "LineString", "coordinates": [ [ 77.823732841489829, 35.500991916129301 ], [ 77.823734353489826, 35.500990782129307 ] ] } },
{ "type": "Feature", "properties": { "MED_DESCRI": "Without Median", "RTT_DESCRI": "Secondary Route", "F_CODE_DES": "Road", "ISO": "IND", "ISOCOUNTRY": "INDIA" }, "geometry": { "type": "LineString", "coordinates": [ [ 77.248120868566076, 35.115828816849458 ], [ 77.24811954556607, 35.115830517849453 ] ] } },
{ "type": "Feature", "properties": { "MED_DESCRI": "Without Median", "RTT_DESCRI": "Secondary Route", "F_CODE_DES": "Road", "ISO": "IND", "ISOCOUNTRY": "INDIA" }, "geometry": { "type": "LineString", "coordinates": [ [ 76.954667940114746, 34.939778908178624 ], [ 76.95467134211475, 34.939781743178621 ] ] } },
{ "type": "Feature", "properties": { "MED_DESCRI": "Without Median", "RTT_DESCRI": "Secondary Route", "F_CODE_DES": "Road", "ISO": "IND", "ISOCOUNTRY": "INDIA" }, "geometry": { "type": "LineString", "coordinates": [ [ 76.759109829480394, 34.931367841194351 ], [ 76.759125894480363, 34.931371621194344 ] ] } },
{ "type": "Feature", "properties": { "MED_DESCRI": "Without Median", "RTT_DESCRI": "Secondary Route", "F_CODE_DES": "Road", "ISO": "IND", "ISOCOUNTRY": "INDIA" }, "geometry": { "type": "LineString", "coordinates": [ [ 76.13402540564914, 34.643111845733316 ], [ 76.134025027649145, 34.643110144733313 ] ] } },
{ "type": "Feature", "properties": { "MED_DESCRI": "Without Median", "RTT_DESCRI": "Secondary Route", "F_CODE_DES": "Road", "ISO": "IND", "ISOCOUNTRY": "INDIA" }, "geometry": { "type": "LineString", "coordinates": [ [ 75.899646128087369, 34.596942547819637 ], [ 75.89965690108734, 34.596942169819641 ] ] } },
{ "type": "Feature", "properties": { "MED_DESCRI": "Without Median", "RTT_DESCRI": "Secondary Route", "F_CODE_DES": "Road", "ISO": "IND", "ISOCOUNTRY": "INDIA" }, "geometry": { "type": "MultiLineString", "coordinates": [ [ [ 73.96848438869813, 34.699068130628689 ], [ 73.968487412698124, 34.69907266662868 ] ], [ [ 73.927384259774982, 34.645682245728509 ], [ 73.927385015774973, 34.645683568728508 ] ], [ [ 73.80055051801213, 34.43626514312006 ], [ 73.800550707012121, 34.43626646612006 ] ] ] } },
{ "type": "Feature", "properties": { "MED_DESCRI": "Without Median", "RTT_DESCRI": "Secondary Route", "F_CODE_DES": "Road", "ISO": "IND", "ISOCOUNTRY": "INDIA" }, "geometry": { "type": "LineString", "coordinates": [ [ 74.169555062322189, 33.839690613235497 ], [ 74.169555629322176, 33.839694960235491 ] ] } },
{ "type": "Feature", "properties": { "MED_DESCRI": "Without Median", "RTT_DESCRI": "Secondary Route", "F_CODE_DES": "Road", "ISO": "IND", "ISOCOUNTRY": "INDIA" }, "geometry": { "type": "LineString", "coordinates": [ [ 73.961525219711149, 33.713049273472286 ], [ 73.961525219711149, 33.713048139472292 ] ] } },
{ "type": "Feature", "properties": { "MED_DESCRI": "Without Median", "RTT_DESCRI": "Secondary Route", "F_CODE_DES": "Road", "ISO": "IND", "ISOCOUNTRY": "INDIA" }, "geometry": { "type": "LineString", "coordinates": [ [ 78.7642535397313, 33.561500757755645 ], [ 78.764258831731283, 33.561501135755641 ] ] } },
{ "type": "Feature", "properties": { "MED_DESCRI": "Without Median", "RTT_DESCRI": "Secondary Route", "F_CODE_DES": "Road", "ISO": "IND", "ISOCOUNTRY": "INDIA" }, "geometry": { "type": "LineString", "coordinates": [ [ 74.170417847320564, 33.112834981594531 ], [ 74.170417469320569, 33.112826665594547 ] ] } },
{ "type": "Feature", "properties": { "MED_DESCRI": "Without Median", "RTT_DESCRI": "Secondary Route", "F_CODE_DES": "Road", "ISO": "IND", "ISOCOUNTRY": "INDIA" }, "geometry": { "type": "LineString", "coordinates": [ [ 74.427856825839228, 32.8687541450509 ], [ 74.427860227839219, 32.868752822050901 ] ] } },
{ "type": "Feature", "properties": { "MED_DESCRI": "Without Median", "RTT_DESCRI": "Secondary Route", "F_CODE_DES": "Road", "ISO": "IND", "ISOCOUNTRY": "INDIA" }, "geometry": { "type": "MultiLineString", "coordinates": [ [ [ 74.460757567777705, 32.793861005190927 ], [ 74.460758701777706, 32.793861005190927 ] ], [ [ 74.482525264737006, 32.771119580233446 ], [ 74.482526587737013, 32.771115989233458 ] ] ] } },
{ "type": "Feature", "properties": { "MED_DESCRI": "Without Median", "RTT_DESCRI": "Secondary Route", "F_CODE_DES": "Road", "ISO": "IND", "ISOCOUNTRY": "INDIA" }, "geometry": { "type": "LineString", "coordinates": [ [ 74.696217925337464, 32.839635293105339 ], [ 74.696220382337458, 32.839637750105339 ], [ 74.69622208333746, 32.839639451105334 ] ] } },
{ "type": "Feature", "properties": { "MED_DESCRI": "Without Median", "RTT_DESCRI": "Secondary Route", "F_CODE_DES": "Road", "ISO": "IND", "ISOCOUNTRY": "INDIA" }, "geometry": { "type": "LineString", "coordinates": [ [ 74.650467073423002, 32.627393396502178 ], [ 74.650473121422991, 32.627389049502185 ] ] } },
{ "type": "Feature", "properties": { "MED_DESCRI": "Without Median", "RTT_DESCRI": "Secondary Route", "F_CODE_DES": "Road", "ISO": "IND", "ISOCOUNTRY": "INDIA" }, "geometry": { "type": "LineString", "coordinates": [ [ 79.552861141256813, 32.61917057351755 ], [ 79.552864354256798, 32.61916717151756 ] ] } },
{ "type": "Feature", "properties": { "MED_DESCRI": "Without Median", "RTT_DESCRI": "Secondary Route", "F_CODE_DES": "Road", "ISO": "IND", "ISOCOUNTRY": "INDIA" }, "geometry": { "type": "LineString", "coordinates": [ [ 75.0504742326751, 32.486448725765712 ], [ 75.050476122675093, 32.486450804765703 ] ] } },
{ "type": "Feature", "properties": { "MED_DESCRI": "Without Median", "RTT_DESCRI": "Secondary Route", "F_CODE_DES": "Road", "ISO": "IND", "ISOCOUNTRY": "INDIA" }, "geometry": { "type": "LineString", "coordinates": [ [ 75.282195792241836, 32.365197287992416 ], [ 75.282195981241841, 32.365196153992422 ], [ 75.282198816241831, 32.365183679992441 ] ] } },
{ "type": "Feature", "properties": { "MED_DESCRI": "Without Median", "RTT_DESCRI": "Secondary Route", "F_CODE_DES": "Road", "ISO": "IND", "ISOCOUNTRY": "INDIA" }, "geometry": { "type": "LineString", "coordinates": [ [ 75.357535539100965, 32.254088535200161 ], [ 75.35900123409823, 32.254165647200018 ], [ 75.366279624084626, 32.254554798199287 ], [ 75.370025604077611, 32.255722062197108 ], [ 75.380162430058661, 32.258860785191239 ] ] } },
{ "type": "Feature", "properties": { "MED_DESCRI": "Without Median", "RTT_DESCRI": "Secondary Route", "F_CODE_DES": "Road", "ISO": "IND", "ISOCOUNTRY": "INDIA" }, "geometry": { "type": "LineString", "coordinates": [ [ 75.297466992213288, 32.171305212354945 ], [ 75.302444496203975, 32.16947172335837 ], [ 75.314857449180764, 32.161304466373643 ], [ 75.314876349180736, 32.161292181373668 ] ] } },
{ "type": "Feature", "properties": { "MED_DESCRI": "Without Median", "RTT_DESCRI": "Secondary Route", "F_CODE_DES": "Road", "ISO": "IND", "ISOCOUNTRY": "INDIA" }, "geometry": { "type": "LineString", "coordinates": [ [ 75.021626406729027, 32.048772921584046 ], [ 75.024360669723919, 32.039554635601284 ], [ 75.024475014723706, 32.039333316601699 ], [ 75.024478605723701, 32.039327079601712 ] ] } },
{ "type": "Feature", "properties": { "MED_DESCRI": "Without Median", "RTT_DESCRI": "Secondary Route", "F_CODE_DES": "Road", "ISO": "IND", "ISOCOUNTRY": "INDIA" }, "geometry": { "type": "LineString", "coordinates": [ [ 74.984398320798633, 32.042964951594904 ], [ 74.995864950777204, 32.030056062619046 ], [ 74.995867974777198, 32.030052282619053 ] ] } },
{ "type": "Feature", "properties": { "MED_DESCRI": "Without Median", "RTT_DESCRI": "Secondary Route", "F_CODE_DES": "Road", "ISO": "IND", "ISOCOUNTRY": "INDIA" }, "geometry": { "type": "LineString", "coordinates": [ [ 74.747111467242306, 31.936768308793468 ], [ 74.747108443242311, 31.936777191793453 ], [ 74.74553898724524, 31.941479889784659 ] ] } },
{ "type": "Feature", "properties": { "MED_DESCRI": "Without Median", "RTT_DESCRI": "Secondary Route", "F_CODE_DES": "Road", "ISO": "IND", "ISOCOUNTRY": "INDIA" }, "geometry": { "type": "LineString", "coordinates": [ [ 78.698955551853388, 31.822637257006861 ], [ 78.69896783685337, 31.82264387200685 ] ] } },
{ "type": "Feature", "properties": { "MED_DESCRI": "Without Median", "RTT_DESCRI": "Secondary Route", "F_CODE_DES": "Road", "ISO": "IND", "ISOCOUNTRY": "INDIA" }, "geometry": { "type": "LineString", "coordinates": [ [ 74.567361694578395, 31.600500832422199 ], [ 74.576057395562131, 31.604194648415294 ], [ 74.586838333541976, 31.605331105413171 ] ] } },
{ "type": "Feature", "properties": { "MED_DESCRI": "Without Median", "RTT_DESCRI": "Secondary Route", "F_CODE_DES": "Road", "ISO": "IND", "ISOCOUNTRY": "INDIA" }, "geometry": { "type": "LineString", "coordinates": [ [ 74.589908449536239, 31.416538249766162 ], [ 74.604026749509828, 31.406333950785239 ], [ 74.604031096509829, 31.406330737785247 ] ] } },
{ "type": "Feature", "properties": { "MED_DESCRI": "Without Median", "RTT_DESCRI": "Secondary Route", "F_CODE_DES": "Road", "ISO": "IND", "ISOCOUNTRY": "INDIA" }, "geometry": { "type": "LineString", "coordinates": [ [ 74.512554907680865, 31.133442710295476 ], [ 74.541084268627515, 31.142805014277968 ], [ 74.541094852627495, 31.142808416277965 ] ] } },
{ "type": "Feature", "properties": { "MED_DESCRI": "Without Median", "RTT_DESCRI": "Secondary Route", "F_CODE_DES": "Road", "ISO": "IND", "ISOCOUNTRY": "INDIA" }, "geometry": { "type": "LineString", "coordinates": [ [ 74.536477960636134, 31.021709879504385 ], [ 74.544495151621149, 31.01006596752616 ] ] } },
{ "type": "Feature", "properties": { "MED_DESCRI": "Without Median", "RTT_DESCRI": "Secondary Route", "F_CODE_DES": "Road", "ISO": "IND", "ISOCOUNTRY": "INDIA" }, "geometry": { "type": "LineString", "coordinates": [ [ 74.537598163634044, 30.998716139547376 ], [ 74.544860866620454, 30.992221910559522 ], [ 74.545638979619, 30.990528092562691 ], [ 74.54565334361898, 30.990496529562748 ] ] } },
{ "type": "Feature", "properties": { "MED_DESCRI": "Without Median", "RTT_DESCRI": "Secondary Route", "F_CODE_DES": "Road", "ISO": "IND", "ISOCOUNTRY": "INDIA" }, "geometry": { "type": "LineString", "coordinates": [ [ 73.961975795710302, 30.487906218502459 ], [ 73.967613287699763, 30.485250390507424 ], [ 73.970443751694475, 30.483528222510643 ], [ 73.970459438694434, 30.483518583510666 ] ] } },
{ "type": "Feature", "properties": { "MED_DESCRI": "Without Median", "RTT_DESCRI": "Secondary Route", "F_CODE_DES": "Road", "ISO": "IND", "ISOCOUNTRY": "INDIA" }, "geometry": { "type": "LineString", "coordinates": [ [ 80.589243395319045, 30.484534458508762 ], [ 80.589243962319046, 30.484529544508774 ] ] } },
{ "type": "Feature", "properties": { "MED_DESCRI": "Without Median", "RTT_DESCRI": "Secondary Route", "F_CODE_DES": "Road", "ISO": "IND", "ISOCOUNTRY": "INDIA" }, "geometry": { "type": "LineString", "coordinates": [ [ 73.928075810773692, 30.308570922837774 ], [ 73.934082041762451, 30.31163971583203 ], [ 73.936583267757783, 30.314581311826529 ] ] } },
{ "type": "Feature", "properties": { "MED_DESCRI": "Without Median", "RTT_DESCRI": "Secondary Route", "F_CODE_DES": "Road", "ISO": "IND", "ISOCOUNTRY": null }, "geometry": { "type": "LineString", "coordinates": [ [ 73.776578273999988, 34.41484643965039 ], [ 73.77658658999998, 34.414851920650385 ] ] } },
{ "type": "Feature", "properties": { "MED_DESCRI": "Without Median", "RTT_DESCRI": "Secondary Route", "F_CODE_DES": "Road", "ISO": "IND", "ISOCOUNTRY": null }, "geometry": { "type": "LineString", "coordinates": [ [ 78.897191939999985, 34.387048508650388 ], [ 78.897192506999986, 34.387050020650385 ] ] } },
{ "type": "Feature", "properties": { "MED_DESCRI": "Without Median", "RTT_DESCRI": "Secondary Route", "F_CODE_DES": "Road", "ISO": "IND", "ISOCOUNTRY": null }, "geometry": { "type": "LineString", "coordinates": [ [ 73.904293133999985, 34.104170696650385 ], [ 73.904295401999988, 34.104170129650385 ] ] } },
{ "type": "Feature", "properties": { "MED_DESCRI": "Without Median", "RTT_DESCRI": "Secondary Route", "F_CODE_DES": "Road", "ISO": "IND", "ISOCOUNTRY": null }, "geometry": { "type": "MultiLineString", "coordinates": [ [ [ 74.085916085999983, 34.037627765650385 ], [ 74.085916463999979, 34.03763041165039 ] ], [ [ 74.081526938999986, 33.824117867650386 ], [ 74.081526749999981, 33.824119001650388 ] ] ] } },
{ "type": "Feature", "properties": { "MED_DESCRI": "Without Median", "RTT_DESCRI": "Secondary Route", "F_CODE_DES": "Road", "ISO": "IND", "ISOCOUNTRY": null }, "geometry": { "type": "LineString", "coordinates": [ [ 74.049696692999987, 33.26401844665039 ], [ 74.049696125999986, 33.264014288650387 ] ] } },
{ "type": "Feature", "properties": { "MED_DESCRI": "Without Median", "RTT_DESCRI": "Secondary Route", "F_CODE_DES": "Road", "ISO": "IND", "ISOCOUNTRY": null }, "geometry": { "type": "LineString", "coordinates": [ [ 74.652228692999984, 32.560588985650384 ], [ 74.652230016, 32.560589741650389 ] ] } },
{ "type": "Feature", "properties": { "MED_DESCRI": "Without Median", "RTT_DESCRI": "Secondary Route", "F_CODE_DES": "Road", "ISO": "IND", "ISOCOUNTRY": null }, "geometry": { "type": "LineString", "coordinates": [ [ 74.523891833999983, 31.761689387650385 ], [ 74.530502297999988, 31.754444072650386 ], [ 74.533947956999981, 31.750679192650388 ] ] } },
{ "type": "Feature", "properties": { "MED_DESCRI": "Without Median", "RTT_DESCRI": "Secondary Route", "F_CODE_DES": "Road", "ISO": "IND", "ISOCOUNTRY": null }, "geometry": { "type": "LineString", "coordinates": [ [ 73.884510314999986, 30.369440354650386 ], [ 73.871331911999988, 30.376610825650388 ] ] } },
{ "type": "Feature", "properties": { "MED_DESCRI": "Without Median", "RTT_DESCRI": "Secondary Route", "F_CODE_DES": "Road", "ISO": "IND", "ISOCOUNTRY": null }, "geometry": { "type": "LineString", "coordinates": [ [ 77.858744858999984, 35.469005090650384 ], [ 77.858749395, 35.469001688650387 ], [ 77.858751095999978, 35.469000554650385 ] ] } }
]
}
